{"type": "FeatureCollection", "features": [{"type": "Feature", "properties": {"key": "Esperanza (807803)", "barangay": "Esperanza", "pgc_prefix": "807803"}, "geometry": {"type": "Polygon", "coordinates": [[[124.57174163700007, 11.481795535000058], [124.57123235100006, 11.481345701000064], [124.5708420100001, 11.480357779000029], [124.57122064400006, 11.477164762000028], [124.57073131400011, 11.47670496400002], [124.57061965300011, 11.475292936000072], [124.57095977000006, 11.474718580000054], [124.57081088300002, 11.472640754000054], [124.56790995500013, 11.472871697000075], [124.56629501900012, 11.473345553000058], [124.56595236200009, 11.473171027000035], [124.56588507100003, 11.473447188000021], [124.56411920700008, 11.473910512000028], [124.562878124, 11.473811106000028], [124.56230107100008, 11.47403577400007], [124.56236096500004, 11.47459796000004], [124.56305366000004, 11.475150888000032], [124.56302997600005, 11.475672685000063], [124.56372268100006, 11.476246375000073], [124.56307779300006, 11.47711160500006], [124.56348418200004, 11.481171747000074], [124.5631687220001, 11.481850897000072], [124.56346414900008, 11.482375840000028], [124.56330829700006, 11.482940234000067], [124.57174163700007, 11.481795535000058]]]}}, {"type": "Feature", "properties": {"key": "Magbangon (807803)", "barangay": "Magbangon", "pgc_prefix": "807803"}, "geometry": {"type": "Polygon", "coordinates": [[[124.57640685300011, 11.473931355000047], [124.57662975400002, 11.472625368000022], [124.57449486200005, 11.472220337000065], [124.57451159900006, 11.471268784000076], [124.57435211400004, 11.472354207000022], [124.57299756800013, 11.472242290000052], [124.5725582880001, 11.472681005000027], [124.57179759600001, 11.472348211000053], [124.5707876560001, 11.472640322000075], [124.57095977000006, 11.474718580000054], [124.57061965300011, 11.475292936000072], [124.57073131400011, 11.47670496400002], [124.57122064400006, 11.477164762000028], [124.570874892, 11.480451097000069], [124.57211312700008, 11.482686560000046], [124.57341093100001, 11.48381009900004], [124.57408717900013, 11.484795706000057], [124.57516581300001, 11.485262230000048], [124.57544502600001, 11.485808676000033], [124.57590598000002, 11.486057981000046], [124.57640685300011, 11.473931355000047]]]}}, {"type": "Feature", "properties": {"key": "Libertad (807803)", "barangay": "Libertad", "pgc_prefix": "807803"}, "geometry": {"type": "Polygon", "coordinates": [[[124.58294621300003, 11.47877320600003], [124.58427460000009, 11.477525896000031], [124.58432300700008, 11.476961748000063], [124.58385656200007, 11.475791021000077], [124.584164503, 11.475464918000057], [124.58361282900012, 11.47548218500003], [124.58355371500011, 11.475036547000059], [124.58266838000009, 11.474806775000049], [124.58274536700003, 11.474402106000069], [124.5823954320001, 11.474175763000058], [124.58162514800006, 11.474358119000042], [124.58128561500007, 11.473787333000073], [124.58057699400003, 11.47391400400005], [124.57932249100008, 11.473551956000053], [124.5787998720001, 11.472878623000042], [124.5765449810001, 11.47259993800003], [124.57628431800002, 11.474755466000031], [124.57587350600012, 11.487076423000074], [124.57617655800006, 11.488687396000044], [124.57678281700011, 11.48949421900005], [124.58294621300003, 11.47877320600003]]]}}, {"type": "Feature", "properties": {"key": "Looc (807803)", "barangay": "Looc", "pgc_prefix": "807803"}, "geometry": {"type": "Polygon", "coordinates": [[[124.54964367200012, 11.50532274000005], [124.55247200500003, 11.503674876000042], [124.55306578800003, 11.502415514000063], [124.55487083600008, 11.500338195000039], [124.5551405430001, 11.498827892000065], [124.55712602100006, 11.497187072000031], [124.55795522300004, 11.495073767000065], [124.56312119300004, 11.48919671900006], [124.56337767000004, 11.487915634000045], [124.56388319900007, 11.486928825000065], [124.56387012800008, 11.486150757000075], [124.56354191400008, 11.485545787000033], [124.56386997200002, 11.485037095000052], [124.56309017, 11.483619251000052], [124.56346834400006, 11.482449743000075], [124.5631687220001, 11.481850897000072], [124.56348418200004, 11.481171747000074], [124.56307779300006, 11.47711160500006], [124.56372268100006, 11.476246375000073], [124.56310194300009, 11.475783803000072], [124.56305366000004, 11.475150888000032], [124.56236096500004, 11.47459796000004], [124.56230107100008, 11.47403577400007], [124.56261565600006, 11.473858504000077], [124.56231905400011, 11.473791226000058], [124.56243627800008, 11.473647624000023], [124.56116964900002, 11.474033475000054], [124.55598019000003, 11.477034604000036], [124.55624656700003, 11.477383352000057], [124.55521209600012, 11.477701801000022], [124.555157236, 11.47831660500003], [124.55359909400012, 11.478211714000052], [124.55212784300012, 11.477618331000029], [124.55053663100011, 11.475913681000064], [124.5498703720001, 11.474668097000059], [124.54997750100006, 11.474308531000078], [124.55054109200013, 11.474125423000032], [124.55029926300007, 11.473282289000053], [124.548772889, 11.472266766000077], [124.54782834600007, 11.471999065000032], [124.54731952400005, 11.472116881000032], [124.5459107710001, 11.472788513000067], [124.54565812800001, 11.473320846000036], [124.54670381500011, 11.474126730000023], [124.54701282900011, 11.475389868000033], [124.54764322000007, 11.47589341400004], [124.547756004, 11.476806787000045], [124.54736279800012, 11.476939069000021], [124.54724910200004, 11.477262909000045], [124.54643158500005, 11.477501043000075], [124.54602525600002, 11.478148804000057], [124.54557478200002, 11.478332440000031], [124.54534308200004, 11.478028263000056], [124.54491862700002, 11.478388139000062], [124.54510848600012, 11.477020342000058], [124.544574171, 11.47692342700003], [124.5440834210001, 11.477146929000067], [124.54320775200007, 11.476771366000035], [124.54275652500009, 11.476938963000064], [124.542442015, 11.476625988000022], [124.54210751900007, 11.477274015000033], [124.54097952600013, 11.477585488000042], [124.53955601100004, 11.479311851000036], [124.53826905700008, 11.480120932000034], [124.53860448700003, 11.481400637000036], [124.54076741300003, 11.508571418000031], [124.54964367200012, 11.50532274000005]]]}}, {"type": "Feature", "properties": {"key": "Bunga (807803)", "barangay": "Bunga", "pgc_prefix": "807803"}, "geometry": {"type": "Polygon", "coordinates": [[[124.57465052300006, 11.528114985000055], [124.5937796810001, 11.485509451000043], [124.59449363400006, 11.485099179000029], [124.5929135890001, 11.48353430700007], [124.59156027400002, 11.481506352000055], [124.59138650400008, 11.481538791000048], [124.5908861260001, 11.480160692000029], [124.5894985120001, 11.47883402200006], [124.58884377900007, 11.479068720000043], [124.58834009500002, 11.47904625800004], [124.58817194900007, 11.47871919900007], [124.58797428100002, 11.478830931000058], [124.58727472800001, 11.478194331000052], [124.58698505700012, 11.477383307000023], [124.58610630800001, 11.477240692000066], [124.58579451700008, 11.475941757000045], [124.58513675300003, 11.475616168000045], [124.58477767300008, 11.475803630000032], [124.58426421900005, 11.475333333000037], [124.58385656200007, 11.475791021000077], [124.58432300700008, 11.476961748000063], [124.58427460000009, 11.477525896000031], [124.58294621300003, 11.47877320600003], [124.57675129100005, 11.489569583000044], [124.5762261970001, 11.489986504000056], [124.57655975100009, 11.49082114600003], [124.57625444100007, 11.491609848000053], [124.57663454900013, 11.492285708000054], [124.57620158800012, 11.493666129000076], [124.57598300200004, 11.49411959800005], [124.57544969600008, 11.494412277000038], [124.57525694700006, 11.495799422000058], [124.57452491400011, 11.496354242000054], [124.57386722000003, 11.49745143600006], [124.57303281600002, 11.497966104000056], [124.57285900600004, 11.499133247000032], [124.57219709600008, 11.49964796100005], [124.57259536200002, 11.50088162700007], [124.572413804, 11.501592540000047], [124.57153176600002, 11.502643816000043], [124.56994906200009, 11.502934270000022], [124.56900247200008, 11.502740748000065], [124.56763037000009, 11.503854898000043], [124.5675690180001, 11.505693779000067], [124.56821623100008, 11.507324329000026], [124.56803430700006, 11.508817853000041], [124.56762788200002, 11.509703247000058], [124.56784387400012, 11.511572701000034], [124.56743650300007, 11.512915895000049], [124.56604894300004, 11.513843017000056], [124.56575033500006, 11.515149536000022], [124.56443264200006, 11.517013317000021], [124.56417511000008, 11.518378644000054], [124.56476167600012, 11.519218303000057], [124.57465052300006, 11.528114985000055]]]}}, {"type": "Feature", "properties": {"key": "Casiawan (807803)", "barangay": "Casiawan", "pgc_prefix": "807803"}, "geometry": {"type": "Polygon", "coordinates": [[[124.56495075700002, 11.519383683000058], [124.56417511000008, 11.518378644000054], [124.56443264200006, 11.517013317000021], [124.56575033500006, 11.515149536000022], [124.56614208400002, 11.513676323000027], [124.56743650300007, 11.512915895000049], [124.56787777700004, 11.511401065000028], [124.56762788200002, 11.509703247000058], [124.56803430700006, 11.508817853000041], [124.56821623100008, 11.507324329000026], [124.5675690180001, 11.505693779000067], [124.56763037000009, 11.503854898000043], [124.56900247200008, 11.502740748000065], [124.56994906200009, 11.502934270000022], [124.57119434700007, 11.502754919000036], [124.57188696300011, 11.502379998000036], [124.57258307300003, 11.501035432000036], [124.57219709600008, 11.49964796100005], [124.57285900600004, 11.499133247000032], [124.57303281600002, 11.497966104000056], [124.57386722000003, 11.49745143600006], [124.57452491400011, 11.496354242000054], [124.57525694700006, 11.495799422000058], [124.57544969600008, 11.494412277000038], [124.57605789000003, 11.494004381000025], [124.57663454900013, 11.492285708000054], [124.57625444100007, 11.491609848000053], [124.57655975100009, 11.49082114600003], [124.57622077600003, 11.490076159000067], [124.5767823330001, 11.489406150000038], [124.57617655800006, 11.488687396000044], [124.57590598000002, 11.486057981000046], [124.57544502600001, 11.485808676000033], [124.57516581300001, 11.485262230000048], [124.57408717900013, 11.484795706000057], [124.57341093100001, 11.48381009900004], [124.57189885600008, 11.482447715000031], [124.57177768100009, 11.48188673900006], [124.56330829700006, 11.482940234000067], [124.56310071500002, 11.483546306000049], [124.56386997200002, 11.485037095000052], [124.56354191400008, 11.485545787000033], [124.56387012800008, 11.486150757000075], [124.56386782800007, 11.487044498000044], [124.56335059100002, 11.48813441200002], [124.5644590910001, 11.503033703000028], [124.56097943200008, 11.503259004000027], [124.5611715350001, 11.511556347000068], [124.56150376900005, 11.51399031900007], [124.56043484900012, 11.515149642000038], [124.56030352800008, 11.531221439000031], [124.57465052300006, 11.528114985000055], [124.56495075700002, 11.519383683000058]]]}}, {"type": "Feature", "properties": {"key": "Baso (807803)", "barangay": "Baso", "pgc_prefix": "807803"}, "geometry": {"type": "Polygon", "coordinates": [[[124.59460440500006, 11.501386497000054], [124.60076557600006, 11.490256540000075], [124.60037512800012, 11.489352019000021], [124.59948892100012, 11.48887227500006], [124.59909254600008, 11.488367631000074], [124.59809990800012, 11.487991524000048], [124.59789921800008, 11.487675566000064], [124.5974151280001, 11.487627617000044], [124.59674895300009, 11.486807529000032], [124.59541126900002, 11.486582033000047], [124.59440753700005, 11.485053901000072], [124.5937796810001, 11.485509451000043], [124.5935034580001, 11.48633455600003], [124.59291215400003, 11.486877003000076], [124.57465052300006, 11.528114985000055], [124.58199143100002, 11.526379588000053], [124.59460440500006, 11.501386497000054]]]}}, {"type": "Feature", "properties": {"key": "Balaquid (807803)", "barangay": "Balaquid", "pgc_prefix": "807803"}, "geometry": {"type": "Polygon", "coordinates": [[[124.54301165500011, 11.535922800000035], [124.53860448700003, 11.481400637000036], [124.53824234200012, 11.480191039000031], [124.53955601100004, 11.479311851000036], [124.54097952600013, 11.477585488000042], [124.54210751900007, 11.477274015000033], [124.54235688300004, 11.476715995000065], [124.54172282700007, 11.476533397000024], [124.54104932000007, 11.475511912000059], [124.53970268000013, 11.474573427000053], [124.53660555100011, 11.473470204000021], [124.53642998500004, 11.473737857000058], [124.53586741400011, 11.47359129400007], [124.53504809000003, 11.473804785000025], [124.53507410300006, 11.474101113000074], [124.53464167800009, 11.474107490000048], [124.53402330600012, 11.47462843300002], [124.5320644190001, 11.474603023000045], [124.5305416760001, 11.475474443000051], [124.53053541700002, 11.475878021000026], [124.53010947300004, 11.476357779000068], [124.52934393900011, 11.476576010000027], [124.52844230300003, 11.47643471300006], [124.52737428000012, 11.476952535000065], [124.52597910000009, 11.476441346000055], [124.52550089100009, 11.47646836800004], [124.52464848700004, 11.476965160000079], [124.52364587500006, 11.476497351000036], [124.5224446210001, 11.47650229900006], [124.52218736300006, 11.476714785000071], [124.52199000500003, 11.476398312000072], [124.52163804600004, 11.47641739300008], [124.52184884600001, 11.47618881900007], [124.52170307300003, 11.476052561000072], [124.52104742000006, 11.476281707000052], [124.52071208600012, 11.47589950400004], [124.52072328700002, 11.475400611000055], [124.52046987400003, 11.475431385000032], [124.52043624200007, 11.475710503000073], [124.5198850270001, 11.475642049000044], [124.51957330300003, 11.47551898100005], [124.51970336600004, 11.475169533000042], [124.518516438, 11.47501298700007], [124.5170987690001, 11.474371258000074], [124.51680336200002, 11.475243085000042], [124.51752033700008, 11.475584351000068], [124.51771705200008, 11.477014682000059], [124.51919074700005, 11.479748465000057], [124.51901937000004, 11.480934817000048], [124.52004622900006, 11.481422401000033], [124.5196116300001, 11.482477222000057], [124.51984030000007, 11.483279121000066], [124.51922783100007, 11.483837199000048], [124.52007945200012, 11.484462226000058], [124.52008986200008, 11.48493574500003], [124.51971290800009, 11.485507292000024], [124.51988364200008, 11.486242751000075], [124.52094355700001, 11.486879163000028], [124.52098865900007, 11.487899867000063], [124.52235446600002, 11.489090257000042], [124.52087516300003, 11.491179864000058], [124.52064426500009, 11.49264872900005], [124.51952634400004, 11.493542687000058], [124.5189315130001, 11.494539286000075], [124.51901787700001, 11.494863223000038], [124.51961204500002, 11.495077098000024], [124.5191952790001, 11.496153255000026], [124.51984024100011, 11.496725716000071], [124.51989692200004, 11.497593868000024], [124.52053007600011, 11.499541332000035], [124.51976883500004, 11.50880224700006], [124.51989389500012, 11.518799490000045], [124.51966950300005, 11.541355589000032], [124.54301165500011, 11.535922800000035]]]}}, {"type": "Feature", "properties": {"key": "Villa Enage (807802)", "barangay": "Villa Enage", "pgc_prefix": "807802"}, "geometry": {"type": "Polygon", "coordinates": [[[124.50189099100008, 11.47485957300006], [124.50161276000006, 11.473863146000044], [124.50229496100008, 11.473329561000071], [124.5018977000001, 11.472379129000046], [124.50053511700003, 11.471978433000059], [124.49964221200003, 11.472345319000055], [124.4989958650001, 11.471268638000023], [124.49742198500007, 11.470299672000063], [124.49570763000008, 11.470668371000047], [124.49421119500003, 11.469977045000064], [124.49313622500007, 11.46969483300006], [124.49251155400007, 11.469806907000077], [124.49266189300012, 11.469491468000056], [124.49200453800006, 11.46948468800002], [124.49215275200005, 11.468625535000058], [124.49112961900003, 11.469178645000058], [124.49096444900012, 11.469074884000065], [124.49069552800006, 11.46945465700003], [124.49039060200005, 11.469307318000064], [124.48998403900009, 11.469566728000071], [124.49031860600007, 11.469222233000039], [124.49002638600007, 11.469269967000058], [124.49007550600005, 11.468940409000027], [124.48980022800004, 11.468793070000057], [124.49027455200007, 11.468656099000041], [124.49113217700004, 11.467756558000076], [124.49042055200005, 11.467298721000075], [124.49079663900011, 11.466824517000074], [124.48965297400002, 11.467210355000077], [124.48963238400006, 11.466647181000042], [124.4889967690001, 11.466623475000059], [124.48892177200004, 11.465523241000026], [124.4901227690001, 11.464762113000061], [124.48959299700003, 11.464496506000044], [124.4892553420001, 11.464583340000047], [124.48934727400001, 11.46443262200006], [124.48910489900005, 11.46457679200006], [124.48887619800006, 11.463983682000048], [124.48783084400009, 11.464193395000054], [124.48821659700002, 11.46402629000005], [124.48809623900003, 11.463803495000034], [124.48833799400006, 11.463617889000032], [124.48851852600002, 11.46375713300006], [124.48858370700009, 11.46333119600007], [124.48696871800009, 11.46291366200006], [124.4866996080001, 11.463527997000028], [124.48629203100006, 11.463725940000073], [124.48612781200006, 11.464454778000059], [124.48573948100011, 11.463834611000038], [124.4856833680001, 11.46405459500005], [124.48498919900011, 11.463991459000056], [124.48495386800005, 11.46419922100006], [124.48403356500013, 11.463637050000044], [124.483763382, 11.463846851000026], [124.48348072700003, 11.463675755000056], [124.48216753400006, 11.46380619900003], [124.48697406400005, 11.47612001400006], [124.50189099100008, 11.47485957300006]]]}}, {"type": "Feature", "properties": {"key": "San Roque (807802)", "barangay": "San Roque", "pgc_prefix": "807802"}, "geometry": {"type": "Polygon", "coordinates": [[[124.48697406400005, 11.47612001400006], [124.48211662700011, 11.46381980600006], [124.48149879400012, 11.463813005000079], [124.48142307600006, 11.46307052800006], [124.48089317200004, 11.463530895000076], [124.48096721900005, 11.463163508000035], [124.48033933000012, 11.462739701000032], [124.47930842400001, 11.463011312000047], [124.47844764800004, 11.46385791800003], [124.47810687800006, 11.46461240900004], [124.47840043500004, 11.464509802000066], [124.47805486000003, 11.465267593000021], [124.47789473900004, 11.465086523000025], [124.47774769900003, 11.465279495000058], [124.47781997200002, 11.465570470000044], [124.47666190700009, 11.466112241000076], [124.47627901000011, 11.465708909000055], [124.47632273600006, 11.466024401000023], [124.47605247800004, 11.465817974000059], [124.4761578040001, 11.466094514000075], [124.47589693100008, 11.465940669000078], [124.47572604400011, 11.466244482000038], [124.47539220200007, 11.466164644000058], [124.47516110900007, 11.465488468000045], [124.47430415200007, 11.465503344000066], [124.47510202300008, 11.474117682000042], [124.47886363300007, 11.482525975000042], [124.48929446000011, 11.482637877000057], [124.48697406400005, 11.47612001400006]]]}}, {"type": "Feature", "properties": {"key": "San Isidro (807802)", "barangay": "San Isidro", "pgc_prefix": "807802"}, "geometry": {"type": "Polygon", "coordinates": [[[124.47510202300008, 11.474117682000042], [124.4742946770001, 11.46552671400008], [124.473562, 11.465460513000039], [124.47329512400005, 11.46331153200003], [124.47417741000004, 11.463362150000023], [124.47480534400005, 11.463350452000043], [124.47329313500005, 11.463278425000054], [124.47304444500003, 11.461438621000068], [124.47352703200012, 11.465565007000064], [124.47304539300002, 11.465582235000054], [124.4731095300001, 11.465822215000056], [124.47263756600013, 11.465778704000057], [124.47233081100002, 11.466334878000055], [124.47212049900008, 11.466066331000034], [124.46969466700011, 11.466009213000063], [124.4687941100001, 11.466359856000054], [124.46855529200002, 11.466150284000038], [124.46667218200002, 11.466979901000059], [124.4661162870001, 11.466807202000041], [124.4651286420001, 11.46708858900007], [124.46444750400008, 11.466778112000041], [124.46393794700009, 11.467446129000052], [124.4628313080001, 11.467279970000051], [124.46231253600003, 11.467796150000023], [124.46228679500007, 11.468245025000046], [124.46232052000006, 11.468630341000047], [124.46276520800006, 11.468732757000055], [124.46124278900004, 11.470404321000045], [124.4622618520001, 11.471305647000065], [124.46227906500008, 11.47353442000002], [124.46292635800012, 11.475515608000023], [124.46286035400009, 11.476000784000064], [124.46247984100013, 11.476155205000055], [124.46383480300005, 11.478168325000068], [124.47075091600003, 11.485366399000043], [124.47886363300007, 11.482525975000042], [124.47510202300008, 11.474117682000042]]]}}, {"type": "Feature", "properties": {"key": "Sanggalang (807802)", "barangay": "Sanggalang", "pgc_prefix": "807802"}, "geometry": {"type": "Polygon", "coordinates": [[[124.50882665000006, 11.479317923000055], [124.50740923700005, 11.479481170000042], [124.50716921300011, 11.479911309000045], [124.50719435400002, 11.479698481000069], [124.50619076600005, 11.479344532000026], [124.50589359100002, 11.479832918000058], [124.50570621400004, 11.479411746000038], [124.504487765, 11.479602185000031], [124.5040648490001, 11.479313191000072], [124.50388125500002, 11.479751547000035], [124.50299961500004, 11.480134033000066], [124.50274216300011, 11.480591598000046], [124.50200125300012, 11.480681402000071], [124.50264311200011, 11.480267682000031], [124.50259137100011, 11.480009927000024], [124.50283783200007, 11.479868567000036], [124.50257578100003, 11.479810107000047], [124.50332989600008, 11.479536377000043], [124.50361751100002, 11.479077041000037], [124.50331497900004, 11.478893311000038], [124.50311097800011, 11.479331892000063], [124.5024398710001, 11.479496837000056], [124.5024846120001, 11.47979122700002], [124.50210464600003, 11.47975915100005], [124.50170837200004, 11.480253979000054], [124.50131470500004, 11.480154513000059], [124.50191576200007, 11.47915537800003], [124.50144044200012, 11.479057202000034], [124.5012746210001, 11.47927797200003], [124.5012227530001, 11.479015701000037], [124.50215802400011, 11.477978135000056], [124.50213727100005, 11.477520686000046], [124.5026210220001, 11.476884379000069], [124.50189099100008, 11.47485957300006], [124.48697406400005, 11.47612001400006], [124.48929446000011, 11.482637877000057], [124.49248419700007, 11.489699720000035], [124.50915559600003, 11.489013089000027], [124.50882665000006, 11.479317923000055]]]}}, {"type": "Feature", "properties": {"key": "San Pablo (807808)", "barangay": "San Pablo", "pgc_prefix": "807808"}, "geometry": {"type": "Polygon", "coordinates": [[[124.43505354000003, 11.54179719600006], [124.42724125900007, 11.536746925000045], [124.41978665900001, 11.532926778000045], [124.41832509100003, 11.533215250000069], [124.41812520300006, 11.533790311000075], [124.41774526400002, 11.533713012000023], [124.4183780090001, 11.534498695000023], [124.41811573800011, 11.53520792800003], [124.41748651800002, 11.535467616000064], [124.41700959600007, 11.536196879000045], [124.41475113700005, 11.537717244000023], [124.4109954920001, 11.538173082000073], [124.41016158000002, 11.538056194000037], [124.4094413240001, 11.537422237000044], [124.40926270800003, 11.537711517000046], [124.40896388000012, 11.53757969100007], [124.40898689500011, 11.537948528000072], [124.4086347760001, 11.53810000900006], [124.4198270800001, 11.550822823000034], [124.42564424300008, 11.552592540000033], [124.43106693600011, 11.545899549000067], [124.43505354000003, 11.54179719600006]]]}}, {"type": "Feature", "properties": {"key": "Burabod (807802)", "barangay": "Burabod", "pgc_prefix": "807802"}, "geometry": {"type": "Polygon", "coordinates": [[[124.46383480300005, 11.478168325000068], [124.46250641100006, 11.476056610000057], [124.4622479410001, 11.476412408000044], [124.46005145700008, 11.475621094000074], [124.4585988010001, 11.47574130300006], [124.4579263370001, 11.476024038000048], [124.45709597100007, 11.476882596000051], [124.45596799000009, 11.477398805000066], [124.45207043600008, 11.47799669500006], [124.4512038260001, 11.478876717000048], [124.45038063100003, 11.48094767100002], [124.44990244000009, 11.48140861200005], [124.44928614100002, 11.481568054000032], [124.44908429900012, 11.481934293000052], [124.44885689900002, 11.481790445000058], [124.44893845000001, 11.482040850000033], [124.44875224600003, 11.481934296000073], [124.44794694800008, 11.482658177000076], [124.44760987900008, 11.482679491000054], [124.447622969, 11.483057014000053], [124.44664579500011, 11.48344666300005], [124.44668113400007, 11.483683748000033], [124.44626115300002, 11.483503937000025], [124.44628833800004, 11.483758339000072], [124.44576886900006, 11.48383293000006], [124.44470508900008, 11.483139461000063], [124.44554756200012, 11.483757306000028], [124.44617605300004, 11.48485048500004], [124.44582292500002, 11.484788922000062], [124.44587275700009, 11.484994857000062], [124.44645769600005, 11.485279336000072], [124.44792936500005, 11.487387546000036], [124.44988914300006, 11.488162030000067], [124.44988307800008, 11.48932623400003], [124.450308, 11.490124749000074], [124.45208369400007, 11.48975487900003], [124.45384514000011, 11.490677023000046], [124.45520230200009, 11.48921578700003], [124.45685188500012, 11.48881778200007], [124.4574233190001, 11.489694227000031], [124.45773270200006, 11.491414623000026], [124.45852485000012, 11.491339229000062], [124.45911970100008, 11.491846275000055], [124.46012178400008, 11.490608283000029], [124.46109183800002, 11.490924301000062], [124.46231770300005, 11.490923528000055], [124.46347725100009, 11.491289513000027], [124.46410373200001, 11.49239708600004], [124.46534146200008, 11.493011114000067], [124.4657141240001, 11.492890103000034], [124.4658988770001, 11.492143014000023], [124.4664947760001, 11.491898294000068], [124.46668474700004, 11.492062803000067], [124.46636578800008, 11.492756384000076], [124.46640054500006, 11.49360345900004], [124.47075091600003, 11.485366399000043], [124.46383480300005, 11.478168325000068]]]}}, {"type": "Feature", "properties": {"key": "Julita (807802)", "barangay": "Julita", "pgc_prefix": "807802"}, "geometry": {"type": "Polygon", "coordinates": [[[124.51919074700005, 11.479748465000057], [124.5176940240001, 11.47694887600005], [124.51752033700008, 11.475584351000068], [124.51680336200002, 11.475243085000042], [124.51687675600012, 11.474654772000067], [124.51661885800002, 11.474696532000054], [124.51611958300009, 11.474281157000064], [124.51569304000009, 11.474595442000064], [124.51458363000006, 11.47424863100002], [124.51478618700004, 11.47404445700005], [124.51304151500005, 11.471993885000073], [124.51250372900007, 11.470494013000062], [124.51258168000004, 11.469930815000055], [124.51198387600004, 11.46951037900004], [124.5112460560001, 11.469365490000031], [124.51082935900001, 11.469547562000056], [124.51061282000002, 11.469999512000072], [124.50965979400007, 11.470772624000062], [124.50970879900002, 11.47130525800003], [124.5093635500001, 11.471495174000035], [124.50933459900013, 11.473023941000067], [124.5089492520001, 11.473146186000063], [124.50861434900003, 11.47438554200005], [124.50835851100008, 11.474401076000047], [124.50808761700011, 11.474996950000047], [124.50842270100009, 11.475777965000077], [124.50818271600009, 11.476268319000042], [124.50873670700004, 11.477740819000076], [124.50861777600005, 11.478660311000057], [124.50890930300012, 11.479104918000075], [124.50915559600003, 11.489013089000027], [124.51496286400004, 11.51689753200003], [124.51989389500012, 11.518799490000045], [124.51976883500004, 11.50880224700006], [124.52053007600011, 11.499541332000035], [124.51989692200004, 11.497593868000024], [124.51984024100011, 11.496725716000071], [124.5191952790001, 11.496153255000026], [124.51961204500002, 11.495077098000024], [124.51901787700001, 11.494863223000038], [124.5189315130001, 11.494539286000075], [124.51952634400004, 11.493542687000058], [124.52064426500009, 11.49264872900005], [124.52087516300003, 11.491179864000058], [124.52235446600002, 11.489090257000042], [124.52098865900007, 11.487899867000063], [124.52094355700001, 11.486879163000028], [124.51988364200008, 11.486242751000075], [124.51971290800009, 11.485507292000024], [124.52008986200008, 11.48493574500003], [124.52007945200012, 11.484462226000058], [124.51922783100007, 11.483837199000048], [124.51984030000007, 11.483279121000066], [124.5196116300001, 11.482477222000057], [124.52006456000005, 11.481522719000054], [124.51989284500007, 11.481212221000021], [124.51901937000004, 11.480934817000048], [124.51919074700005, 11.479748465000057]]]}}, {"type": "Feature", "properties": {"key": "Busali (807802)", "barangay": "Busali", "pgc_prefix": "807802"}, "geometry": {"type": "Polygon", "coordinates": [[[124.46233699900006, 11.50096280400004], [124.46640054500006, 11.49360345900004], [124.46656649500005, 11.491917844000056], [124.4658988770001, 11.492143014000023], [124.4657141240001, 11.492890103000034], [124.46522695400007, 11.492989996000063], [124.46410373200001, 11.49239708600004], [124.46347725100009, 11.491289513000027], [124.46018501700007, 11.490599279000037], [124.45904328600011, 11.49183626900003], [124.45852485000012, 11.491339229000062], [124.45759543100007, 11.491305692000022], [124.4574233190001, 11.489694227000031], [124.45685188500012, 11.48881778200007], [124.45520230200009, 11.48921578700003], [124.45384514000011, 11.490677023000046], [124.45208369400007, 11.48975487900003], [124.45036506500004, 11.490147248000026], [124.44988307800008, 11.48932623400003], [124.44988914300006, 11.488162030000067], [124.44809258000011, 11.487505018000034], [124.44667025700005, 11.485560794000037], [124.4455954570001, 11.485190180000075], [124.44560412700002, 11.485517130000058], [124.4458077720001, 11.485546849000055], [124.44505412500008, 11.486275302000024], [124.44454934400007, 11.486330508000037], [124.44425471200009, 11.486808196000025], [124.44402842400007, 11.486699922000069], [124.44383560300004, 11.487067094000054], [124.44248471800006, 11.48780484200006], [124.441748748, 11.488551307000023], [124.44192206500009, 11.488585276000038], [124.441813742, 11.488820933000056], [124.44167508900011, 11.488417556000055], [124.44163609400005, 11.48879333500002], [124.44121580200012, 11.488835794000067], [124.44145146800008, 11.489084244000024], [124.44100516900005, 11.48947241800005], [124.44111547200009, 11.490383287000041], [124.440662255, 11.491261497000037], [124.44080994700005, 11.49202424800006], [124.4412122870001, 11.491786920000036], [124.44171709000013, 11.492186001000048], [124.44179326200003, 11.492589845000055], [124.44154716900005, 11.492908543000057], [124.44183892100013, 11.49352077900005], [124.44213189200002, 11.493771508000068], [124.44278375000012, 11.493509295000022], [124.4427525010001, 11.49389017200002], [124.44305523700007, 11.493834667000048], [124.44316266000011, 11.494225112000038], [124.44354547100012, 11.494146638000075], [124.44357086300012, 11.49435143100004], [124.44383285100002, 11.494321203000025], [124.44367182100007, 11.494596400000034], [124.44409404400005, 11.494671447000027], [124.44418872400001, 11.496030741000027], [124.44392761900009, 11.496085084000073], [124.4440375140001, 11.49634250100007], [124.44364573400004, 11.496889783000027], [124.44411705700008, 11.496864758000072], [124.44410811600005, 11.497149138000053], [124.44595048600002, 11.498333888000047], [124.45620510700007, 11.50905418800005], [124.46233699900006, 11.50096280400004]]]}}, {"type": "Feature", "properties": {"key": "Hugpa (807802)", "barangay": "Hugpa", "pgc_prefix": "807802"}, "geometry": {"type": "Polygon", "coordinates": [[[124.50915559600003, 11.489013089000027], [124.49248419700007, 11.489699720000035], [124.48929446000011, 11.482637877000057], [124.47886363300007, 11.482525975000042], [124.47341996800003, 11.484420282000032], [124.47368128000005, 11.48565193100006], [124.47483800500005, 11.486063432000037], [124.47494987000005, 11.487126392000048], [124.47571066900004, 11.48892292800002], [124.47750224700009, 11.489053480000054], [124.47925386700001, 11.48981757600006], [124.48065784000006, 11.489744522000024], [124.48248254500004, 11.490080763000035], [124.48336577500005, 11.490517916000044], [124.48387087100002, 11.491458672000022], [124.483601356, 11.493369384000058], [124.48481667600004, 11.49554306900006], [124.48660229600011, 11.495899387000065], [124.48882029200001, 11.498409118000042], [124.49061656800005, 11.49949747100004], [124.4918582360001, 11.499365102000068], [124.49288593200005, 11.499899969000069], [124.49348570700012, 11.499820485000043], [124.49398900700011, 11.500214764000077], [124.49529492300009, 11.500224412000021], [124.49569746300006, 11.500968436000049], [124.49686648300006, 11.501648550000027], [124.49744775500004, 11.502331215000027], [124.49971838600005, 11.502953208000063], [124.50066751400003, 11.50394009300004], [124.50183196500006, 11.505976049000026], [124.5020474790001, 11.507347159000064], [124.50376406500004, 11.507980708000048], [124.5048938540001, 11.509395254000026], [124.5063265670001, 11.510663990000067], [124.50737903200003, 11.510568340000075], [124.50885265100011, 11.512377104000054], [124.51496286400004, 11.51689753200003], [124.50915559600003, 11.489013089000027]]]}}, {"type": "Feature", "properties": {"key": "Bato (807802)", "barangay": "Bato", "pgc_prefix": "807802"}, "geometry": {"type": "Polygon", "coordinates": [[[124.45620510700007, 11.50905418800005], [124.44595048600002, 11.498333888000047], [124.44410811600005, 11.497149138000053], [124.44373018200008, 11.497195766000063], [124.44360842800006, 11.497442095000054], [124.44338372700008, 11.497161794000023], [124.44353397500005, 11.496950624000021], [124.44316032400002, 11.496906071000069], [124.44288157300002, 11.49723541700007], [124.44243032200005, 11.497227672000061], [124.44246210000006, 11.497404516000074], [124.4419322660001, 11.497201102000075], [124.4421200820001, 11.497437454000018], [124.4418512110001, 11.497431644000073], [124.44189668400007, 11.49772030300005], [124.44160322800008, 11.497159345000059], [124.44077039600006, 11.497248447000059], [124.44092262400012, 11.497353060000023], [124.44040121600004, 11.498491176000073], [124.439802084, 11.499052936000055], [124.43991043800008, 11.49933411000006], [124.43946653200011, 11.499191250000024], [124.43579205900005, 11.501482242000066], [124.43456997700004, 11.502713616000051], [124.4342257190001, 11.502793941000052], [124.4334847680001, 11.502473010000076], [124.43291651100003, 11.502750385000072], [124.43264397000009, 11.502479306000057], [124.43273003800005, 11.502955202000068], [124.43218654700003, 11.503426019000074], [124.43254737100007, 11.503903329000023], [124.43239163700002, 11.504473604000056], [124.43144257100005, 11.504539335000057], [124.43173765300003, 11.504762222000066], [124.43073652200007, 11.50630615600005], [124.4303118580001, 11.50653739100005], [124.42921563200002, 11.506575482000073], [124.4284872820001, 11.507652398000062], [124.428679191, 11.508054775000062], [124.42851205000011, 11.508184186000049], [124.42881542700002, 11.508266161000048], [124.42884226000001, 11.50887073900003], [124.42914146600005, 11.508934223000042], [124.42910639200011, 11.509193041000056], [124.42839783300009, 11.509483183000041], [124.42847624900003, 11.50977232900004], [124.42826783400005, 11.509695495000074], [124.4283091090001, 11.510033169000051], [124.42792230400006, 11.510387525000056], [124.4267254670001, 11.510169157000064], [124.4268637260001, 11.510757561000046], [124.42708039400009, 11.510700942000025], [124.4273156370001, 11.511145783000075], [124.4267993190001, 11.512569302000031], [124.4352673620001, 11.517575966000038], [124.45511985700011, 11.518472296000025], [124.45959529100004, 11.524174170000038], [124.46448009000005, 11.51932490200005], [124.45620510700007, 11.50905418800005]]]}}, {"type": "Feature", "properties": {"key": "Canila (807802)", "barangay": "Canila", "pgc_prefix": "807802"}, "geometry": {"type": "Polygon", "coordinates": [[[124.51989389500012, 11.518799490000045], [124.51496286400004, 11.51689753200003], [124.50885265100011, 11.512377104000054], [124.50737903200003, 11.510568340000075], [124.5063265670001, 11.510663990000067], [124.5048938540001, 11.509395254000026], [124.50376406500004, 11.507980708000048], [124.5020474790001, 11.507347159000064], [124.50183196500006, 11.505976049000026], [124.50066751400003, 11.50394009300004], [124.49971838600005, 11.502953208000063], [124.49744775500004, 11.502331215000027], [124.49686648300006, 11.501648550000027], [124.49569746300006, 11.500968436000049], [124.49529492300009, 11.500224412000021], [124.49398900700011, 11.500214764000077], [124.49348570700012, 11.499820485000043], [124.49288593200005, 11.499899969000069], [124.4918582360001, 11.499365102000068], [124.49061656800005, 11.49949747100004], [124.48882029200001, 11.498409118000042], [124.48660229600011, 11.495899387000065], [124.48481667600004, 11.49554306900006], [124.483601356, 11.493369384000058], [124.48387087100002, 11.491458672000022], [124.48336577500005, 11.490517916000044], [124.48248254500004, 11.490080763000035], [124.48065784000006, 11.489744522000024], [124.47925386700001, 11.48981757600006], [124.47750224700009, 11.489053480000054], [124.47571066900004, 11.48892292800002], [124.47494987000005, 11.487126392000048], [124.47483800500005, 11.486063432000037], [124.47368128000005, 11.48565193100006], [124.47341996800003, 11.484420282000032], [124.47075091600003, 11.485366399000043], [124.46233699900006, 11.50096280400004], [124.46273983100002, 11.500915878000056], [124.46330793300001, 11.500237315000048], [124.46573822100004, 11.500281468000022], [124.46657545900008, 11.499953923000021], [124.46713656300005, 11.500938954000048], [124.46733664400006, 11.501909371000067], [124.46795875100008, 11.501878893000027], [124.46872876300006, 11.501329966000071], [124.46906343400008, 11.502558931000065], [124.46938667500002, 11.502808582000057], [124.469744438, 11.50263321700004], [124.4697430870001, 11.501894715000049], [124.47046511200006, 11.501937631000034], [124.47085927600007, 11.504066032000026], [124.47208710300002, 11.50481259600002], [124.47246503900011, 11.50534666200002], [124.47274413600006, 11.505327098000066], [124.47303964700006, 11.504793260000044], [124.47333104300004, 11.50487086900006], [124.47354734700002, 11.505493462000063], [124.47436460600011, 11.505840963000024], [124.47459098800005, 11.505454073000065], [124.47502186500003, 11.505360312000048], [124.47526005700001, 11.506254025000032], [124.4771638110001, 11.506341072000055], [124.47815303100005, 11.507470099000042], [124.48062281500007, 11.50880364900007], [124.48099615700005, 11.50936433400005], [124.48072501500009, 11.509779745000062], [124.48063079300006, 11.51102729900003], [124.47927827000002, 11.511992107000024], [124.47967543500012, 11.515482919000021], [124.47935361000009, 11.516069669000046], [124.4794288810001, 11.517748880000052], [124.4803557800001, 11.51775164500003], [124.4817339450001, 11.518463599000027], [124.48268802100007, 11.517618844000026], [124.48301848600009, 11.518036904000041], [124.48353310300001, 11.517817209000041], [124.48425785600011, 11.51810601300002], [124.48460972200009, 11.51794740500003], [124.48495299400008, 11.517154855000056], [124.48573056200007, 11.517311177000067], [124.48625655500007, 11.517141156000038], [124.48672166700011, 11.518724090000036], [124.48645576500009, 11.51957253000006], [124.4867775130001, 11.52041117600004], [124.48807733600005, 11.521466484000028], [124.50587605500006, 11.543352009000044], [124.51966950300005, 11.541355589000032], [124.51989389500012, 11.518799490000045]]]}}, {"type": "Feature", "properties": {"key": "Catmon (807808)", "barangay": "Catmon", "pgc_prefix": "807808"}, "geometry": {"type": "Polygon", "coordinates": [[[124.419099478, 11.533167899000036], [124.42103507000003, 11.53230355200003], [124.42043297700002, 11.531634359000064], [124.4205939860001, 11.531013450000046], [124.42139074900001, 11.53135925500004], [124.42207510700007, 11.530814251000038], [124.42315390100009, 11.531117925000045], [124.42376746100001, 11.531093151000048], [124.42418079700006, 11.530808379000062], [124.42508595700008, 11.52890224400005], [124.42633507800008, 11.528078565000042], [124.42663312400009, 11.526902746000077], [124.42750471300008, 11.525685296000063], [124.42809169400003, 11.525662679000048], [124.42961537500001, 11.528050825000035], [124.43007752800008, 11.527742880000064], [124.43045905600003, 11.525672158000077], [124.43103482200002, 11.525079385000025], [124.432069952, 11.52493419600006], [124.43293428000005, 11.525872200000036], [124.4352673620001, 11.517575966000038], [124.4267285750001, 11.512646303000055], [124.42648419000011, 11.512244096000071], [124.42621440600011, 11.512804849000077], [124.42567887900007, 11.513212342000033], [124.42550362200006, 11.512997633000055], [124.42487200800008, 11.513204979000024], [124.42495009900006, 11.513405585000044], [124.42488467200008, 11.513614463000069], [124.42480447000004, 11.513397314000029], [124.42470458500009, 11.513754336000035], [124.42429470300009, 11.513950667000074], [124.42451569600009, 11.51417133800004], [124.42418504900002, 11.51491833700004], [124.42339381200009, 11.515296152000076], [124.423410095, 11.516147248000037], [124.4227993180001, 11.517264760000046], [124.42286601200011, 11.518058990000041], [124.42241315900002, 11.518068807000077], [124.42287790800005, 11.518662526000071], [124.42253325800004, 11.518813710000074], [124.42253526200012, 11.519049321000066], [124.42285806300005, 11.519067028000052], [124.42295376300002, 11.51940184800003], [124.42251606600007, 11.519620950000046], [124.42238709700007, 11.520444112000064], [124.42189812600009, 11.520819715000073], [124.42228462800006, 11.521152825000055], [124.4219145100001, 11.521858058000019], [124.42236670700004, 11.524174862000054], [124.42200381000008, 11.526152824000064], [124.42183382500002, 11.526467675000045], [124.4216431000001, 11.526404710000064], [124.42162445000007, 11.526731746000051], [124.42103362600007, 11.52703848100003], [124.42037493400005, 11.529041596000067], [124.419310977, 11.53072541300003], [124.41872429000011, 11.531091050000045], [124.41885577800008, 11.531264458000066], [124.41855303800001, 11.531582702000037], [124.41855796200002, 11.53217270700003], [124.41821772300013, 11.532280478000075], [124.41845574100013, 11.532839381000032], [124.41832509100003, 11.533215250000069], [124.419099478, 11.533167899000036]]]}}, {"type": "Feature", "properties": {"key": "Pinangumhan (807802)", "barangay": "Pinangumhan", "pgc_prefix": "807802"}, "geometry": {"type": "Polygon", "coordinates": [[[124.48863508300008, 11.546067502000026], [124.489037918, 11.545446588000061], [124.48948958300004, 11.54536140300007], [124.49075650500002, 11.545863308000033], [124.49239671000011, 11.545403002000056], [124.49423895500001, 11.545595895000076], [124.49578148000013, 11.544833293000066], [124.50587605500006, 11.543352009000044], [124.48807733600005, 11.521466484000028], [124.4867775130001, 11.52041117600004], [124.48645576500009, 11.51957253000006], [124.48672166700011, 11.518724090000036], [124.48625655500007, 11.517141156000038], [124.48573056200007, 11.517311177000067], [124.48495299400008, 11.517154855000056], [124.48460972200009, 11.51794740500003], [124.48425785600011, 11.51810601300002], [124.48353310300001, 11.517817209000041], [124.48301848600009, 11.518036904000041], [124.48268802100007, 11.517618844000026], [124.4817339450001, 11.518463599000027], [124.4803557800001, 11.51775164500003], [124.4794288810001, 11.517748880000052], [124.47935361000009, 11.516069669000046], [124.47967543500012, 11.515482919000021], [124.47927827000002, 11.511992107000024], [124.48063079300006, 11.51102729900003], [124.48072501500009, 11.509779745000062], [124.48099615700005, 11.50936433400005], [124.48062281500007, 11.50880364900007], [124.47815303100005, 11.507470099000042], [124.4771638110001, 11.506341072000055], [124.47526005700001, 11.506254025000032], [124.47502186500003, 11.505360312000048], [124.47459098800005, 11.505454073000065], [124.47436460600011, 11.505840963000024], [124.47354734700002, 11.505493462000063], [124.47333104300004, 11.50487086900006], [124.47303964700006, 11.504793260000044], [124.47274413600006, 11.505327098000066], [124.47246503900011, 11.50534666200002], [124.47208710300002, 11.50481259600002], [124.47085927600007, 11.504066032000026], [124.47046511200006, 11.501937631000034], [124.4697430870001, 11.501894715000049], [124.469744438, 11.50263321700004], [124.46938667500002, 11.502808582000057], [124.46906343400008, 11.502558931000065], [124.46872876300006, 11.501329966000071], [124.46795875100008, 11.501878893000027], [124.46733664400006, 11.501909371000067], [124.46713656300005, 11.500938954000048], [124.46657545900008, 11.499953923000021], [124.46573822100004, 11.500281468000022], [124.46318918500002, 11.500284298000052], [124.46273983100002, 11.500915878000056], [124.46233699900006, 11.50096280400004], [124.45620510700007, 11.50905418800005], [124.46448009000005, 11.51932490200005], [124.45959529100004, 11.524174170000038], [124.46691807300012, 11.529688347000048], [124.48150059000011, 11.544883845000072], [124.48246499500011, 11.544493112000055], [124.48381555600008, 11.544829013000026], [124.4845863810001, 11.545784793000053], [124.48539666000012, 11.546120602000029], [124.48648686900005, 11.545712212000067], [124.48688110100012, 11.545884999000066], [124.48742120500003, 11.545675989000072], [124.48803123900008, 11.546174078000034], [124.48863508300008, 11.546067502000026]]]}}, {"type": "Feature", "properties": {"key": "Haguikhikan (807808)", "barangay": "Haguikhikan", "pgc_prefix": "807808"}, "geometry": {"type": "Polygon", "coordinates": [[[124.45959529100004, 11.524174170000038], [124.45511985700011, 11.518472296000025], [124.4352673620001, 11.517575966000038], [124.43293428000005, 11.525872200000036], [124.43415760600011, 11.525190817000064], [124.43523895800001, 11.523774609000043], [124.43562762100011, 11.523629345000073], [124.43597508300002, 11.524026998000064], [124.43566767100003, 11.525087423000059], [124.43585458700011, 11.525621193000065], [124.43880943700003, 11.524847086000023], [124.4392311700001, 11.525030233000054], [124.43928658300003, 11.526455669000029], [124.43953598600001, 11.526592573000073], [124.44009697500007, 11.52642105600006], [124.44039988100008, 11.525295859000039], [124.44129785700011, 11.525708229000031], [124.44238563700003, 11.52671490400007], [124.44287889400006, 11.526654787000037], [124.44366139300007, 11.525947493000047], [124.44408632600006, 11.526049148000027], [124.44499385600011, 11.527019372000044], [124.44537901800005, 11.528249682000023], [124.44674406200009, 11.52894383700004], [124.4466861090001, 11.529592105000065], [124.44579998200005, 11.52994259300004], [124.44578266600001, 11.530189010000074], [124.44656501100009, 11.530693733000021], [124.44894078300003, 11.533948458000053], [124.44945159800011, 11.534310715000057], [124.45058487000006, 11.534351865000072], [124.45102819700003, 11.535809905000065], [124.45075510800007, 11.536742796000054], [124.45115078100002, 11.536973032000047], [124.45193843400011, 11.536972601000059], [124.4518240230001, 11.53817990500005], [124.45214257100008, 11.53888753900003], [124.45403019300011, 11.540111579000039], [124.45459451700005, 11.541240882000066], [124.4556874110001, 11.541084173000058], [124.456132839, 11.541284577000052], [124.46691807300012, 11.529688347000048], [124.45959529100004, 11.524174170000038]]]}}, {"type": "Feature", "properties": {"key": "Borac (807808)", "barangay": "Borac", "pgc_prefix": "807808"}, "geometry": {"type": "Polygon", "coordinates": [[[124.43293428000005, 11.525872200000036], [124.432069952, 11.52493419600006], [124.43103482200002, 11.525079385000025], [124.43045905600003, 11.525672158000077], [124.43007752800008, 11.527742880000064], [124.42961537500001, 11.528050825000035], [124.42809169400003, 11.525662679000048], [124.42750471300008, 11.525685296000063], [124.42663312400009, 11.526902746000077], [124.42633507800008, 11.528078565000042], [124.42508595700008, 11.52890224400005], [124.42418079700006, 11.530808379000062], [124.42376746100001, 11.531093151000048], [124.42315390100009, 11.531117925000045], [124.42207510700007, 11.530814251000038], [124.42139074900001, 11.53135925500004], [124.4205939860001, 11.531013450000046], [124.42043297700002, 11.531634359000064], [124.42103507000003, 11.53230355200003], [124.41978665900001, 11.532926778000045], [124.42724125900007, 11.536746925000045], [124.43109255800003, 11.529986234000033], [124.43293428000005, 11.525872200000036]]]}}, {"type": "Feature", "properties": {"key": "Pawikan (807803)", "barangay": "Pawikan", "pgc_prefix": "807803"}, "geometry": {"type": "Polygon", "coordinates": [[[124.59347597300008, 11.524435550000018], [124.61081719000003, 11.502341370000067], [124.60963389000004, 11.501030491000051], [124.6096053340001, 11.499419158000018], [124.60897679000004, 11.498996583000062], [124.60858645700013, 11.498054578000051], [124.60797608100007, 11.497596345000032], [124.60651071500001, 11.494537470000067], [124.60634965800013, 11.49351388400004], [124.60694636300003, 11.492795235000072], [124.60713793900003, 11.492099161000054], [124.606117358, 11.490024082000046], [124.60596963000012, 11.488665317000029], [124.60412253100004, 11.488672190000042], [124.60323351900001, 11.488932644000043], [124.602935396, 11.49036968400003], [124.60338348500011, 11.491098634000027], [124.60265620200006, 11.491575602000067], [124.60185626400005, 11.491595591000022], [124.60069034400011, 11.49007769000002], [124.60076557600006, 11.490256540000075], [124.59460440500006, 11.501386497000054], [124.58199143100002, 11.526379588000053], [124.59347597300008, 11.524435550000018]]]}}, {"type": "Feature", "properties": {"key": "Caanibongan (807803)", "barangay": "Caanibongan", "pgc_prefix": "807803"}, "geometry": {"type": "Polygon", "coordinates": [[[124.56043484900012, 11.515149642000038], [124.56150376900005, 11.51399031900007], [124.5611715350001, 11.511556347000068], [124.56097943200008, 11.503259004000027], [124.5644590910001, 11.503033703000028], [124.563357965, 11.488261596000028], [124.56312119300004, 11.48919671900006], [124.56252971300012, 11.490048962000062], [124.560956873, 11.491487294000022], [124.55778712000006, 11.495314271000039], [124.55744080500006, 11.496766334000032], [124.55712602100006, 11.497187072000031], [124.5551405430001, 11.498827892000065], [124.55487083600008, 11.500338195000039], [124.55306578800003, 11.502415514000063], [124.55247200500003, 11.503674876000042], [124.54954634900002, 11.505414826000049], [124.54076741300003, 11.508571418000031], [124.54301165500011, 11.535922800000035], [124.56030352800008, 11.531221439000031], [124.56043484900012, 11.515149642000038]]]}}, {"type": "Feature", "properties": {"key": "Langgao (807803)", "barangay": "Langgao", "pgc_prefix": "807803"}, "geometry": {"type": "Polygon", "coordinates": [[[124.5978297700001, 11.52372270300003], [124.61390932400002, 11.507709057000056], [124.61208384200008, 11.50514882300007], [124.61182347600005, 11.504270547000031], [124.61199077900004, 11.503980790000071], [124.61184448400002, 11.503179326000065], [124.610788769, 11.502244740000034], [124.59347597300008, 11.524435550000018], [124.5978297700001, 11.52372270300003]]]}}, {"type": "Feature", "properties": {"key": "Talibong (807803)", "barangay": "Talibong", "pgc_prefix": "807803"}, "geometry": {"type": "Polygon", "coordinates": [[[124.6157724090001, 11.515957231000073], [124.6160650500001, 11.514258075000042], [124.61589795500004, 11.512868568000044], [124.616037945, 11.51167231900007], [124.61384993500009, 11.507633657000042], [124.5978297700001, 11.52372270300003], [124.6012241740001, 11.52387126000002], [124.6157724090001, 11.515957231000073]]]}}, {"type": "Feature", "properties": {"key": "Salawad (807803)", "barangay": "Salawad", "pgc_prefix": "807803"}, "geometry": {"type": "Polygon", "coordinates": [[[124.61637498900006, 11.526059356000077], [124.61737332500002, 11.525682202000041], [124.61760574300003, 11.525128418000065], [124.61708025500002, 11.522863803000062], [124.61701444300003, 11.521065544000065], [124.61626650100004, 11.518854085000044], [124.615759249, 11.515841558000034], [124.6012241740001, 11.52387126000002], [124.61563456600004, 11.525610902000038], [124.61637498900006, 11.526059356000077]]]}}, {"type": "Feature", "properties": {"key": "Asug (807804)", "barangay": "Asug", "pgc_prefix": "807804"}, "geometry": {"type": "Polygon", "coordinates": [[[124.61612713600005, 11.536153718000039], [124.61704475700003, 11.535934724000072], [124.61734126900002, 11.535648973000033], [124.6181324370001, 11.535998075000068], [124.61891465800011, 11.535509635000036], [124.6195321130001, 11.53433519200007], [124.61965187500003, 11.53350600500005], [124.61912618000007, 11.531367907000057], [124.61662278400003, 11.528218345000026], [124.6162231820001, 11.52706585100003], [124.61634170800004, 11.52606809500003], [124.61563456600004, 11.525610902000038], [124.6012241740001, 11.52387126000002], [124.5978297700001, 11.52372270300003], [124.59347597300008, 11.524435550000018], [124.61134030100006, 11.53514281300005], [124.61612713600005, 11.536153718000039]]]}}, {"type": "Feature", "properties": {"key": "Uson (807804)", "barangay": "Uson", "pgc_prefix": "807804"}, "geometry": {"type": "Polygon", "coordinates": [[[124.60588233200008, 11.552610557000039], [124.60706471700009, 11.551115454000067], [124.60847364200002, 11.55047104400006], [124.60946861900005, 11.549645934000065], [124.61187545000006, 11.54832287700003], [124.61268409000002, 11.547501404000059], [124.61482286700004, 11.546062126000038], [124.6163336840001, 11.544455354000036], [124.61709334600005, 11.542847138000072], [124.61747060400012, 11.540643113000044], [124.61686208100002, 11.539465499000073], [124.61684240800001, 11.538244522000074], [124.617658107, 11.536478468000038], [124.6181324370001, 11.535998075000068], [124.61792254700005, 11.535792091000074], [124.61728478600003, 11.535658168000056], [124.61704475700003, 11.535934724000072], [124.61603961600008, 11.536170186000048], [124.61360736400003, 11.535470499000043], [124.61134030100006, 11.53514281300005], [124.59347597300008, 11.524435550000018], [124.58199143100002, 11.526379588000053], [124.57465052300006, 11.528114985000055], [124.59795055500003, 11.543817508000076], [124.59964524000009, 11.543969149000077], [124.60151102100009, 11.544718399000033], [124.60245588200007, 11.54462351700005], [124.60588233200008, 11.552610557000039]]]}}, {"type": "Feature", "properties": {"key": "Bari-is (807804)", "barangay": "Bari-is", "pgc_prefix": "807804"}, "geometry": {"type": "Polygon", "coordinates": [[[124.5974976220001, 11.558622327000021], [124.59993119000002, 11.556960161000063], [124.59974154600002, 11.55687484400005], [124.60116125600007, 11.556577771000036], [124.601584279, 11.556134005000047], [124.60312257500006, 11.555519279000066], [124.60436201200004, 11.554228604000057], [124.60538264000002, 11.55362232400006], [124.60615209700006, 11.552415629000052], [124.60588233200008, 11.552610557000039], [124.60245588200007, 11.54462351700005], [124.60151102100009, 11.544718399000033], [124.59964524000009, 11.543969149000077], [124.59795055500003, 11.543817508000076], [124.57465052300006, 11.528114985000055], [124.56030352800008, 11.531221439000031], [124.5974976220001, 11.558622327000021]]]}}, {"type": "Feature", "properties": {"key": "Looc (807804)", "barangay": "Looc", "pgc_prefix": "807804"}, "geometry": {"type": "Polygon", "coordinates": [[[124.5904809760001, 11.561767363000056], [124.59194496200007, 11.560646577000053], [124.59234261300001, 11.560746376000054], [124.59230501600007, 11.560530629000027], [124.59338737300006, 11.559491856000024], [124.59351696100009, 11.559675943000059], [124.59435975900011, 11.559222590000045], [124.5947951710001, 11.559307919000046], [124.59728774300004, 11.558588628000052], [124.56030352800008, 11.531221439000031], [124.54301165500011, 11.535922800000035], [124.55476840200004, 11.544082943000035], [124.57442320700011, 11.553055025000049], [124.5904809760001, 11.561767363000056]]]}}, {"type": "Feature", "properties": {"key": "Union (807804)", "barangay": "Union", "pgc_prefix": "807804"}, "geometry": {"type": "Polygon", "coordinates": [[[124.55433623200007, 11.570868599000049], [124.55484302600007, 11.570690088000049], [124.55491389900008, 11.569949713000026], [124.55460584800005, 11.569190960000071], [124.55492067500006, 11.568422059000056], [124.5537600350001, 11.565978339000022], [124.553927185, 11.56415382800003], [124.55346597100004, 11.563176417000022], [124.55386624600011, 11.56169867700004], [124.55390922400011, 11.559981020000068], [124.55466415, 11.55881662200005], [124.55632595300007, 11.557508884000072], [124.55710290600007, 11.55632556200004], [124.55692355400004, 11.555709387000038], [124.55772153500004, 11.553291160000072], [124.55746533600006, 11.551547632000052], [124.55705053000008, 11.550731819000076], [124.55720201000008, 11.548723448000029], [124.5568643260001, 11.548346730000047], [124.5569716540001, 11.547172971000068], [124.55476840200004, 11.544082943000035], [124.54301165500011, 11.535922800000035], [124.51966950300005, 11.541355589000032], [124.5269087590001, 11.545132968000075], [124.52847245500006, 11.54635431000003], [124.53017322200003, 11.546467457000064], [124.53127830100004, 11.546088868000025], [124.53238958100009, 11.54712428600004], [124.53263881200007, 11.547724649000028], [124.5346988870001, 11.548799252000034], [124.53510131100006, 11.549501354000027], [124.5360678080001, 11.550016817000026], [124.53861533500002, 11.550008108000045], [124.539422865, 11.550360350000062], [124.54271430500012, 11.550502853000067], [124.54346864500009, 11.550160982000019], [124.54539651000003, 11.55127266000005], [124.54578368100009, 11.55199940700004], [124.54573659000005, 11.552898096000037], [124.5452913800001, 11.553552711000066], [124.54552302, 11.556717810000066], [124.54582623500006, 11.557518236000021], [124.54543043800004, 11.55968099200004], [124.54571415700003, 11.56001717200007], [124.5457683520001, 11.560618014000054], [124.5452325660001, 11.561461480000048], [124.54531757100007, 11.562787068000034], [124.5463895470001, 11.563666771000046], [124.54677913900004, 11.564979036000066], [124.54765370100004, 11.566016210000045], [124.54922850600008, 11.566799022000053], [124.54983175800011, 11.567839], [124.55103813000005, 11.56867088800004], [124.55340118600009, 11.569760102000032], [124.55382859100007, 11.570658697000054], [124.55433623200007, 11.570868599000049]]]}}, {"type": "Feature", "properties": {"key": "Anislagan (807808)", "barangay": "Anislagan", "pgc_prefix": "807808"}, "geometry": {"type": "Polygon", "coordinates": [[[124.44626730700008, 11.530470796000033], [124.4458667890001, 11.530289467000046], [124.44579998200005, 11.52994259300004], [124.44657438500008, 11.529713712000047], [124.44674406200009, 11.52894383700004], [124.44537901800005, 11.528249682000023], [124.44499385600011, 11.527019372000044], [124.44387499600008, 11.52591099400007], [124.44329715400012, 11.526130544000067], [124.44287889400006, 11.526654787000037], [124.44238563700003, 11.52671490400007], [124.44129785700011, 11.525708229000031], [124.44039988100008, 11.525295859000039], [124.44009697500007, 11.52642105600006], [124.43953598600001, 11.526592573000073], [124.43928658300003, 11.526455669000029], [124.4392311700001, 11.525030233000054], [124.43880943700003, 11.524847086000023], [124.43585458700011, 11.525621193000065], [124.43566767100003, 11.525087423000059], [124.43597508300002, 11.524026998000064], [124.43562762100011, 11.523629345000073], [124.43536098600009, 11.52365981100007], [124.43415760600011, 11.525190817000064], [124.43293428000005, 11.525872200000036], [124.43109255800003, 11.529986234000033], [124.42724125900007, 11.536746925000045], [124.43505354000003, 11.54179719600006], [124.44626730700008, 11.530470796000033]]]}}, {"type": "Feature", "properties": {"key": "Libtong (807808)", "barangay": "Libtong", "pgc_prefix": "807808"}, "geometry": {"type": "Polygon", "coordinates": [[[124.48083128300006, 11.545518359000024], [124.481394539, 11.545451296000065], [124.48150059000011, 11.544883845000072], [124.46691807300012, 11.529688347000048], [124.456132839, 11.541284577000052], [124.45739774000005, 11.541885838000042], [124.4583760390001, 11.541393890000052], [124.45867061300008, 11.542128494000051], [124.45964015000004, 11.541664543000026], [124.46007219500007, 11.54236449800004], [124.46126850200004, 11.54241349500006], [124.46767582100006, 11.555205534000038], [124.48083128300006, 11.545518359000024]]]}}, {"type": "Feature", "properties": {"key": "Villa Caneja (807808)", "barangay": "Villa Caneja", "pgc_prefix": "807808"}, "geometry": {"type": "Polygon", "coordinates": [[[124.46767582100006, 11.555205534000038], [124.46126850200004, 11.54241349500006], [124.46007219500007, 11.54236449800004], [124.45964015000004, 11.541664543000026], [124.45867061300008, 11.542128494000051], [124.4583760390001, 11.541393890000052], [124.45739774000005, 11.541885838000042], [124.45586807200004, 11.54111946100005], [124.45443596400001, 11.541143881000039], [124.45403019300011, 11.540111579000039], [124.45214257100008, 11.53888753900003], [124.4518240230001, 11.53817990500005], [124.4518707520001, 11.536887025000054], [124.45115078100002, 11.536973032000047], [124.45075510800007, 11.536742796000054], [124.45102819700003, 11.535809905000065], [124.45058487000006, 11.534351865000072], [124.44945159800011, 11.534310715000057], [124.44894078300003, 11.533948458000053], [124.44626730700008, 11.530470796000033], [124.43106693600011, 11.545899549000067], [124.45620879100012, 11.566544175000049], [124.45745534500008, 11.565984865000075], [124.45830820000005, 11.565133912000025], [124.45870174200002, 11.56545223300003], [124.4589101350001, 11.566141667000066], [124.45968676400003, 11.566616309000038], [124.460248598, 11.566558927000072], [124.46142309700006, 11.565843923000045], [124.46219427500012, 11.566681142000048], [124.46310783900003, 11.56711753800005], [124.4647163510001, 11.56621354400005], [124.46518522100007, 11.567295372000045], [124.46838843900004, 11.568552658000046], [124.46234214100004, 11.559149120000031], [124.46767582100006, 11.555205534000038]]]}}, {"type": "Feature", "properties": {"key": "Cabungaan (807808)", "barangay": "Cabungaan", "pgc_prefix": "807808"}, "geometry": {"type": "Polygon", "coordinates": [[[124.43278419300009, 11.570814959000074], [124.43293647400003, 11.568434313000067], [124.43317346100002, 11.567818354000053], [124.43362099300009, 11.56757457800006], [124.43400892500004, 11.567994580000061], [124.434301267, 11.570213685000057], [124.43464110600007, 11.57071281900005], [124.43505968200009, 11.570623663000047], [124.43561627200006, 11.569895005000035], [124.43601073900004, 11.569752841000023], [124.43714459900002, 11.570741767000074], [124.4376408170001, 11.57082665300004], [124.43911512200008, 11.569661627000075], [124.43993524400004, 11.569325717000025], [124.44168685600006, 11.569652147000056], [124.44239778800011, 11.569516346000059], [124.44317845900004, 11.56854063000003], [124.44459432400005, 11.568683825000049], [124.4462402260001, 11.569369752000055], [124.44979729700002, 11.569396756000057], [124.4522708180001, 11.568893242000057], [124.45390348800004, 11.567990888000054], [124.45427400100004, 11.568913042000073], [124.45461600600002, 11.568955722000053], [124.45569365300003, 11.568070694000028], [124.45625240700006, 11.566792461000034], [124.45620879100012, 11.566544175000049], [124.43106693600011, 11.545899549000067], [124.42564424300008, 11.552592540000033], [124.43135854600007, 11.566583749000076], [124.4304869550001, 11.568141556000057], [124.43218405200004, 11.570781646000055], [124.43278419300009, 11.570814959000074]]]}}, {"type": "Feature", "properties": {"key": "Cabibihan (807804)", "barangay": "Cabibihan", "pgc_prefix": "807804"}, "geometry": {"type": "Polygon", "coordinates": [[[124.53271755800007, 11.585101138000029], [124.53554906700003, 11.583696210000026], [124.53620331400009, 11.584357917000034], [124.53700356800005, 11.584550272000056], [124.53776334400004, 11.58435114200006], [124.53875146800011, 11.58370097600004], [124.54149420600004, 11.584415917000058], [124.54157649000001, 11.58542733400003], [124.54193748900002, 11.585855137000069], [124.54361035400008, 11.585152722000029], [124.54470055900003, 11.585432156000024], [124.5455487370001, 11.585953897000023], [124.5458044200001, 11.58678207300005], [124.54621025500012, 11.587157565000041], [124.54903551900007, 11.586405912000034], [124.54941916300005, 11.587199314000033], [124.54909441400002, 11.58861723900003], [124.54922614400006, 11.588984545000073], [124.5496368570001, 11.58919340500006], [124.55292557800009, 11.588471769000025], [124.55469772900007, 11.58921114700007], [124.5575549020001, 11.588885003000028], [124.55908648900004, 11.58926893800003], [124.56087144400011, 11.588866267000071], [124.5665875000001, 11.577171466000037], [124.56588149200002, 11.576951251000024], [124.56561723300001, 11.576613006000057], [124.56632983600002, 11.575557194000055], [124.56487477500004, 11.57503828600005], [124.56422139600011, 11.575162588000072], [124.56335204000004, 11.57463375200007], [124.56310645600003, 11.574224379000043], [124.56211158500003, 11.574362654000028], [124.562063168, 11.573425403000046], [124.56126489600001, 11.573128797000036], [124.55902656, 11.573035962000061], [124.55754262100004, 11.572522481000023], [124.55600423500006, 11.576305664000074], [124.55415451300006, 11.574964322000026], [124.55287059700005, 11.574571171000061], [124.5518859240001, 11.574730598000029], [124.55141257800007, 11.57384325700002], [124.55076173600001, 11.574946168000054], [124.55017658800011, 11.57506502000007], [124.54937692300007, 11.574589230000072], [124.54802919600002, 11.572530347000052], [124.546999131, 11.571865085000066], [124.54631443400001, 11.569290514000047], [124.54593053500004, 11.568634646000023], [124.54561135800009, 11.56858716700003], [124.54491909700005, 11.569179646000066], [124.54384503900009, 11.569183570000064], [124.54278918200009, 11.568149117000074], [124.5418760450001, 11.568140460000052], [124.5407470470001, 11.567269227000054], [124.53950541100005, 11.567540593000047], [124.53811438800005, 11.569203074000026], [124.53716199500003, 11.569199491000065], [124.53536668700008, 11.569852893000075], [124.50587605500006, 11.543352009000044], [124.49578148000013, 11.544833293000066], [124.49423895500001, 11.545595895000076], [124.49239671000011, 11.545403002000056], [124.49075650500002, 11.545863308000033], [124.48948958300004, 11.54536140300007], [124.489037918, 11.545446588000061], [124.48863508300008, 11.546067502000026], [124.48823867600005, 11.546197752000072], [124.48742120500003, 11.545675989000072], [124.48688110100012, 11.545884999000066], [124.48648686900005, 11.545712212000067], [124.48539666000012, 11.546120602000029], [124.4845863810001, 11.545784793000053], [124.48381555600008, 11.544829013000026], [124.48255819000008, 11.544494352000074], [124.48160057500002, 11.544754532000068], [124.48150059000011, 11.544883845000072], [124.5052678830001, 11.586171239000068], [124.5259825070001, 11.595960685000025], [124.53271755800007, 11.585101138000029]]]}}, {"type": "Feature", "properties": {"key": "Villa Consuelo (807808)", "barangay": "Villa Consuelo", "pgc_prefix": "807808"}, "geometry": {"type": "Polygon", "coordinates": [[[124.48799332800002, 11.598094082000044], [124.5052678830001, 11.586171239000068], [124.48150059000011, 11.544883845000072], [124.48130576700008, 11.545531681000057], [124.48071645100003, 11.54542360100004], [124.46234214100004, 11.559149120000031], [124.48799332800002, 11.598094082000044]]]}}, {"type": "Feature", "properties": {"key": "Lucsoon (807808)", "barangay": "Lucsoon", "pgc_prefix": "807808"}, "geometry": {"type": "Polygon", "coordinates": [[[124.46188402200006, 11.582164503000055], [124.46079288900012, 11.58182665700002], [124.46066517800013, 11.581385147000049], [124.46106041100006, 11.58089379200004], [124.46108363900011, 11.58030284600005], [124.45967832800011, 11.578445970000073], [124.45951140900002, 11.577238564000027], [124.45796410900003, 11.576838449000038], [124.45826721200001, 11.575993699000035], [124.458079096, 11.575660650000032], [124.45694126900003, 11.576194567000073], [124.4553838940001, 11.575233389000061], [124.4546878860001, 11.576391961000072], [124.45430555400003, 11.576176881000036], [124.45343287600008, 11.574889090000056], [124.45270723400006, 11.575433385000053], [124.45217605500011, 11.575473969000027], [124.45175638600007, 11.575840121000056], [124.45139840900005, 11.575760518000036], [124.45081434900011, 11.574716950000038], [124.44969588800006, 11.573763996000025], [124.4493090740001, 11.571842356000047], [124.44983657700006, 11.57075522400004], [124.44819533400005, 11.569312699000022], [124.4462402260001, 11.569369752000055], [124.44459432400005, 11.568683825000049], [124.44317845900004, 11.56854063000003], [124.44239778800011, 11.569516346000059], [124.44168685600006, 11.569652147000056], [124.43993524400004, 11.569325717000025], [124.43911512200008, 11.569661627000075], [124.4376408170001, 11.57082665300004], [124.43714459900002, 11.570741767000074], [124.43601073900004, 11.569752841000023], [124.43477522300009, 11.570751286000075], [124.43435377100002, 11.570406315000072], [124.43400892500004, 11.567994580000061], [124.43362099300009, 11.56757457800006], [124.43317346100002, 11.567818354000053], [124.43293647400003, 11.568434313000067], [124.43278419300009, 11.570814959000074], [124.43233058200008, 11.570885754000075], [124.4315193560001, 11.56998789800002], [124.42655726500004, 11.574288162000073], [124.4475545040001, 11.58339147300006], [124.46265137500006, 11.592836177000038], [124.46649590500009, 11.588241496000022], [124.46188402200006, 11.582164503000055]]]}}, {"type": "Feature", "properties": {"key": "Capi\u00c3\u00b1ahan (807808)", "barangay": "Capi\u00f1ahan", "pgc_prefix": "807808"}, "geometry": {"type": "Polygon", "coordinates": [[[124.48799332800002, 11.598094082000044], [124.46838843900004, 11.568552658000046], [124.46518522100007, 11.567295372000045], [124.4647163510001, 11.56621354400005], [124.46310783900003, 11.56711753800005], [124.46219427500012, 11.566681142000048], [124.46142309700006, 11.565843923000045], [124.460248598, 11.566558927000072], [124.45968676400003, 11.566616309000038], [124.4589101350001, 11.566141667000066], [124.45870174200002, 11.56545223300003], [124.45830820000005, 11.565133912000025], [124.45745534500008, 11.565984865000075], [124.4563345680001, 11.56637964400005], [124.455949271, 11.567731329000022], [124.45461600600002, 11.568955722000053], [124.45427400100004, 11.568913042000073], [124.45402721800009, 11.568102422000038], [124.45361270900004, 11.568005626000055], [124.4522708180001, 11.568893242000057], [124.45094605300004, 11.569221811000032], [124.44819533400005, 11.569312699000022], [124.44983657700006, 11.57075522400004], [124.4493090740001, 11.571842356000047], [124.44969588800006, 11.573763996000025], [124.45081434900011, 11.574716950000038], [124.45148790400005, 11.575820934000035], [124.45270723400006, 11.575433385000053], [124.45343287600008, 11.574889090000056], [124.45430555400003, 11.576176881000036], [124.4546878860001, 11.576391961000072], [124.4553838940001, 11.575233389000061], [124.45694126900003, 11.576194567000073], [124.45790783900009, 11.575659852000058], [124.45818002000011, 11.575739128000063], [124.45796410900003, 11.576838449000038], [124.45951140900002, 11.577238564000027], [124.45967832800011, 11.578445970000073], [124.46108363900011, 11.58030284600005], [124.46106041100006, 11.58089379200004], [124.46066517800013, 11.581385147000049], [124.46079288900012, 11.58182665700002], [124.46188402200006, 11.582164503000055], [124.46649590500009, 11.588241496000022], [124.46265137500006, 11.592836177000038], [124.48073495800008, 11.603344818000037], [124.48799332800002, 11.598094082000044]]]}}, {"type": "Feature", "properties": {"key": "Padre Sergio Eamiguel (807808)", "barangay": "Padre Sergio Eamiguel", "pgc_prefix": "807808"}, "geometry": {"type": "Polygon", "coordinates": [[[124.43615358900003, 11.586502844000053], [124.43660571400005, 11.578781456000058], [124.42655726500004, 11.574288162000073], [124.42101085200011, 11.580285124000055], [124.42138363300012, 11.581360419000076], [124.4215582930001, 11.583161525000035], [124.42283555800009, 11.584672177000071], [124.42283091000002, 11.58692662900006], [124.42363931900003, 11.588882400000044], [124.42459088800001, 11.590047612000035], [124.42439179200005, 11.591740302000062], [124.42476544600004, 11.593472546000044], [124.42452927400007, 11.594701469000027], [124.42493973000013, 11.59578312800005], [124.42648665300011, 11.598130655000034], [124.42762119600003, 11.598816904000044], [124.42793648100007, 11.600430503000043], [124.42831626600002, 11.601007331000062], [124.42993415600006, 11.601701686000066], [124.43118412000001, 11.602892014000078], [124.4324432520001, 11.602760635000038], [124.43440278300012, 11.603855993000025], [124.43475405600009, 11.604799435000071], [124.43545430200004, 11.605420903000038], [124.43817048000007, 11.586945576000062], [124.43615358900003, 11.586502844000053]]]}}, {"type": "Feature", "properties": {"key": "Lico (807808)", "barangay": "Lico", "pgc_prefix": "807808"}, "geometry": {"type": "Polygon", "coordinates": [[[124.43660571400005, 11.578781456000058], [124.43615358900003, 11.586502844000053], [124.43817048000007, 11.586945576000062], [124.43545430200004, 11.605420903000038], [124.43614023200007, 11.605491179000069], [124.43777641200008, 11.60745337700007], [124.43826843300008, 11.607681786000057], [124.44083879100003, 11.607539764000023], [124.44126438500007, 11.608157396000024], [124.44133478800006, 11.608769605000079], [124.44256156100005, 11.610232831000074], [124.44373915700008, 11.610575693000044], [124.4475545040001, 11.58339147300006], [124.43660571400005, 11.578781456000058]]]}}, {"type": "Feature", "properties": {"key": "Santo Ni\u00c3\u00b1o (807808)", "barangay": "Santo Ni\u00f1o", "pgc_prefix": "807808"}, "geometry": {"type": "Polygon", "coordinates": [[[124.40356435800005, 11.558830713000077], [124.40549189700006, 11.551935714000026], [124.40446211100004, 11.550012194000033], [124.40440126700003, 11.549457809000044], [124.40492840300011, 11.549061001000041], [124.40635262, 11.549159453000073], [124.40674623300004, 11.548694630000055], [124.4068773570001, 11.547349838000056], [124.4062308560001, 11.545520138000024], [124.40650398100001, 11.544934878000047], [124.40807817000007, 11.54385746400004], [124.40828055700003, 11.543244355000066], [124.40816970400012, 11.542927695000058], [124.40782609300003, 11.542828859000053], [124.40657389500005, 11.543086206000055], [124.40546103600002, 11.543502258000045], [124.404195811, 11.544354903000055], [124.40350777800006, 11.544394652000046], [124.40299548100008, 11.543987604000051], [124.40275913200003, 11.543264758000019], [124.40292032100001, 11.542570832000022], [124.40413385500004, 11.541302263000032], [124.40387368300004, 11.541207815000062], [124.40294512900006, 11.541738720000067], [124.40220346400008, 11.543106303000059], [124.40167565600007, 11.543493724000026], [124.40090467700009, 11.546981655000023], [124.39969867600009, 11.548842297000016], [124.39911991200006, 11.549294231000031], [124.39908693600012, 11.549949310000045], [124.39878458500006, 11.549939305000066], [124.39855210400003, 11.55078900500007], [124.39831308400005, 11.550742970000044], [124.3983566730001, 11.55117253900005], [124.39788402500005, 11.551836285000034], [124.39666130000012, 11.555955255000072], [124.39615619700011, 11.556663385000036], [124.39653299300006, 11.557049930000064], [124.39551533800011, 11.559353552000061], [124.39869357300005, 11.560244873000046], [124.40356435800005, 11.558830713000077]]]}}, {"type": "Feature", "properties": {"key": "Caraycaray (807808)", "barangay": "Caraycaray", "pgc_prefix": "807808"}, "geometry": {"type": "Polygon", "coordinates": [[[124.42810636200011, 11.568470510000054], [124.42876725600003, 11.567208758000046], [124.430587682, 11.56645182300002], [124.43129825200005, 11.566487289000065], [124.42564424300008, 11.552592540000033], [124.4198270800001, 11.550822823000034], [124.4086347760001, 11.53810000900006], [124.40898689500011, 11.537948528000072], [124.40896388000012, 11.53757969100007], [124.40712223800006, 11.535725811000075], [124.40647306100006, 11.53562841200005], [124.40589576700008, 11.536638649000052], [124.40587497700005, 11.537479571000064], [124.40539415700005, 11.537924275000021], [124.40560695900001, 11.538103585000043], [124.40525794000008, 11.538370772000063], [124.40514728300002, 11.539000444000063], [124.40532715200005, 11.539455441000031], [124.40490659600005, 11.53949093500006], [124.40484940600003, 11.541026966000059], [124.40413385500004, 11.541302263000032], [124.40340475900005, 11.541985536000027], [124.40292032100001, 11.542570832000022], [124.40275913200003, 11.543264758000019], [124.40319601700003, 11.544215780000059], [124.40385062400003, 11.544404947000032], [124.40657389500005, 11.543086206000055], [124.40782609300003, 11.542828859000053], [124.40816970400012, 11.542927695000058], [124.40828055700003, 11.543244355000066], [124.40807817000007, 11.54385746400004], [124.40650398100001, 11.544934878000047], [124.4062308560001, 11.545520138000024], [124.4068773570001, 11.547349838000056], [124.40674623300004, 11.548694630000055], [124.40635262, 11.549159453000073], [124.40492840300011, 11.549061001000041], [124.40440126700003, 11.549457809000044], [124.40446211100004, 11.550012194000033], [124.40549189700006, 11.551935714000026], [124.40356435800005, 11.558830713000077], [124.403568446, 11.560436236000045], [124.41208067000002, 11.55959544800004], [124.41323810000004, 11.559653044000072], [124.41364038000006, 11.559379976000056], [124.4139575170001, 11.557759172000031], [124.41495248300009, 11.557297534000043], [124.41572056100007, 11.557362469000052], [124.41630764400009, 11.558478183000036], [124.41830876800009, 11.558483196000054], [124.41894175400012, 11.558742890000074], [124.41937291700003, 11.559233609000044], [124.41984410200007, 11.56004308200005], [124.41999263900004, 11.561013906000024], [124.41986855700009, 11.562556080000034], [124.41949766700009, 11.56316492900004], [124.42010058600012, 11.56353269400006], [124.42091764600002, 11.565963195000052], [124.4214442010001, 11.566683194000062], [124.42253625000002, 11.56714965200007], [124.42385226500006, 11.566692454000076], [124.42625605800004, 11.566738781000026], [124.42659325200009, 11.567010246000052], [124.42722148300005, 11.568485983000075], [124.42774866100002, 11.568645114000049], [124.42810636200011, 11.568470510000054]]]}}, {"type": "Feature", "properties": {"key": "Santissimo Rosario Pob. (807808)", "barangay": "Santissimo Rosario Pob.", "pgc_prefix": "807808"}, "geometry": {"type": "Polygon", "coordinates": [[[124.39415790700002, 11.563580981000028], [124.39423006100004, 11.562383544000053], [124.39655281400007, 11.556988312000044], [124.39615619700011, 11.556663385000036], [124.39537498400011, 11.55766456900005], [124.39512461200002, 11.55755429900006], [124.39496133500006, 11.557957593000026], [124.39471326100012, 11.557982348000053], [124.39489127600007, 11.55771342500003], [124.39468110400003, 11.55797447200007], [124.39437429400006, 11.557877822000021], [124.3947555940001, 11.558129868000037], [124.39440355600004, 11.558831180000029], [124.39381096900003, 11.558838661000038], [124.39368122000009, 11.558703721000029], [124.39388482400011, 11.558527711000066], [124.39313741900003, 11.558705680000061], [124.39208600900008, 11.559298321000028], [124.39182856100003, 11.559836528000062], [124.39100814500013, 11.559498199000075], [124.39081183100006, 11.55998906700006], [124.3889108180001, 11.559314354000035], [124.39114701100004, 11.56022482000003], [124.39139539300004, 11.562420145000031], [124.39243884100004, 11.562703194000049], [124.39263154700006, 11.563371869000035], [124.39415790700002, 11.563580981000028]]]}}, {"type": "Feature", "properties": {"key": "Padre Inocentes Garcia (807808)", "barangay": "Padre Inocentes Garcia", "pgc_prefix": "807808"}, "geometry": {"type": "Polygon", "coordinates": [[[124.40354882300005, 11.565127628000024], [124.40356435800005, 11.558830713000077], [124.39869357300005, 11.560244873000046], [124.39551533800011, 11.559353552000061], [124.39419324600009, 11.562502093000035], [124.39420052400008, 11.564249931000063], [124.40022837400011, 11.568918299000073], [124.40354882300005, 11.565127628000024]]]}}, {"type": "Feature", "properties": {"key": "Calumpang (807808)", "barangay": "Calumpang", "pgc_prefix": "807808"}, "geometry": {"type": "Polygon", "coordinates": [[[124.42655726500004, 11.574288162000073], [124.4315193560001, 11.56998789800002], [124.4304869550001, 11.568141556000057], [124.43132435200005, 11.566872155000055], [124.43129825200005, 11.566487289000065], [124.430587682, 11.56645182300002], [124.42876725600003, 11.567208758000046], [124.42825361500003, 11.568277134000027], [124.42774866100002, 11.568645114000049], [124.42722148300005, 11.568485983000075], [124.42659325200009, 11.567010246000052], [124.42625605800004, 11.566738781000026], [124.42385226500006, 11.566692454000076], [124.42253625000002, 11.56714965200007], [124.42163087000004, 11.566825008000023], [124.42091764600002, 11.565963195000052], [124.42010058600012, 11.56353269400006], [124.41953056800004, 11.563278918000035], [124.41986855700009, 11.562556080000034], [124.41999263900004, 11.561013906000024], [124.41984410200007, 11.56004308200005], [124.41937291700003, 11.559233609000044], [124.41894175400012, 11.558742890000074], [124.41830876800009, 11.558483196000054], [124.41630764400009, 11.558478183000036], [124.41583832300012, 11.557469671000034], [124.41552002900006, 11.557313269000076], [124.41469362700002, 11.557363537000072], [124.4139575170001, 11.557759172000031], [124.41364038000006, 11.559379976000056], [124.41323810000004, 11.559653044000072], [124.41208067000002, 11.55959544800004], [124.403568446, 11.560436236000045], [124.40354882300005, 11.565127628000024], [124.40022837400011, 11.568918299000073], [124.4032406560001, 11.570996670000056], [124.40780645300003, 11.572389643000063], [124.40885544100001, 11.572211189000027], [124.41035069500003, 11.572356464000052], [124.4120362970001, 11.573910458000057], [124.41327501300009, 11.573972877000076], [124.41688503900004, 11.575510322000069], [124.41734877800003, 11.575941233000039], [124.41801273900012, 11.577772674000073], [124.41853879800009, 11.578454962000023], [124.42057844900012, 11.579722751000078], [124.42101085200011, 11.580285124000055], [124.42655726500004, 11.574288162000073]]]}}, {"type": "Feature", "properties": {"key": "Atipolo (807808)", "barangay": "Atipolo", "pgc_prefix": "807808"}, "geometry": {"type": "Polygon", "coordinates": [[[124.39381358000003, 11.579018626000053], [124.39781055000003, 11.577552321000042], [124.39805481700012, 11.576232512000047], [124.39871644300001, 11.575449497000019], [124.40072917500005, 11.574371971000058], [124.40263954300006, 11.574122104000024], [124.40618317200007, 11.571956671000066], [124.4032406560001, 11.570996670000056], [124.39420052400008, 11.564249931000063], [124.39415790700002, 11.563580981000028], [124.3927064180001, 11.563410645000035], [124.39243884100004, 11.562703194000049], [124.39150518100007, 11.562484682000045], [124.39180170400004, 11.566851561000023], [124.3911067360001, 11.567469720000075], [124.39110289700011, 11.568143087000067], [124.39013982400003, 11.569798343000059], [124.39098213200008, 11.573447816000051], [124.39092440200011, 11.574765670000032], [124.39054283800012, 11.575609066000027], [124.38939473000003, 11.575475070000039], [124.39073270200004, 11.575822050000054], [124.39074707500005, 11.576729854000062], [124.39054100300008, 11.57704723300003], [124.3901303250001, 11.577030684000023], [124.39046356600011, 11.57885379000004], [124.39381358000003, 11.579018626000053]]]}}, {"type": "Feature", "properties": {"key": "Larrazabal (807808)", "barangay": "Larrazabal", "pgc_prefix": "807808"}, "geometry": {"type": "Polygon", "coordinates": [[[124.42101085200011, 11.580285124000055], [124.41853879800009, 11.578454962000023], [124.41801273900012, 11.577772674000073], [124.41734877800003, 11.575941233000039], [124.41688503900004, 11.575510322000069], [124.41327501300009, 11.573972877000076], [124.4120362970001, 11.573910458000057], [124.41035069500003, 11.572356464000052], [124.40885544100001, 11.572211189000027], [124.40780645300003, 11.572389643000063], [124.40618317200007, 11.571956671000066], [124.40263954300006, 11.574122104000024], [124.401418368, 11.574371915000027], [124.40026777800007, 11.581132607000027], [124.40045278900006, 11.582671127000028], [124.40832227100007, 11.584937100000044], [124.41414359500004, 11.586263235000045], [124.42101085200011, 11.580285124000055]]]}}, {"type": "Feature", "properties": {"key": "Agpangi (807808)", "barangay": "Agpangi", "pgc_prefix": "807808"}, "geometry": {"type": "Polygon", "coordinates": [[[124.41370848700002, 11.586179617000028], [124.40832227100007, 11.584937100000044], [124.40045278900006, 11.582671127000028], [124.40026777800007, 11.581132607000027], [124.401418368, 11.574371915000027], [124.40050490400006, 11.574458224000066], [124.39851693600008, 11.575590207000062], [124.39805481700012, 11.576232512000047], [124.39794649900011, 11.577308429000027], [124.39739276500005, 11.577820047000042], [124.39381358000003, 11.579018626000053], [124.39046356600011, 11.57885379000004], [124.39039594600003, 11.578678663000062], [124.3902045550001, 11.579104144000041], [124.390343109, 11.58027605800004], [124.39075701200012, 11.58024080300004], [124.39141123200012, 11.58224378500006], [124.39153970300003, 11.583690806000048], [124.39197101000002, 11.584010504000048], [124.39333923600007, 11.586575247000042], [124.39447853000001, 11.587666461000028], [124.394746746, 11.587605018000032], [124.39578044200006, 11.589080558000035], [124.39602817800007, 11.59073125900005], [124.39576314000008, 11.592410995000025], [124.39556227000004, 11.592424455000069], [124.39583223600003, 11.592732609000052], [124.39558574500008, 11.592893583000034], [124.39591037300012, 11.592807564000056], [124.39655101300002, 11.591675825000037], [124.39649967500009, 11.59053118300005], [124.39700425200012, 11.59041084900002], [124.39763669300011, 11.590841846000044], [124.39832278300003, 11.590802153000025], [124.39886917100011, 11.591570079000066], [124.39925263700003, 11.591053233000023], [124.39985823400002, 11.591380266000044], [124.39971620800007, 11.591985318000072], [124.40016871400007, 11.592793588000063], [124.40071788400007, 11.593043286000068], [124.40138196200007, 11.592535247000056], [124.40293332200008, 11.59246527600004], [124.40315150600009, 11.592899757000056], [124.40363894400004, 11.592919460000074], [124.41037811400008, 11.59681334800007], [124.41370848700002, 11.586179617000028]]]}}, {"type": "Feature", "properties": {"key": "Sabang (807808)", "barangay": "Sabang", "pgc_prefix": "807808"}, "geometry": {"type": "Polygon", "coordinates": [[[124.40363894400004, 11.592919460000074], [124.40315150600009, 11.592899757000056], [124.40304037300007, 11.592535052000073], [124.4026788540001, 11.592439538000065], [124.40138196200007, 11.592535247000056], [124.40066987600005, 11.593030551000023], [124.4000168560001, 11.592647232000047], [124.39970137900002, 11.591274606000068], [124.39920127000005, 11.59106368500005], [124.39886917100011, 11.591570079000066], [124.3982648870001, 11.590770419000023], [124.39763669300011, 11.590841846000044], [124.3970922530001, 11.59043735600005], [124.39657339900009, 11.590435611000034], [124.39667376300008, 11.59122580700006], [124.39584578200004, 11.593117728000037], [124.39517263300002, 11.593125146000032], [124.39539359400011, 11.593815249000043], [124.39506165800003, 11.594988991000037], [124.395096996, 11.596103591000029], [124.39549739800009, 11.596166538000032], [124.3957029940001, 11.596530493000044], [124.39781215000005, 11.597031752000019], [124.399122711, 11.59670818100005], [124.40050407400008, 11.597160949000056], [124.40237334600012, 11.597292386000047], [124.40718972100002, 11.600941342000056], [124.41037811400008, 11.59681334800007], [124.40363894400004, 11.592919460000074]]]}}, {"type": "Feature", "properties": {"key": "Pulang Bato (807801)", "barangay": "Pulang Bato", "pgc_prefix": "807801"}, "geometry": {"type": "Polygon", "coordinates": [[[124.40271129700012, 11.59766523500002], [124.40224014300009, 11.597250942000073], [124.40050407400008, 11.597160949000056], [124.399122711, 11.59670818100005], [124.39781215000005, 11.597031752000019], [124.3957029940001, 11.596530493000044], [124.39549739800009, 11.596166538000032], [124.39477318700007, 11.59612349400004], [124.39391422500013, 11.597836647000065], [124.393345339, 11.598312202000045], [124.39335226200002, 11.598855228000048], [124.39273116800005, 11.599781703000074], [124.39211957800002, 11.599647058000071], [124.39190763800002, 11.599949648000063], [124.39125081800012, 11.600131263000039], [124.38966639000013, 11.60166677500007], [124.38841887500008, 11.601227291000043], [124.38752841100008, 11.601451298000029], [124.38720848800007, 11.601838799000063], [124.39535890700006, 11.606962407000024], [124.40271129700012, 11.59766523500002]]]}}, {"type": "Feature", "properties": {"key": "Maurang (807804)", "barangay": "Maurang", "pgc_prefix": "807804"}, "geometry": {"type": "Polygon", "coordinates": [[[124.57384082900013, 11.570826637000039], [124.57442320700011, 11.553055025000049], [124.55476840200004, 11.544082943000035], [124.5569716540001, 11.547172971000068], [124.5568643260001, 11.548346730000047], [124.55720201000008, 11.548723448000029], [124.55705053000008, 11.550731819000076], [124.55746533600006, 11.551547632000052], [124.55772153500004, 11.553291160000072], [124.55692355400004, 11.555709387000038], [124.55710290600007, 11.55632556200004], [124.55632595300007, 11.557508884000072], [124.55466415, 11.55881662200005], [124.55390922400011, 11.559981020000068], [124.55386624600011, 11.56169867700004], [124.55346597100004, 11.563176417000022], [124.553927185, 11.56415382800003], [124.55377511700009, 11.566066061000068], [124.55446055400013, 11.567385265000045], [124.57384082900013, 11.570826637000039]]]}}, {"type": "Feature", "properties": {"key": "Villa Vicenta (807804)", "barangay": "Villa Vicenta", "pgc_prefix": "807804"}, "geometry": {"type": "Polygon", "coordinates": [[[124.55754262100004, 11.572522481000023], [124.555593013, 11.572049425000046], [124.55484302600007, 11.570690088000049], [124.5540190910001, 11.570832874000073], [124.55340118600009, 11.569760102000032], [124.55001392000008, 11.567992989000063], [124.54922850600008, 11.566799022000053], [124.54765370100004, 11.566016210000045], [124.54677913900004, 11.564979036000066], [124.5463895470001, 11.563666771000046], [124.54536203300006, 11.562872327000036], [124.54518470300002, 11.56187900700007], [124.5457683520001, 11.560618014000054], [124.54571415700003, 11.56001717200007], [124.54543043800004, 11.55968099200004], [124.54582623500006, 11.557518236000021], [124.54552302, 11.556717810000066], [124.5452913800001, 11.553552711000066], [124.54573659000005, 11.552898096000037], [124.54578368100009, 11.55199940700004], [124.54546690400002, 11.551338847000068], [124.5443363490001, 11.550534390000053], [124.54346864500009, 11.550160982000019], [124.54271430500012, 11.550502853000067], [124.539422865, 11.550360350000062], [124.53861533500002, 11.550008108000045], [124.5360678080001, 11.550016817000026], [124.53510131100006, 11.549501354000027], [124.5346988870001, 11.548799252000034], [124.53263881200007, 11.547724649000028], [124.53238958100009, 11.54712428600004], [124.53127830100004, 11.546088868000025], [124.53017322200003, 11.546467457000064], [124.52847245500006, 11.54635431000003], [124.5269087590001, 11.545132968000075], [124.51966950300005, 11.541355589000032], [124.50587605500006, 11.543352009000044], [124.53536668700008, 11.569852893000075], [124.53716199500003, 11.569199491000065], [124.53811438800005, 11.569203074000026], [124.53945030000013, 11.567582051000045], [124.540642626, 11.567250077000041], [124.5418760450001, 11.568140460000052], [124.54278918200009, 11.568149117000074], [124.54396418200008, 11.569214707000068], [124.54508400500002, 11.569123141000036], [124.54580086200008, 11.568584221000034], [124.54627685900006, 11.569180406000042], [124.546999131, 11.571865085000066], [124.54802919600002, 11.572530347000052], [124.54946507900003, 11.574683996000031], [124.55061469100008, 11.575048898000034], [124.55141257800007, 11.57384325700002], [124.5518859240001, 11.574730598000029], [124.55287059700005, 11.574571171000061], [124.55415451300006, 11.574964322000026], [124.55600423500006, 11.576305664000074], [124.55754262100004, 11.572522481000023]]]}}, {"type": "Feature", "properties": {"key": "Manlabang (807804)", "barangay": "Manlabang", "pgc_prefix": "807804"}, "geometry": {"type": "Polygon", "coordinates": [[[124.57959747800008, 11.568264375000068], [124.58090336300006, 11.56778560300006], [124.5824745010001, 11.567850619000067], [124.58316363800009, 11.567474014000029], [124.58323689000007, 11.567077324000024], [124.5834200380001, 11.567232595000064], [124.58394260200009, 11.566528455000027], [124.58488980400011, 11.566081060000045], [124.58520021900006, 11.565399851000048], [124.58599469700006, 11.565211626000064], [124.5864468320001, 11.564696036000043], [124.58732757800009, 11.564651750000055], [124.58746607400008, 11.564447994000032], [124.5880215740001, 11.565344812000037], [124.58760150400008, 11.564470292000065], [124.5878727820001, 11.564170860000043], [124.58763225000008, 11.564248819000055], [124.58791283200003, 11.564073403000068], [124.58811825100008, 11.56409731800005], [124.58861852100006, 11.563356584000077], [124.5904809760001, 11.561767363000056], [124.57442320700011, 11.553055025000049], [124.5740150790001, 11.566617422000032], [124.57578196600002, 11.566916586000048], [124.5757565670001, 11.567801328000026], [124.57959747800008, 11.568264375000068]]]}}, {"type": "Feature", "properties": {"key": "Palengke (807804)", "barangay": "Palengke", "pgc_prefix": "807804"}, "geometry": {"type": "Polygon", "coordinates": [[[124.58230308600002, 11.571169784000064], [124.58232198000007, 11.569403241000028], [124.58302432800008, 11.567542985000046], [124.58241971600012, 11.567859215000057], [124.58168035400003, 11.567714625000063], [124.58028861700005, 11.56791351000004], [124.5794020610001, 11.568301648000045], [124.5757565670001, 11.567801328000026], [124.57578196600002, 11.566916586000048], [124.5740150790001, 11.566617422000032], [124.57387345900008, 11.570098585000041], [124.57464065800004, 11.570205396000064], [124.57605287500009, 11.56985987200005], [124.58230308600002, 11.571169784000064]]]}}, {"type": "Feature", "properties": {"key": "Palanay (807804)", "barangay": "Palanay", "pgc_prefix": "807804"}, "geometry": {"type": "Polygon", "coordinates": [[[124.58238461200007, 11.57241869400002], [124.58229901600009, 11.571202852000054], [124.57605287500009, 11.56985987200005], [124.57464065800004, 11.570205396000064], [124.57387345900008, 11.570098585000041], [124.57384082900013, 11.570826637000039], [124.58238461200007, 11.57241869400002]]]}}, {"type": "Feature", "properties": {"key": "Victory (807804)", "barangay": "Victory", "pgc_prefix": "807804"}, "geometry": {"type": "Polygon", "coordinates": [[[124.57969158600008, 11.581943898000073], [124.58019431800007, 11.58157202700005], [124.58073867200007, 11.57902245200006], [124.58204905300009, 11.576719924000031], [124.5818635710001, 11.57619582500007], [124.58209518000001, 11.575657650000037], [124.58185431100001, 11.575252103000023], [124.58230614400009, 11.574577273000045], [124.58254942300005, 11.573552543000062], [124.58238306000008, 11.572471998000022], [124.55446055400013, 11.567385265000045], [124.55492067500006, 11.568422059000056], [124.55460584800005, 11.569190960000071], [124.55491389900008, 11.569949713000026], [124.5547995500001, 11.570591987000057], [124.555593013, 11.572049425000046], [124.55902656, 11.573035962000061], [124.559968667, 11.572940262000033], [124.56198163600003, 11.573380331000067], [124.56211158500003, 11.574362654000028], [124.56310645600003, 11.574224379000043], [124.56335204000004, 11.57463375200007], [124.56422139600011, 11.575162588000072], [124.56487477500004, 11.57503828600005], [124.56628522400001, 11.575491574000068], [124.56563555600007, 11.576404187000037], [124.56588149200002, 11.576951251000024], [124.56704988500007, 11.577233304000057], [124.5683872830001, 11.576192768000052], [124.56895259100007, 11.576853787000061], [124.57012410000004, 11.577425108000059], [124.57054142300002, 11.578274941000073], [124.57257760500009, 11.57828564500005], [124.57332131500004, 11.578867848000073], [124.57489141700012, 11.579509380000045], [124.57509642200013, 11.57970006800002], [124.5752808630001, 11.581058721000034], [124.57585935700001, 11.581638278000069], [124.57616372500001, 11.58168160100007], [124.57680727500008, 11.581233577000031], [124.57712627600006, 11.58042596400003], [124.57759748200012, 11.580835653000069], [124.57751942800006, 11.581031439000071], [124.57720354900005, 11.580976707000048], [124.57722009100009, 11.58120546900005], [124.5778848670001, 11.581901144000025], [124.57841759800009, 11.581810283000037], [124.57905659900007, 11.58113412100005], [124.57969158600008, 11.581943898000073]]]}}, {"type": "Feature", "properties": {"key": "Binohangan (807804)", "barangay": "Binohangan", "pgc_prefix": "807804"}, "geometry": {"type": "Polygon", "coordinates": [[[124.56786609300002, 11.598244490000068], [124.5687322770001, 11.597181428000056], [124.568647283, 11.597002409000027], [124.56911052900011, 11.596954544000026], [124.5712730350001, 11.595519930000021], [124.57140903800008, 11.595174388000029], [124.57261527700008, 11.594865767000044], [124.57276827700002, 11.594593080000037], [124.57310674000007, 11.59484287500004], [124.57555013400007, 11.594097020000047], [124.57621263800003, 11.593310901000052], [124.57727823300002, 11.592889119000063], [124.57739725400006, 11.592342469000073], [124.57607016800013, 11.591035377000026], [124.57781014800001, 11.590560235000053], [124.57721453600004, 11.588735963000032], [124.577467264, 11.586846728000069], [124.57817870500003, 11.585146398000063], [124.5799338690001, 11.58250464400004], [124.57912527600003, 11.581149403000039], [124.57829743500008, 11.581879885000031], [124.57777502800002, 11.581834615000046], [124.57722009100009, 11.58120546900005], [124.57720354900005, 11.580976707000048], [124.57759742500002, 11.580933614000061], [124.57723238600012, 11.580444295000062], [124.57693868000001, 11.580514597000045], [124.57680727500008, 11.581233577000031], [124.57616372500001, 11.58168160100007], [124.57585935700001, 11.581638278000069], [124.5752808630001, 11.581058721000034], [124.57509642200013, 11.57970006800002], [124.57489141700012, 11.579509380000045], [124.57332131500004, 11.578867848000073], [124.57257760500009, 11.57828564500005], [124.57054142300002, 11.578274941000073], [124.57012410000004, 11.577425108000059], [124.56895259100007, 11.576853787000061], [124.56829284000004, 11.576166128000068], [124.5674169130001, 11.577091439000068], [124.5665875000001, 11.577171466000037], [124.56087144400011, 11.588866267000071], [124.55964406500003, 11.594110499000067], [124.56786609300002, 11.598244490000068]]]}}, {"type": "Feature", "properties": {"key": "Kawayanon (807804)", "barangay": "Kawayanon", "pgc_prefix": "807804"}, "geometry": {"type": "Polygon", "coordinates": [[[124.54932967200011, 11.58906808000006], [124.54909441400002, 11.58861723900003], [124.54941916300005, 11.587199314000033], [124.54903551900007, 11.586405912000034], [124.54621025500012, 11.587157565000041], [124.5458044200001, 11.58678207300005], [124.5454792380001, 11.585890671000074], [124.54397796500008, 11.585167704000071], [124.54193748900002, 11.585855137000069], [124.54157649000001, 11.58542733400003], [124.54143069300007, 11.584376120000055], [124.53862024400007, 11.583697045000063], [124.53776334400004, 11.58435114200006], [124.53682793900008, 11.584547560000031], [124.53620331400009, 11.584357917000034], [124.53554906700003, 11.583696210000026], [124.53352481300011, 11.584922594000032], [124.53271755800007, 11.585101138000029], [124.5259825070001, 11.595960685000025], [124.54060652500006, 11.60222180100004], [124.54932967200011, 11.58906808000006]]]}}, {"type": "Feature", "properties": {"key": "Caulangohan (807804)", "barangay": "Caulangohan", "pgc_prefix": "807804"}, "geometry": {"type": "Polygon", "coordinates": [[[124.56087144400011, 11.588866267000071], [124.55908648900004, 11.58926893800003], [124.5575549020001, 11.588885003000028], [124.55469772900007, 11.58921114700007], [124.55292557800009, 11.588471769000025], [124.54984982400005, 11.589207005000047], [124.54932967200011, 11.58906808000006], [124.54578023600006, 11.594326083000055], [124.55514820300003, 11.599046594000072], [124.55964406500003, 11.594110499000067], [124.56087144400011, 11.588866267000071]]]}}, {"type": "Feature", "properties": {"key": "Alegria (807804)", "barangay": "Alegria", "pgc_prefix": "807804"}, "geometry": {"type": "Polygon", "coordinates": [[[124.56353345900003, 11.603861738000033], [124.56376684000008, 11.603672752000023], [124.56357188700007, 11.603336636000051], [124.56401639, 11.60336210500003], [124.56435445700004, 11.60261979000006], [124.56571402000007, 11.601574934000038], [124.5667140290001, 11.60041108000007], [124.56708984500005, 11.599310234000026], [124.56786609300002, 11.598244490000068], [124.55964406500003, 11.594110499000067], [124.55514820300003, 11.599046594000072], [124.56353345900003, 11.603861738000033]]]}}, {"type": "Feature", "properties": {"key": "Talustusan (807808)", "barangay": "Talustusan", "pgc_prefix": "807808"}, "geometry": {"type": "Polygon", "coordinates": [[[124.45796588200007, 11.619610673000066], [124.45660546700003, 11.61898874700006], [124.455353961, 11.618821424000032], [124.45478147800009, 11.61835110900006], [124.45409098800009, 11.61817466100007], [124.45258591800007, 11.61653544300003], [124.45109006400004, 11.616114920000031], [124.4507097520001, 11.615179539000053], [124.44991521600004, 11.614507191000031], [124.44802699000002, 11.613968308000038], [124.44776720000004, 11.613168443000063], [124.44685479200007, 11.612212083000031], [124.44477109300011, 11.611556768000073], [124.44373915700008, 11.610575693000044], [124.44267914500007, 11.61034699500004], [124.44133478800006, 11.608769605000079], [124.44126438500007, 11.608157396000024], [124.44083879100003, 11.607539764000023], [124.44042213900002, 11.607424944000057], [124.43875160900006, 11.60776355000007], [124.43777641200008, 11.60745337700007], [124.43614023200007, 11.605491179000069], [124.43510126, 11.605206338000073], [124.43440278300012, 11.603855993000025], [124.4324432520001, 11.602760635000038], [124.43118412000001, 11.602892014000078], [124.42993415600006, 11.601701686000066], [124.42831626600002, 11.601007331000062], [124.42785980000009, 11.600170366000041], [124.42779755000005, 11.59909751200007], [124.42748251100012, 11.598640803000023], [124.42635447300006, 11.597975672000075], [124.42461256500009, 11.595074847000035], [124.424753484, 11.593192432000022], [124.42439179200005, 11.591740302000062], [124.42459088800001, 11.590047612000035], [124.42363931900003, 11.588882400000044], [124.42283091000002, 11.58692662900006], [124.42283555800009, 11.584672177000071], [124.4215582930001, 11.583161525000035], [124.42138363300012, 11.581360419000076], [124.42101085200011, 11.580285124000055], [124.41414359500004, 11.586263235000045], [124.41370848700002, 11.586179617000028], [124.41037811400008, 11.59681334800007], [124.40718972100002, 11.600941342000056], [124.41714915000011, 11.605581328000028], [124.42812348200003, 11.608967549000058], [124.43284522400005, 11.61439402800005], [124.43459949700002, 11.61567379300004], [124.45407678000005, 11.622236156000044], [124.45796588200007, 11.619610673000066]]]}}, {"type": "Feature", "properties": {"key": "Imelda (807808)", "barangay": "Imelda", "pgc_prefix": "807808"}, "geometry": {"type": "Polygon", "coordinates": [[[124.45796588200007, 11.619610673000066], [124.48073495800008, 11.603344818000037], [124.46265137500006, 11.592836177000038], [124.4475545040001, 11.58339147300006], [124.44373915700008, 11.610575693000044], [124.44455187200003, 11.611443271000041], [124.44685479200007, 11.612212083000031], [124.44776720000004, 11.613168443000063], [124.44802699000002, 11.613968308000038], [124.44991521600004, 11.614507191000031], [124.4507097520001, 11.615179539000053], [124.45109006400004, 11.616114920000031], [124.45258591800007, 11.61653544300003], [124.45409098800009, 11.61817466100007], [124.45478147800009, 11.61835110900006], [124.455353961, 11.618821424000032], [124.45703943500008, 11.619113886000038], [124.45796588200007, 11.619610673000066]]]}}, {"type": "Feature", "properties": {"key": "San Roque (807805)", "barangay": "San Roque", "pgc_prefix": "807805"}, "geometry": {"type": "Polygon", "coordinates": [[[124.55679138300002, 11.637458507000074], [124.55756398600012, 11.635210182000039], [124.55857358800006, 11.633391258000072], [124.49795428300003, 11.591299013000024], [124.49494283100013, 11.593306647000075], [124.55679138300002, 11.637458507000074]]]}}, {"type": "Feature", "properties": {"key": "Guindapunan (807805)", "barangay": "Guindapunan", "pgc_prefix": "807805"}, "geometry": {"type": "Polygon", "coordinates": [[[124.55512715400005, 11.639939550000065], [124.55702702200006, 11.637152974000058], [124.55676676700013, 11.63746790300007], [124.49494283100013, 11.593306647000075], [124.49131364700008, 11.595700365000026], [124.55512715400005, 11.639939550000065]]]}}, {"type": "Feature", "properties": {"key": "Habuhab (807805)", "barangay": "Habuhab", "pgc_prefix": "807805"}, "geometry": {"type": "Polygon", "coordinates": [[[124.55116615000009, 11.645478839000077], [124.55175717800012, 11.644091437000041], [124.55238611100005, 11.643379315000061], [124.55268704800004, 11.64332769400005], [124.5529332320001, 11.642672075000062], [124.55474133300004, 11.640929051000056], [124.55512715400005, 11.639939550000065], [124.49131364700008, 11.595700365000026], [124.48799332800002, 11.598094082000044], [124.55116615000009, 11.645478839000077]]]}}, {"type": "Feature", "properties": {"key": "Sampao (807801)", "barangay": "Sampao", "pgc_prefix": "807801"}, "geometry": {"type": "Polygon", "coordinates": [[[124.43459949700002, 11.61567379300004], [124.43284522400005, 11.61439402800005], [124.42812348200003, 11.608967549000058], [124.42243050000003, 11.607234046000032], [124.41507614400007, 11.616119514000049], [124.41897917700008, 11.618939839000063], [124.4448889370001, 11.63527796900007], [124.45407678000005, 11.622236156000044], [124.43459949700002, 11.61567379300004]]]}}, {"type": "Feature", "properties": {"key": "Looc (807805)", "barangay": "Looc", "pgc_prefix": "807805"}, "geometry": {"type": "Polygon", "coordinates": [[[124.54464276700003, 11.653234485000041], [124.54661530200009, 11.651464126000064], [124.54823143300007, 11.651164996000032], [124.5482094690001, 11.650220197000067], [124.54850010000006, 11.64969752500002], [124.550819466, 11.646730068000066], [124.55131947200005, 11.646405218000037], [124.5511644070001, 11.645522548000033], [124.48799332800002, 11.598094082000044], [124.48073495800008, 11.603344818000037], [124.53149154500011, 11.642519864000061], [124.54464276700003, 11.653234485000041]]]}}, {"type": "Feature", "properties": {"key": "Calipayan (807805)", "barangay": "Calipayan", "pgc_prefix": "807805"}, "geometry": {"type": "Polygon", "coordinates": [[[124.51735205400007, 11.660426385000052], [124.51834572400003, 11.659001965000073], [124.51890151900011, 11.65730248900007], [124.51872144000004, 11.656066853000025], [124.51954751300002, 11.655124497000031], [124.51948460200003, 11.654647276000048], [124.5184757410001, 11.653773802000044], [124.51907522800002, 11.65340863000006], [124.5187045450001, 11.65248327200004], [124.51903462600002, 11.651685790000043], [124.5178224640001, 11.650363772000048], [124.51736620600003, 11.649062585000022], [124.5165802460001, 11.648109970000064], [124.51513765200002, 11.64735362400006], [124.51486360600008, 11.646212199000045], [124.51438619300006, 11.64585136200003], [124.51353547100007, 11.645840748000067], [124.51282352600003, 11.645150237000053], [124.51236572100005, 11.643567379000048], [124.51238789800004, 11.642836977000057], [124.51200829100003, 11.642274556000077], [124.51146353500009, 11.642021777000021], [124.51144401500005, 11.640798723000048], [124.51084399300011, 11.639786076000062], [124.50989396100009, 11.639193147000068], [124.50939488400002, 11.637699782000027], [124.49758446700004, 11.616336003000074], [124.48073495800008, 11.603344818000037], [124.47704534600007, 11.60592423500003], [124.51017384200009, 11.66532564800002], [124.51735205400007, 11.660426385000052]]]}}, {"type": "Feature", "properties": {"key": "Marvel (807805)", "barangay": "Marvel", "pgc_prefix": "807805"}, "geometry": {"type": "Polygon", "coordinates": [[[124.54135460300006, 11.657231573000043], [124.54159223900001, 11.656103378000063], [124.54207021000002, 11.655994685000053], [124.5430228130001, 11.654348051000055], [124.54467351100004, 11.653165645000056], [124.53149154500011, 11.642519864000061], [124.49758446700004, 11.616336003000074], [124.50944318300003, 11.637828156000069], [124.52380575300003, 11.64850106700004], [124.52965628600009, 11.653336895000052], [124.53782963600008, 11.655897048000043], [124.54135460300006, 11.657231573000043]]]}}, {"type": "Feature", "properties": {"key": "Bool West (807805)", "barangay": "Bool West", "pgc_prefix": "807805"}, "geometry": {"type": "Polygon", "coordinates": [[[124.50862661400002, 11.684268938000058], [124.50948407500006, 11.683633678000039], [124.50969753600009, 11.683164079000052], [124.51047741800004, 11.68273550300006], [124.5107633030001, 11.682068986000047], [124.51062463800007, 11.68151984300005], [124.51164056800008, 11.680721171000071], [124.51289958000008, 11.68050531600005], [124.51256872200008, 11.666066875000068], [124.51125715200011, 11.666040851000048], [124.51017384200009, 11.66532564800002], [124.47704534600007, 11.60592423500003], [124.47165377500005, 11.609967913000045], [124.507409852, 11.683190972000032], [124.50862661400002, 11.684268938000058]]]}}, {"type": "Feature", "properties": {"key": "Tamarindo (807801)", "barangay": "Tamarindo", "pgc_prefix": "807801"}, "geometry": {"type": "Polygon", "coordinates": [[[124.41714915000011, 11.605581328000028], [124.40718972100002, 11.600941342000056], [124.40274932800003, 11.59774237800002], [124.39535890700006, 11.606962407000024], [124.4057926270001, 11.613209654000057], [124.41165191000003, 11.613699173000043], [124.41507614400007, 11.616119514000049], [124.42243050000003, 11.607234046000032], [124.41714915000011, 11.605581328000028]]]}}, {"type": "Feature", "properties": {"key": "Jamorawon (807801)", "barangay": "Jamorawon", "pgc_prefix": "807801"}, "geometry": {"type": "Polygon", "coordinates": [[[124.39077322900005, 11.615036488000046], [124.39270531000012, 11.614799936000052], [124.3933145960001, 11.613497301000052], [124.39386322300004, 11.613339663000032], [124.39425598800005, 11.613606002000038], [124.39782967300005, 11.608431287000029], [124.38693829300009, 11.601773267000054], [124.38693164100006, 11.602074784000024], [124.38623584900006, 11.602605294000055], [124.3858792850001, 11.603751357000021], [124.38518850400011, 11.60450567300006], [124.382332302, 11.60567731300006], [124.38138975800007, 11.605696159000045], [124.3816352120001, 11.605538494000028], [124.38114903000007, 11.605396599000072], [124.38110879300007, 11.60562915300005], [124.38092973100005, 11.605491198000037], [124.38021549900009, 11.60604893300007], [124.37994784500006, 11.606458291000022], [124.37944627600005, 11.60937618500003], [124.38064623400011, 11.609691582000039], [124.38091150500009, 11.610164707000024], [124.38071376000005, 11.610574209000047], [124.38150045600001, 11.610989637000046], [124.38267374700001, 11.611173473000067], [124.38578389200006, 11.610449650000021], [124.3878680800001, 11.610762313000066], [124.388486842, 11.611157807000039], [124.38958958200011, 11.612786867000066], [124.3896791320001, 11.614304856000047], [124.39077322900005, 11.615036488000046]]]}}, {"type": "Feature", "properties": {"key": "Poblacion (807801)", "barangay": "Poblacion", "pgc_prefix": "807801"}, "geometry": {"type": "MultiPolygon", "coordinates": [[[[124.36313492500005, 11.619345773000077], [124.36477760600008, 11.619081102000052], [124.36478285200008, 11.61885498400005], [124.36491664000005, 11.619042558000045], [124.36495877800007, 11.61877714800005], [124.36524996400011, 11.61899812300004], [124.36510391500009, 11.618656889000022], [124.36580338100009, 11.618807532000062], [124.36582968500011, 11.618549838000034], [124.36643596700004, 11.61833894600005], [124.36606671100004, 11.618027726000037], [124.3655128690001, 11.618155379000026], [124.36480956400011, 11.617792567000038], [124.36432940000009, 11.61828440100004], [124.3632640730001, 11.61852656000002], [124.36121683200008, 11.61781296000004], [124.36092718800012, 11.617936116000065], [124.36043633200006, 11.618922029000032], [124.361342184, 11.61908507700002], [124.36125798000012, 11.619227561000057], [124.36131923000005, 11.619281925000054], [124.36142066000002, 11.619130065000034], [124.36313492500005, 11.619345773000077]]], [[[124.394125271, 11.623160096000047], [124.39402785300003, 11.62131912700005], [124.39556277100007, 11.62017099600007], [124.39590354200003, 11.619248517000074], [124.39529781500003, 11.618724846000077], [124.39399163200007, 11.618214220000025], [124.39365329200007, 11.617815352000036], [124.39355674200011, 11.61727401300004], [124.39389031100006, 11.616055161000073], [124.39374215100007, 11.615509199000028], [124.39311443600002, 11.615303407000058], [124.39203087000011, 11.615483248000032], [124.39131314700012, 11.615342486000031], [124.3896791320001, 11.614304856000047], [124.38969228000008, 11.613020036000021], [124.38822006900011, 11.61094359800006], [124.38578389200006, 11.610449650000021], [124.38267374700001, 11.611173473000067], [124.38150045600001, 11.610989637000046], [124.38071376000005, 11.610574209000047], [124.3792983840001, 11.611749751000051], [124.37859791000005, 11.615036408000037], [124.37861812400001, 11.617009966000067], [124.37871632400004, 11.61815117100002], [124.37950785700004, 11.619098379000034], [124.37874220600008, 11.618637608000029], [124.3787453560001, 11.619327178000047], [124.37850326100012, 11.619371520000074], [124.37851703800003, 11.619668419000048], [124.37794784600008, 11.619695342000055], [124.37844778300006, 11.619770533000063], [124.37856522100003, 11.621253518000056], [124.37897732700003, 11.622041774000023], [124.37947404800002, 11.621943135000036], [124.37968478000003, 11.622446172000025], [124.38039854800003, 11.622860838000063], [124.38118927900008, 11.622387445000072], [124.38643310600004, 11.624470075000033], [124.394125271, 11.623160096000047]]]]}}, {"type": "Feature", "properties": {"key": "Salangi (807801)", "barangay": "Salangi", "pgc_prefix": "807801"}, "geometry": {"type": "Polygon", "coordinates": [[[124.4144174280001, 11.625099317000034], [124.40998236900009, 11.621534359000064], [124.4094493030001, 11.620032412000056], [124.40878350300011, 11.619897480000075], [124.40807048500005, 11.621136340000021], [124.40756004700006, 11.621125608000057], [124.40686758000005, 11.619565399000065], [124.40636488500002, 11.619478057000036], [124.40591674700012, 11.619927363000043], [124.40559143500003, 11.619891498000072], [124.40475412700005, 11.618654648000074], [124.40397313300002, 11.617959918000054], [124.40267595400009, 11.618053981000058], [124.40217112900007, 11.617708064000055], [124.40147292600011, 11.616482405000054], [124.40087406500005, 11.615924760000041], [124.4002260750001, 11.61583593900002], [124.39965761100007, 11.61594458500002], [124.39933499100003, 11.616296720000031], [124.39902406600005, 11.616214931000059], [124.39839407400007, 11.614352258000054], [124.3980003900001, 11.614452493000044], [124.3977170940001, 11.615215920000026], [124.39630933700006, 11.616022945000054], [124.39497958200002, 11.615214527000035], [124.39457087100004, 11.614020090000052], [124.39395162000005, 11.613351911000052], [124.39321293900002, 11.613567859000057], [124.39261152900008, 11.614873203000059], [124.39077322900005, 11.615036488000046], [124.39175031500007, 11.615463116000056], [124.39311443600002, 11.615303407000058], [124.39374215100007, 11.615509199000028], [124.39389031100006, 11.616055161000073], [124.39355674200011, 11.61727401300004], [124.39365329200007, 11.617815352000036], [124.39399163200007, 11.618214220000025], [124.39529781500003, 11.618724846000077], [124.39590354200003, 11.619248517000074], [124.39556277100007, 11.62017099600007], [124.39402785300003, 11.62131912700005], [124.39418150800009, 11.623390720000028], [124.39470701100005, 11.624399491000077], [124.3958488280001, 11.625618031000043], [124.39558206100001, 11.626943961000052], [124.39840738400005, 11.62865203800004], [124.39891941500002, 11.629974253000054], [124.39860592600007, 11.631407590000034], [124.39918137600013, 11.632630838000066], [124.39988771800004, 11.633180791000031], [124.40153600400004, 11.632487973000021], [124.40218238200009, 11.633081519000028], [124.40248058000009, 11.63371487300003], [124.40402800900004, 11.634685038000042], [124.40630513600003, 11.634100966000059], [124.40914379900006, 11.634049759000048], [124.41040577100011, 11.635825124000062], [124.41237944800002, 11.636901163000058], [124.41244308500006, 11.637237755000058], [124.41210129200009, 11.63779687500005], [124.41217582400009, 11.638718941000036], [124.41338645200005, 11.639395429000047], [124.41391212900008, 11.640303901000037], [124.41625479200002, 11.637137502000028], [124.4144174280001, 11.625099317000034]]]}}, {"type": "Feature", "properties": {"key": "Lo-ok (807801)", "barangay": "Lo-ok", "pgc_prefix": "807801"}, "geometry": {"type": "Polygon", "coordinates": [[[124.38118927900008, 11.622387445000072], [124.38039854800003, 11.622860838000063], [124.37968478000003, 11.622446172000025], [124.37947404800002, 11.621943135000036], [124.37897732700003, 11.622041774000023], [124.37910327100006, 11.622672272000043], [124.37831083400009, 11.62481720100004], [124.37842951200004, 11.625523102000045], [124.37787629800006, 11.626494467000041], [124.37738593500002, 11.626519429000043], [124.37745289400006, 11.627163053000057], [124.37708288400007, 11.62777534600002], [124.37643143700008, 11.627998908000052], [124.3761238620001, 11.627659954000023], [124.3758396840001, 11.627948632000027], [124.38696582800004, 11.637141561000021], [124.38643310600004, 11.624470075000033], [124.38118927900008, 11.622387445000072]]]}}, {"type": "Feature", "properties": {"key": "Iyosan (807801)", "barangay": "Iyosan", "pgc_prefix": "807801"}, "geometry": {"type": "Polygon", "coordinates": [[[124.44113316500012, 11.640634013000065], [124.4448889370001, 11.63527796900007], [124.41897917700008, 11.618939839000063], [124.41165191000003, 11.613699173000043], [124.4057926270001, 11.613209654000057], [124.39782967300005, 11.608431287000029], [124.39425598800005, 11.613606002000038], [124.39497958200002, 11.615214527000035], [124.396123138, 11.616003100000059], [124.39761435900004, 11.615292509000026], [124.3980003900001, 11.614452493000044], [124.39839407400007, 11.614352258000054], [124.39902406600005, 11.616214931000059], [124.39933499100003, 11.616296720000031], [124.39965761100007, 11.61594458500002], [124.4002260750001, 11.61583593900002], [124.40087406500005, 11.615924760000041], [124.40147292600011, 11.616482405000054], [124.40217112900007, 11.617708064000055], [124.40267595400009, 11.618053981000058], [124.40397313300002, 11.617959918000054], [124.40475412700005, 11.618654648000074], [124.40559143500003, 11.619891498000072], [124.40591674700012, 11.619927363000043], [124.40636488500002, 11.619478057000036], [124.40686758000005, 11.619565399000065], [124.40756004700006, 11.621125608000057], [124.40813610400005, 11.621070008000059], [124.40866189100008, 11.619977127000029], [124.40930570800005, 11.619942739000063], [124.40998236900009, 11.621534359000064], [124.4144174280001, 11.625099317000034], [124.41625479200002, 11.637137502000028], [124.41391212900008, 11.640303901000037], [124.41415225400009, 11.64161910800004], [124.41472818800003, 11.642413881000039], [124.41480326900013, 11.643147051000026], [124.41557592800007, 11.643862854000078], [124.41672515300002, 11.644228110000027], [124.416868807, 11.645557886000065], [124.41642834800008, 11.646654005000071], [124.41707902600001, 11.648826214000053], [124.41666613600013, 11.649684902000045], [124.41672867600003, 11.650211940000075], [124.42762714100002, 11.657695892000046], [124.44113316500012, 11.640634013000065]]]}}, {"type": "Feature", "properties": {"key": "Pili (807801)", "barangay": "Pili", "pgc_prefix": "807801"}, "geometry": {"type": "Polygon", "coordinates": [[[124.38696582800004, 11.637141561000021], [124.37583511800004, 11.627950421000037], [124.3752027290001, 11.628813034000077], [124.37443208400009, 11.62901368600006], [124.37400903600009, 11.629338748000064], [124.37375078800005, 11.630013115000054], [124.37338618000001, 11.63006963200007], [124.3730839840001, 11.631630116000055], [124.3724921820001, 11.632604360000075], [124.37197758000003, 11.633045125000022], [124.37100910800008, 11.633307553000064], [124.37106449600003, 11.633506457000067], [124.37017816000004, 11.633972902000037], [124.36955813800013, 11.634771947000047], [124.36915743400004, 11.634975049000047], [124.36886881200006, 11.634774699000046], [124.368266359, 11.635269066000031], [124.37083693400008, 11.638994889000056], [124.38747452300004, 11.651135690000045], [124.38696582800004, 11.637141561000021]]]}}, {"type": "Feature", "properties": {"key": "Talahid (807801)", "barangay": "Talahid", "pgc_prefix": "807801"}, "geometry": {"type": "MultiPolygon", "coordinates": [[[[124.34294258400007, 11.630988500000058], [124.34354195200002, 11.630886614000072], [124.3437995070001, 11.630230469000024], [124.34458934000008, 11.629724637000036], [124.34433116900004, 11.628806034000034], [124.34466610100004, 11.628073261000052], [124.34438610200004, 11.62761389800005], [124.3441605160001, 11.627625231000021], [124.34430126600013, 11.627536470000049], [124.34388097900012, 11.627768574000074], [124.34389092700007, 11.628477716000075], [124.34292757500009, 11.629014254000024], [124.34227432600005, 11.628839669000058], [124.34155931400007, 11.62899819300003], [124.34191111200005, 11.629353903000036], [124.3422819340001, 11.629321799000024], [124.34244837900007, 11.629742005000024], [124.34249964700007, 11.630193511000073], [124.34205384700012, 11.630252106000057], [124.34235783100007, 11.630672824000042], [124.34213975600005, 11.630512150000074], [124.34204133200002, 11.630635016000042], [124.34294258400007, 11.630988500000058]]], [[[124.37083693400008, 11.638994889000056], [124.36813465800002, 11.635084840000047], [124.36708524500011, 11.635284040000045], [124.365756497, 11.636753201000033], [124.36423301900004, 11.63718871800006], [124.3620802160001, 11.635996437000074], [124.36150558700001, 11.636488656000038], [124.36177116100009, 11.63695289100002], [124.36086012600003, 11.639445810000039], [124.36043633600002, 11.639468400000055], [124.36045100800004, 11.639166563000058], [124.36026233200006, 11.639139871000056], [124.36014703, 11.639527946000044], [124.35902338700011, 11.639464297000075], [124.35896450100006, 11.639882209000064], [124.35953646500002, 11.64033107800003], [124.35956915300005, 11.640737627000018], [124.35942498100007, 11.641145348000062], [124.3586790180001, 11.641559053000039], [124.358479482, 11.642189124000025], [124.3635359430001, 11.644224757000075], [124.36476922400006, 11.641711288000069], [124.38760957400008, 11.657101280000061], [124.38747452300004, 11.651135690000045], [124.37083693400008, 11.638994889000056]]]]}}, {"type": "Feature", "properties": {"key": "Caucab (807801)", "barangay": "Caucab", "pgc_prefix": "807801"}, "geometry": {"type": "Polygon", "coordinates": [[[124.42101595500003, 11.66605485200006], [124.42762714100002, 11.657695892000046], [124.41672867600003, 11.650211940000075], [124.41666613600013, 11.649684902000045], [124.41707902600001, 11.648826214000053], [124.41642834800008, 11.646654005000071], [124.416868807, 11.645557886000065], [124.41672515300002, 11.644228110000027], [124.41557592800007, 11.643862854000078], [124.41480326900013, 11.643147051000026], [124.41472818800003, 11.642413881000039], [124.41415225400009, 11.64161910800004], [124.41405405500005, 11.640645998000027], [124.41361970200013, 11.639726155000062], [124.41311890800013, 11.639190305000056], [124.41217582400009, 11.638718941000036], [124.41210129200009, 11.63779687500005], [124.41244308500006, 11.637237755000058], [124.41237944800002, 11.636901163000058], [124.41040577100011, 11.635825124000062], [124.40914379900006, 11.634049759000048], [124.40630513600003, 11.634100966000059], [124.40402800900004, 11.634685038000042], [124.40248058000009, 11.63371487300003], [124.40218238200009, 11.633081519000028], [124.40153600400004, 11.632487973000021], [124.39976722000006, 11.633163346000062], [124.39870937500008, 11.63180708300007], [124.39861062800003, 11.631229855000074], [124.39891941500002, 11.629974253000054], [124.39840738400005, 11.62865203800004], [124.39558206100001, 11.626943961000052], [124.3958488280001, 11.625618031000043], [124.39470701100005, 11.624399491000077], [124.394125271, 11.623160096000047], [124.38643310600004, 11.624470075000033], [124.38747452300004, 11.651135690000045], [124.38754526500009, 11.664999350000075], [124.40932480800006, 11.670163202000024], [124.42101595500003, 11.66605485200006]]]}}, {"type": "Feature", "properties": {"key": "Matanga (807801)", "barangay": "Matanga", "pgc_prefix": "807801"}, "geometry": {"type": "Polygon", "coordinates": [[[124.36476922400006, 11.641711288000069], [124.3635359430001, 11.644224757000075], [124.358479482, 11.642189124000025], [124.35800451800004, 11.642409556000073], [124.3577511420001, 11.642973661000038], [124.35676708000005, 11.643244085000045], [124.35635624500003, 11.643780349000048], [124.35646243900011, 11.643995302000066], [124.35617025100011, 11.644275288000072], [124.35671805400011, 11.644722142000035], [124.35642956800007, 11.645008660000027], [124.35651488700012, 11.645426504000053], [124.35697646900006, 11.645584599000072], [124.35857945900013, 11.647332280000056], [124.35946765200002, 11.647837845000025], [124.3605718230001, 11.648215661000052], [124.3640467030001, 11.648683190000042], [124.3875697300001, 11.662397507000035], [124.38760957400008, 11.657101280000061], [124.36476922400006, 11.641711288000069]]]}}, {"type": "Feature", "properties": {"key": "Acaban (807805)", "barangay": "Acaban", "pgc_prefix": "807805"}, "geometry": {"type": "Polygon", "coordinates": [[[124.49871490300008, 11.690284903000075], [124.50220418700007, 11.688419303000044], [124.50314558800004, 11.687161852000031], [124.50462915100002, 11.686467849000051], [124.50463975600007, 11.685849278000036], [124.50497996200012, 11.685603604000052], [124.50661757800003, 11.685342182000058], [124.5067142910001, 11.684852832000049], [124.50717084300004, 11.684513501000025], [124.50776489800013, 11.685231177000048], [124.50834965900005, 11.685352024000052], [124.50845189100005, 11.685153557000033], [124.50807194100003, 11.684612199000071], [124.5085987550001, 11.684276973000065], [124.507409852, 11.683190972000032], [124.47165377500005, 11.609967913000045], [124.4626662500001, 11.616240007000046], [124.49777660200004, 11.690244564000068], [124.49871490300008, 11.690284903000075]]]}}, {"type": "Feature", "properties": {"key": "Virginia (807805)", "barangay": "Virginia", "pgc_prefix": "807805"}, "geometry": {"type": "Polygon", "coordinates": [[[124.52843326700008, 11.666393063000042], [124.53015415100003, 11.665509798000075], [124.53432180500009, 11.665394219000062], [124.53471248700009, 11.664382812000039], [124.5354073860001, 11.664061403000058], [124.53668345600009, 11.664207187000045], [124.53772157900003, 11.66490004600007], [124.53854280900009, 11.665110298000059], [124.53839362600003, 11.664797836000046], [124.53800508100007, 11.664806384000027], [124.53800071600006, 11.664537027000053], [124.53881802800005, 11.66357494300007], [124.53887915100007, 11.663111049000067], [124.53866746800009, 11.662822507000042], [124.53928614200005, 11.661963007000052], [124.53916687500008, 11.660959543000045], [124.53937109800006, 11.660209578000035], [124.5398790500001, 11.65919533700003], [124.54068287400003, 11.659144057000049], [124.54118919200005, 11.658111991000059], [124.53395975700005, 11.655933649000076], [124.53431772000012, 11.654784402000077], [124.52965628600009, 11.653336895000052], [124.52380575300003, 11.64850106700004], [124.50944318300003, 11.637828156000069], [124.50989396100009, 11.639193147000068], [124.51084399300011, 11.639786076000062], [124.51144401500005, 11.640798723000048], [124.51146353500009, 11.642021777000021], [124.51200829100003, 11.642274556000077], [124.51238789800004, 11.642836977000057], [124.51236572100005, 11.643567379000048], [124.51282352600003, 11.645150237000053], [124.51353547100007, 11.645840748000067], [124.51438619300006, 11.64585136200003], [124.51486360600008, 11.646212199000045], [124.51513765200002, 11.64735362400006], [124.5165802460001, 11.648109970000064], [124.51736620600003, 11.649062585000022], [124.5178224640001, 11.650363772000048], [124.51907869900003, 11.651793442000043], [124.5187045450001, 11.65248327200004], [124.51907522800002, 11.65340863000006], [124.5184757410001, 11.653773802000044], [124.51948460200003, 11.654647276000048], [124.51957466200008, 11.65497146100006], [124.51945665700008, 11.655407744000058], [124.51872144000004, 11.656066853000025], [124.51894844900005, 11.657066464000025], [124.51834572400003, 11.659001965000073], [124.51719324700002, 11.660812513000053], [124.51758061100008, 11.662292047000049], [124.51849192400005, 11.662749249000056], [124.51928355200005, 11.663527456000052], [124.51966019800011, 11.664442149000024], [124.52004123300003, 11.66473294600007], [124.5214666510001, 11.664966340000031], [124.52326113300012, 11.665613908000068], [124.52590855700011, 11.665396034000025], [124.52760175100002, 11.666328557000043], [124.52843326700008, 11.666393063000042]]]}}, {"type": "Feature", "properties": {"key": "Salvacion (807805)", "barangay": "Salvacion", "pgc_prefix": "807805"}, "geometry": {"type": "Polygon", "coordinates": [[[124.4901463440001, 11.692952032000049], [124.49131172500007, 11.692738521000022], [124.4914692210001, 11.692205720000059], [124.49210977700011, 11.691623766000076], [124.49290367400012, 11.691554119000045], [124.49336474900008, 11.69097011800005], [124.49457452200011, 11.690934374000049], [124.4955589110001, 11.691919583000072], [124.49552645300002, 11.69100817900005], [124.49582002300006, 11.690695220000066], [124.49672530900011, 11.69041804900007], [124.49727250500007, 11.690537322000067], [124.4977995600001, 11.690249395000022], [124.4626662500001, 11.616240007000046], [124.45407678000005, 11.622236156000044], [124.46726245700006, 11.64770865400004], [124.4901463440001, 11.692952032000049]]]}}, {"type": "Feature", "properties": {"key": "Bacolod (807805)", "barangay": "Bacolod", "pgc_prefix": "807805"}, "geometry": {"type": "Polygon", "coordinates": [[[124.52066456900003, 11.673385475000032], [124.523377836, 11.670326503000068], [124.52395521100004, 11.668800918000045], [124.5238592500001, 11.667532664000019], [124.52272979300005, 11.665443588000073], [124.51993714600007, 11.664691514000026], [124.51928355200005, 11.663527456000052], [124.51849192400005, 11.662749249000056], [124.5176666430001, 11.662393248000061], [124.51725982100002, 11.661643896000044], [124.51724982800012, 11.66060608200007], [124.51017384200009, 11.66532564800002], [124.51125715200011, 11.666040851000048], [124.51316158600002, 11.666197996000049], [124.513495529, 11.666836645000048], [124.51404967300005, 11.667157289000045], [124.5152025120001, 11.66721509500007], [124.51589073500008, 11.666787352000027], [124.51651121900011, 11.666841522000025], [124.51728318000004, 11.667944231000035], [124.51762148500006, 11.669014755000033], [124.518150417, 11.669508456000072], [124.51851817900003, 11.670563162000063], [124.52066456900003, 11.673385475000032]]]}}, {"type": "Feature", "properties": {"key": "Bool Central (807805)", "barangay": "Bool Central", "pgc_prefix": "807805"}, "geometry": {"type": "Polygon", "coordinates": [[[124.51289958000008, 11.68050531600005], [124.51474250100013, 11.68064921900003], [124.51485020200003, 11.679522954000047], [124.51480772100001, 11.667228461000034], [124.51375806500005, 11.667046260000062], [124.51316158600002, 11.666197996000049], [124.51256872200008, 11.666066875000068], [124.51289958000008, 11.68050531600005]]]}}, {"type": "Feature", "properties": {"key": "Bool East (807805)", "barangay": "Bool East", "pgc_prefix": "807805"}, "geometry": {"type": "Polygon", "coordinates": [[[124.51831714800007, 11.680851893000066], [124.52012863900006, 11.68157791300007], [124.52009993900005, 11.680904192000071], [124.52102693700012, 11.680107120000056], [124.52142276100007, 11.679332061000023], [124.52135018800006, 11.678224213000023], [124.52190405500005, 11.677276096000075], [124.52112280300004, 11.67586806600002], [124.52128372000006, 11.67435388600006], [124.51851817900003, 11.670563162000063], [124.518150417, 11.669508456000072], [124.51762148500006, 11.669014755000033], [124.51668892600001, 11.667017227000029], [124.51589073500008, 11.666787352000027], [124.51480772100001, 11.667228461000034], [124.51474250100013, 11.68064921900003], [124.51620228900005, 11.68057571700007], [124.51831714800007, 11.680851893000066]]]}}, {"type": "Feature", "properties": {"key": "Patag (807805)", "barangay": "Patag", "pgc_prefix": "807805"}, "geometry": {"type": "Polygon", "coordinates": [[[124.52025628000001, 11.681626517000039], [124.52042505300007, 11.681299950000039], [124.52082512100003, 11.681582775000036], [124.52341068800001, 11.68051621300003], [124.52585830100008, 11.679976921000048], [124.5274944890001, 11.679881831000044], [124.52873250300003, 11.679436574000022], [124.53005993900001, 11.678092709000055], [124.53530853400002, 11.676364886000044], [124.5361867040001, 11.675726703000066], [124.53639906500008, 11.675284530000058], [124.53625415600004, 11.675204178000062], [124.53562608700007, 11.675851592000074], [124.53391856500004, 11.675511119000019], [124.53266887600013, 11.675984428000051], [124.53194021200011, 11.67537828400003], [124.53147851000007, 11.675331855000023], [124.53086204900002, 11.674301409000066], [124.53024370100002, 11.67398171800005], [124.529371114, 11.672911097000052], [124.52829224100002, 11.673214337000045], [124.52797456100006, 11.672519155000032], [124.52362971000002, 11.669731514000034], [124.52330599400011, 11.670421651000026], [124.520849353, 11.672950943000046], [124.52066456900003, 11.673385475000032], [124.5213202640001, 11.674535707000073], [124.52112280300004, 11.67586806600002], [124.52190405500005, 11.677276096000075], [124.52135018800006, 11.678224213000023], [124.52142276100007, 11.679332061000023], [124.52102693700012, 11.680107120000056], [124.52009993900005, 11.680904192000071], [124.52025628000001, 11.681626517000039]]]}}, {"type": "Feature", "properties": {"key": "Tabunan (807801)", "barangay": "Tabunan", "pgc_prefix": "807801"}, "geometry": {"type": "Polygon", "coordinates": [[[124.3640467030001, 11.648683190000042], [124.3605369180001, 11.648129985000024], [124.36090716000001, 11.649022778000075], [124.36125722500003, 11.649157315000025], [124.36110188100008, 11.650398625000035], [124.36169897100001, 11.653203255000049], [124.36138288500003, 11.654110534000038], [124.36094191100005, 11.654464104000057], [124.36254255700011, 11.654935077000063], [124.36328136700003, 11.656035], [124.36526852100009, 11.65714074300007], [124.38191675200007, 11.66272409100003], [124.38754526500009, 11.664999350000075], [124.3875697300001, 11.662397507000035], [124.3640467030001, 11.648683190000042]]]}}, {"type": "Feature", "properties": {"key": "Tomalistis (807804)", "barangay": "Tomalistis", "pgc_prefix": "807804"}, "geometry": {"type": "Polygon", "coordinates": [[[124.56429728900004, 11.613433541000063], [124.56438097700004, 11.613127192000038], [124.56351497900003, 11.610618816000054], [124.56349165600011, 11.608968424000068], [124.56291015900001, 11.607816207000042], [124.56319946200006, 11.606889499000031], [124.56272700700002, 11.606630413000063], [124.56344099800005, 11.604903608000027], [124.56341635900003, 11.604187831000045], [124.56352768500004, 11.604041966000068], [124.56356407900013, 11.603924835000042], [124.56356408000012, 11.603896825000048], [124.5635484830001, 11.603871362000065], [124.55514820300003, 11.599046594000072], [124.54578023600006, 11.594326083000055], [124.54060652500006, 11.60222180100004], [124.56353121100007, 11.613464619000068], [124.56429728900004, 11.613433541000063]]]}}, {"type": "Feature", "properties": {"key": "Pinamihagan (807805)", "barangay": "Pinamihagan", "pgc_prefix": "807805"}, "geometry": {"type": "Polygon", "coordinates": [[[124.55858813600004, 11.633348057000036], [124.55951524400007, 11.631132666000042], [124.56063696200009, 11.629745211000056], [124.5608597700001, 11.628347681000037], [124.56267777100005, 11.626416577000041], [124.56351192100009, 11.622704898000052], [124.56442987700007, 11.620846597000023], [124.56528099300012, 11.620304211000075], [124.56547022000008, 11.619852669000068], [124.56543380200004, 11.618858624000039], [124.56608795500006, 11.617322917000024], [124.56599762000009, 11.616576554000062], [124.56544247400008, 11.614740885000058], [124.5648508390001, 11.613905111000063], [124.56455419400005, 11.61383602600006], [124.56437846300003, 11.613275403000046], [124.56428863700012, 11.613463824000062], [124.56353121100007, 11.613464619000068], [124.54060652500006, 11.60222180100004], [124.5259825070001, 11.595960685000025], [124.5052678830001, 11.586171239000068], [124.49795428300003, 11.591299013000024], [124.55858813600004, 11.633348057000036]]]}}, {"type": "Feature", "properties": {"key": "Culaba Central (807805)", "barangay": "Culaba Central", "pgc_prefix": "807805"}, "geometry": {"type": "Polygon", "coordinates": [[[124.54188300500005, 11.658585796000066], [124.54122194400009, 11.658071057000027], [124.54151005000006, 11.657114423000053], [124.54135460300006, 11.657231573000043], [124.53431772000012, 11.654784402000077], [124.53395975700005, 11.655933649000076], [124.54062778600007, 11.65792242300006], [124.54118919200005, 11.658111991000059], [124.54109284500011, 11.658347371000048], [124.54188300500005, 11.658585796000066]]]}}, {"type": "Feature", "properties": {"key": "Binongtoan (807805)", "barangay": "Binongtoan", "pgc_prefix": "807805"}, "geometry": {"type": "Polygon", "coordinates": [[[124.53279655200005, 11.675977980000027], [124.53391856500004, 11.675511119000019], [124.53562608700007, 11.675851592000074], [124.53629026600004, 11.675192571000023], [124.53631854000002, 11.675584684000057], [124.53699260200005, 11.674764681000056], [124.53756999500001, 11.672788914000023], [124.5372303370001, 11.670943403000022], [124.53761483500013, 11.670645382000032], [124.5378454260001, 11.669413961000032], [124.53749999400007, 11.669291130000033], [124.53765831800001, 11.669440140000061], [124.53732933700009, 11.669814678000025], [124.53752055800011, 11.669873072000032], [124.53735606900011, 11.670636875000072], [124.53689647500005, 11.670740970000054], [124.53667689400002, 11.670422280000025], [124.53643632400006, 11.670498798000041], [124.53651746600008, 11.668275897000058], [124.5362771560001, 11.668108363000043], [124.53699633200006, 11.667564844000024], [124.537407668, 11.665896216000021], [124.53784174500005, 11.665688024000078], [124.53861088900011, 11.666038490000062], [124.5386226060001, 11.665726109000046], [124.53833756300004, 11.665650816000037], [124.53842845800011, 11.66517000500005], [124.53696537300006, 11.664314536000063], [124.53574381600004, 11.66403842300002], [124.53471248700009, 11.664382812000039], [124.53432180500009, 11.665394219000062], [124.53015415100003, 11.665509798000075], [124.52829137900007, 11.66641788100003], [124.52760175100002, 11.666328557000043], [124.52590855700011, 11.665396034000025], [124.52386626200008, 11.665637615000037], [124.52272979300005, 11.665443588000073], [124.52392570900008, 11.667830828000035], [124.52395521100004, 11.668800918000045], [124.52362971000002, 11.669731514000034], [124.52797456100006, 11.672519155000032], [124.52829224100002, 11.673214337000045], [124.529371114, 11.672911097000052], [124.53024370100002, 11.67398171800005], [124.53086204900002, 11.674301409000066], [124.53147851000007, 11.675331855000023], [124.53194021200011, 11.67537828400003], [124.53279655200005, 11.675977980000027]]]}}, {"type": "Feature", "properties": {"key": "Baganito (807806)", "barangay": "Baganito", "pgc_prefix": "807806"}, "geometry": {"type": "Polygon", "coordinates": [[[124.43410641100002, 11.702219659000036], [124.43412106500011, 11.702039255000045], [124.43572973200003, 11.701529808000032], [124.43742170400003, 11.701277403000063], [124.43805804700003, 11.701414916000033], [124.44113316500011, 11.640634013000067], [124.43084629600003, 11.653642278000063], [124.43384199900004, 11.697672214000022], [124.43417174500007, 11.698115751000046], [124.43427767100002, 11.69927472300003], [124.43375333300003, 11.700592500000027], [124.43378785400012, 11.70168282000003], [124.43410641100002, 11.702219659000036]]]}}, {"type": "Feature", "properties": {"key": "Balacson (807806)", "barangay": "Balacson", "pgc_prefix": "807806"}, "geometry": {"type": "MultiPolygon", "coordinates": [[[[124.32753254400006, 11.675714888000073], [124.32798088900006, 11.67544913300003], [124.32857349000005, 11.674568184000066], [124.33013565600004, 11.673385907000068], [124.33099742500008, 11.673171280000076], [124.3313606700001, 11.672641466000073], [124.33238137500007, 11.672175371000037], [124.33238006200008, 11.671695047000071], [124.33176644200012, 11.671505901000046], [124.3317750330001, 11.671118900000067], [124.33149153900001, 11.671358672000054], [124.33120125700009, 11.671124881000026], [124.3305652470001, 11.671141269000032], [124.33011288000012, 11.671503278000046], [124.32976558500002, 11.671400832000074], [124.32950406300006, 11.671781921000047], [124.32824356200001, 11.671995819000074], [124.32699792300002, 11.671294096000054], [124.32671452300008, 11.671711859000027], [124.32689026100002, 11.671845039000061], [124.32642161000001, 11.672289637000063], [124.3259980470001, 11.672331402000054], [124.32605871700002, 11.672480971000027], [124.32565075100001, 11.67231705100005], [124.3255586900001, 11.672581355000034], [124.32583695000005, 11.67244408700003], [124.32664114700003, 11.673149119000072], [124.32672044700007, 11.674499895000054], [124.32650136900008, 11.67477963400006], [124.32668163000005, 11.67473366300004], [124.32660150800007, 11.674970462000033], [124.32699582900011, 11.675246293000043], [124.32688504300006, 11.675404436000065], [124.32661089600003, 11.675255487000072], [124.32668546000002, 11.676620178000064], [124.32638300700012, 11.677222935000032], [124.32753254400006, 11.675714888000073]]], [[[124.3405681270001, 11.681610852000063], [124.34087164800007, 11.67990347500006], [124.34135027800005, 11.679560476000063], [124.34192499900007, 11.679390436000062], [124.34327969800006, 11.679607090000047], [124.34409778000008, 11.679893089000075], [124.34495643100001, 11.680710911000062], [124.34543703800011, 11.680373964000069], [124.34553587900007, 11.679740610000067], [124.3461178980001, 11.678856198000062], [124.3462463950001, 11.678424932000041], [124.34591035800008, 11.676805599000033], [124.34638048400006, 11.676558778000071], [124.34544267100011, 11.674310623000054], [124.34546312900011, 11.672979939000072], [124.34451931800004, 11.671194641000056], [124.34503488100006, 11.67014467100006], [124.34744771900012, 11.669170132000033], [124.34643904100005, 11.665420953000023], [124.34531909300006, 11.665746391000027], [124.34526065800003, 11.666097955000055], [124.34424889400009, 11.666154076000055], [124.34439543400003, 11.667309834000037], [124.34340253800008, 11.668149912000047], [124.34153578100006, 11.66845917300003], [124.33965888900002, 11.66813071000007], [124.33917811300012, 11.668348767000055], [124.33916438100005, 11.668869667000024], [124.33846958700008, 11.66914262000006], [124.33796511900005, 11.668760846000055], [124.33714352100003, 11.668745474000048], [124.33677846100011, 11.669158737000032], [124.33680356500008, 11.669606913000052], [124.33624026700011, 11.669679956000039], [124.33532913500005, 11.670579899000074], [124.33570672000008, 11.672119275000057], [124.33530483300001, 11.672406962000025], [124.33536807200005, 11.672748592000062], [124.33462739600009, 11.673251007000033], [124.33507159400006, 11.674167007000051], [124.3346859610001, 11.675167371000043], [124.33485324300011, 11.675333110000054], [124.33466315700002, 11.676145366000071], [124.33433878500011, 11.67627122700003], [124.33523029200012, 11.676195316000076], [124.33654725100007, 11.677310529000067], [124.33770861300002, 11.676635065000028], [124.33778037800005, 11.676021710000043], [124.33857030800004, 11.675938297000073], [124.33933484300007, 11.676306553000074], [124.34005102800006, 11.677802249000024], [124.33948443500003, 11.67861190800005], [124.33918051000012, 11.680002604000038], [124.33941137900001, 11.680087635000064], [124.33992682500002, 11.681299724000041], [124.3405681270001, 11.681610852000063]]]]}}, {"type": "Feature", "properties": {"key": "Bilwang (807806)", "barangay": "Bilwang", "pgc_prefix": "807806"}, "geometry": {"type": "Polygon", "coordinates": [[[124.39876889400011, 11.699338863000037], [124.39901992800003, 11.698480653000047], [124.39994031200001, 11.69780707600006], [124.40059180100002, 11.69644173200004], [124.40932480800006, 11.670163202000026], [124.39877535200003, 11.667712282000025], [124.39374270300004, 11.696602401000064], [124.39422905800006, 11.697054313000024], [124.39611294000008, 11.697591312000043], [124.39681460700001, 11.698236232000056], [124.39876889400011, 11.699338863000037]]]}}, {"type": "Feature", "properties": {"key": "Bulalacao (807806)", "barangay": "Bulalacao", "pgc_prefix": "807806"}, "geometry": {"type": "Polygon", "coordinates": [[[124.39374270300004, 11.696602401000064], [124.39526947000002, 11.688369520000037], [124.37891728000011, 11.684841146000053], [124.37532165700009, 11.692690670000047], [124.37692096800004, 11.692386541000076], [124.37727517100006, 11.692674305000025], [124.37753543300005, 11.692599011000027], [124.37867406300006, 11.693549180000048], [124.37841182900002, 11.693651506000037], [124.37836450500004, 11.693863888000067], [124.37945376100004, 11.693010663000052], [124.37939264200008, 11.692827240000042], [124.37987175400008, 11.693012596000074], [124.3803058100001, 11.692763533000061], [124.38179327400007, 11.693739637000022], [124.38295748900009, 11.694871636000073], [124.38314263400002, 11.695310714000072], [124.38290316300004, 11.69541711900007], [124.38288302800004, 11.69590778600002], [124.38360656300006, 11.695827009000027], [124.38407945000006, 11.696418184000038], [124.3850404430001, 11.695312683000054], [124.38543516900006, 11.695423881000067], [124.38646429500011, 11.695021307000047], [124.38727459600011, 11.695274781000023], [124.38709549700002, 11.695489569000074], [124.38792595000007, 11.695278726000026], [124.38814126700004, 11.695528987000046], [124.38879773400004, 11.695450168000036], [124.39374270300004, 11.696602401000064]]]}}, {"type": "Feature", "properties": {"key": "Burabod (807806)", "barangay": "Burabod", "pgc_prefix": "807806"}, "geometry": {"type": "Polygon", "coordinates": [[[124.41288996800006, 11.704510785000025], [124.41299700000002, 11.703632000000027], [124.41431338200005, 11.668443079000042], [124.40932480800006, 11.670163202000026], [124.40059180100002, 11.69644173200004], [124.39994031200001, 11.69780707600006], [124.39901992800003, 11.698480653000047], [124.39875783800005, 11.699319666000065], [124.39974216200005, 11.699612732000048], [124.4021522600001, 11.699848115000066], [124.40410811600009, 11.699758750000058], [124.40546528900006, 11.700053696000055], [124.40684381300002, 11.701117132000036], [124.40890541100009, 11.701996474000055], [124.41081655500011, 11.703579909000041], [124.41288996800006, 11.704510785000025]]]}}, {"type": "Feature", "properties": {"key": "Inasuyan (807806)", "barangay": "Inasuyan", "pgc_prefix": "807806"}, "geometry": {"type": "Polygon", "coordinates": [[[124.47983688400006, 11.695410266000067], [124.48418426800004, 11.694135264000067], [124.4860152760001, 11.69386296600004], [124.48648241300009, 11.694137037000075], [124.48829480400002, 11.69320834000007], [124.4901463440001, 11.69295203200005], [124.47833284400008, 11.669719659000066], [124.47825866000005, 11.671612649000053], [124.47850547900009, 11.672015204000047], [124.47851880700011, 11.673551415000077], [124.47895784400009, 11.674198773000057], [124.47857428200007, 11.674728938000044], [124.47848159700004, 11.676244198000063], [124.47779421700011, 11.677071307000062], [124.47780360600007, 11.678089862000036], [124.47859948600001, 11.680070697000076], [124.4777339200001, 11.681782505000058], [124.4778280810001, 11.683296975000076], [124.47862697500011, 11.68428140800006], [124.47820829900002, 11.686039468000047], [124.47856497400005, 11.68773040900004], [124.47817994500008, 11.68847441400004], [124.47878720100005, 11.690161033000038], [124.47998055000005, 11.691860167000073], [124.4799182060001, 11.69249383400006], [124.48041123100006, 11.693610026000044], [124.47983688400006, 11.695410266000067]]]}}, {"type": "Feature", "properties": {"key": "Kansanok (807806)", "barangay": "Kansanok", "pgc_prefix": "807806"}, "geometry": {"type": "Polygon", "coordinates": [[[124.37517906100004, 11.673539565000056], [124.38754526500009, 11.664999350000073], [124.38191675200005, 11.66272409100003], [124.3620456110001, 11.667526237000061], [124.3594237000001, 11.66987503300004], [124.36202616900005, 11.673833928000022], [124.3664183940001, 11.67774468500005], [124.37517906100004, 11.673539565000056]]]}}, {"type": "Feature", "properties": {"key": "Mada-o (807806)", "barangay": "Mada-o", "pgc_prefix": "807806"}, "geometry": {"type": "Polygon", "coordinates": [[[124.4414741270001, 11.702517880000073], [124.44694668000011, 11.70281697400003], [124.45407678000004, 11.622236156000042], [124.44113316500011, 11.640634013000067], [124.43805804700003, 11.701414916000033], [124.43785089100004, 11.701368453000043], [124.4414741270001, 11.702517880000073]]]}}, {"type": "Feature", "properties": {"key": "Mapuyo (807806)", "barangay": "Mapuyo", "pgc_prefix": "807806"}, "geometry": {"type": "Polygon", "coordinates": [[[124.42630297800008, 11.707205741000053], [124.42701861600005, 11.707066311000062], [124.4273583050001, 11.706662871000049], [124.4281751960001, 11.706375577000074], [124.4285743480001, 11.705459259000065], [124.42901387100005, 11.705394813000055], [124.42918655500011, 11.705117044000076], [124.42790539500004, 11.704643189000024], [124.42758102200003, 11.704097580000052], [124.42765166900006, 11.700288034000039], [124.42707450700004, 11.699580876000027], [124.42771265400006, 11.698728931000062], [124.42766031700012, 11.698314047000054], [124.42742250800006, 11.697990642000036], [124.42596439300007, 11.697748988000058], [124.42267710700003, 11.696524577000048], [124.42268993400012, 11.694335133000038], [124.42108322600006, 11.693050023000069], [124.42165763800006, 11.691654036000045], [124.4216369080001, 11.690275180000071], [124.42242669600012, 11.689384146000066], [124.42240768500005, 11.687984421000067], [124.42215367300003, 11.687197780000076], [124.42382989400005, 11.686079935000066], [124.42404028500005, 11.685225071000048], [124.4239213730001, 11.68381755200005], [124.42464758200003, 11.682749246000071], [124.4242091650001, 11.680771021000055], [124.42365118700002, 11.67995744700005], [124.42234617400004, 11.679690153000024], [124.42203789500002, 11.67929398900003], [124.42271389300004, 11.678204407000067], [124.42242364300012, 11.677241192000054], [124.42282299100009, 11.676723206000077], [124.42339735000007, 11.676475296000035], [124.42380742800003, 11.675562139000021], [124.42367990600007, 11.674719672000037], [124.42426533700007, 11.672146805000068], [124.42101595500003, 11.666054852000059], [124.41431338200005, 11.668443079000042], [124.41288996800006, 11.704510785000025], [124.41365951900002, 11.70451317100003], [124.41614108400006, 11.705861878000064], [124.41698176500006, 11.706058711000026], [124.41865228200004, 11.706072340000048], [124.4207715120001, 11.706704501000047], [124.42409734400007, 11.706748297000047], [124.42630297800008, 11.707205741000053]]]}}, {"type": "Feature", "properties": {"key": "Masagaosao (807806)", "barangay": "Masagaosao", "pgc_prefix": "807806"}, "geometry": {"type": "Polygon", "coordinates": [[[124.37416099000006, 11.693634833000033], [124.3741973540001, 11.693160760000069], [124.37532165700009, 11.692690670000047], [124.37891728000011, 11.684841146000053], [124.36815459900004, 11.678732251000042], [124.36574682100002, 11.682516209000028], [124.36644065600001, 11.683481956000037], [124.36630405300002, 11.685337396000023], [124.36593845700008, 11.685440853000046], [124.36620673000004, 11.685767842000075], [124.36629602300002, 11.686977720000073], [124.36777188400004, 11.688589050000076], [124.37010336100002, 11.689741769000022], [124.37121947100002, 11.690579119000063], [124.37243188700006, 11.692836205000049], [124.37355165300005, 11.692796905000023], [124.37412085900007, 11.693232525000042], [124.37416099000006, 11.693634833000033]]]}}, {"type": "Feature", "properties": {"key": "Masagongsong (807806)", "barangay": "Masagongsong", "pgc_prefix": "807806"}, "geometry": {"type": "Polygon", "coordinates": [[[124.37613185000009, 11.664123665000034], [124.36504573200011, 11.660082944000067], [124.36343255300005, 11.660667429000057], [124.35983096900009, 11.658781172000033], [124.35960742600003, 11.659228558000052], [124.35748602400008, 11.660960330000023], [124.35759580000001, 11.661101563000045], [124.35718669800008, 11.661467684000058], [124.35685313200008, 11.662738527000045], [124.35552348700003, 11.664067276000026], [124.3620456110001, 11.667526237000061], [124.37613185000009, 11.664123665000034]]]}}, {"type": "Feature", "properties": {"key": "Poblacion (807806)", "barangay": "Poblacion", "pgc_prefix": "807806"}, "geometry": {"type": "MultiPolygon", "coordinates": [[[[124.35251837300007, 11.68214026000004], [124.35402476500008, 11.681858293000062], [124.35489106300008, 11.680266967000023], [124.35524667300001, 11.680511902000035], [124.35511590700003, 11.681111870000052], [124.3553046830001, 11.681618203000028], [124.35569743000008, 11.68155889600007], [124.35600223900008, 11.681817223000053], [124.35648695700002, 11.681423743000039], [124.35678199800009, 11.681676329000027], [124.35706141700007, 11.681536651000044], [124.35806965000006, 11.681827518000034], [124.35811459600006, 11.681550065000067], [124.35856009700001, 11.681427610000071], [124.3592068050001, 11.681631265000021], [124.35914390700009, 11.681136053000046], [124.36202616900005, 11.673833928000022], [124.3594237000001, 11.66987503300004], [124.35665794500005, 11.673618007000073], [124.35478996000006, 11.673554612000032], [124.35453816800009, 11.674092750000057], [124.35326619400007, 11.675017145000027], [124.34957747700003, 11.672003154000038], [124.34896651200006, 11.670685998000067], [124.34744771900012, 11.669170132000033], [124.34503488100006, 11.67014467100006], [124.34451931800004, 11.671194641000056], [124.34546312900011, 11.672979939000072], [124.34544267100011, 11.674310623000054], [124.34638048400006, 11.676558778000071], [124.34708105600009, 11.676276960000052], [124.34773071100005, 11.677845929000057], [124.34869056500008, 11.67844431800006], [124.34920605500008, 11.679576993000069], [124.35045903500009, 11.680367429000057], [124.3508888670001, 11.681075839000073], [124.35130584600006, 11.681189051000047], [124.35184728100012, 11.681806704000053], [124.35251837300007, 11.68214026000004]]], [[[124.35940237600005, 11.69441144800004], [124.36053016800008, 11.693893762000073], [124.3604281160001, 11.693723877000025], [124.36096694700007, 11.69380781700005], [124.36115948200006, 11.69421535600003], [124.3628822820001, 11.692296377000048], [124.36280905500007, 11.690785047000077], [124.36188548200005, 11.689487765000024], [124.3613013800001, 11.689376496000023], [124.35999484600006, 11.689768289000028], [124.35821775600004, 11.691165676000026], [124.35794820100011, 11.692145565000033], [124.35857598600012, 11.692349295000042], [124.3584008790001, 11.692181627000025], [124.35845925000001, 11.692114943000036], [124.35864797500005, 11.692393117000051], [124.35874526000009, 11.692227358000025], [124.35901181300005, 11.69241026900005], [124.35874914800002, 11.692478857000026], [124.35907212600011, 11.692568408000056], [124.35919674000002, 11.693139135000024], [124.35890040400011, 11.693937341000037], [124.35940237600005, 11.69441144800004]]], [[[124.34396983400006, 11.699290977000032], [124.34483208000006, 11.698254357000053], [124.34496408300004, 11.697872295000025], [124.34474062600009, 11.69757011400003], [124.34388222200005, 11.69764275700004], [124.34340301500004, 11.698560651000037], [124.3435699580001, 11.699043669000048], [124.34396983400006, 11.699290977000032]]], [[[124.33533965000004, 11.70969844700005], [124.33684964000008, 11.708707464000042], [124.33942522100006, 11.708625236000046], [124.33925091800006, 11.707843599000057], [124.33766865500002, 11.707589710000036], [124.33653672800006, 11.70802320200005], [124.33573187700006, 11.708648770000025], [124.33533965000004, 11.70969844700005]]]]}}, {"type": "Feature", "properties": {"key": "Tabunan North (807806)", "barangay": "Tabunan North", "pgc_prefix": "807806"}, "geometry": {"type": "Polygon", "coordinates": [[[124.38191675200005, 11.66272409100003], [124.36526852100008, 11.65714074300007], [124.36328136700001, 11.656035000000031], [124.3625425570001, 11.654935077000061], [124.36094191100005, 11.654464104000056], [124.36148811500004, 11.655388457000072], [124.36108465200005, 11.65588692600005], [124.36109335900005, 11.657065009000064], [124.3606751320001, 11.657130026000061], [124.36067856800003, 11.65765716900006], [124.35983096900009, 11.658781172000033], [124.36343255300005, 11.660667429000057], [124.36504573200011, 11.660082944000067], [124.37613185000009, 11.664123665000034], [124.38191675200005, 11.66272409100003]]]}}, {"type": "Feature", "properties": {"key": "Tubig Guinoo (807806)", "barangay": "Tubig Guinoo", "pgc_prefix": "807806"}, "geometry": {"type": "Polygon", "coordinates": [[[124.39877535200003, 11.667712282000025], [124.38754526500009, 11.664999350000073], [124.37517906100004, 11.673539565000056], [124.3664183940001, 11.67774468500005], [124.37891728000011, 11.684841146000053], [124.39526947000002, 11.688369520000037], [124.39877535200003, 11.667712282000025]]]}}, {"type": "Feature", "properties": {"key": "Tucdao (807806)", "barangay": "Tucdao", "pgc_prefix": "807806"}, "geometry": {"type": "Polygon", "coordinates": [[[124.46480839800006, 11.70575615000007], [124.46537392000005, 11.70586639000004], [124.46515586100008, 11.705428639000047], [124.46546333000003, 11.705819415000065], [124.46566177500006, 11.705753223000045], [124.46577372000002, 11.705392482000036], [124.46603322200008, 11.705492848000063], [124.4670886880001, 11.705003874000056], [124.47215856800005, 11.702083536000032], [124.47534415400003, 11.698057730000073], [124.47431833500002, 11.698246485000027], [124.47075010500009, 11.654708929000037], [124.46726245700006, 11.647708654000041], [124.46666734900009, 11.653245814000059], [124.4673316620001, 11.65354372400003], [124.46781327300005, 11.654311868000036], [124.46810409200009, 11.656420128000036], [124.46739613300008, 11.659559779000062], [124.46717706600009, 11.662774014000036], [124.4682118390001, 11.666118076000032], [124.46836320800003, 11.667647812000041], [124.46746242400002, 11.669848770000044], [124.46675710300008, 11.670213753000041], [124.46638953000001, 11.670731906000071], [124.46617698700004, 11.672448357000064], [124.46668642300006, 11.674007476000043], [124.46730080900011, 11.674830280000037], [124.46766995700011, 11.677985660000047], [124.46734450500003, 11.678926385000068], [124.46778149600004, 11.679342388000066], [124.46755084800009, 11.679974646000062], [124.46800634500005, 11.680385449000028], [124.46806516300012, 11.681184360000032], [124.46790481200003, 11.681639576000066], [124.46726020900007, 11.682162149000021], [124.46781615000009, 11.682861529000036], [124.46736296800009, 11.684960602000046], [124.4668280300001, 11.68541652600004], [124.46619829200006, 11.687233669000022], [124.4655498620001, 11.687677259000054], [124.46521895300009, 11.688724837000052], [124.46478153700002, 11.689087438000058], [124.46458974300003, 11.690216472000031], [124.46402949500009, 11.690715527000066], [124.46376419300009, 11.691513203000056], [124.46302037800001, 11.692130900000052], [124.4625721760001, 11.69303757800003], [124.462894602, 11.694221541000047], [124.46284511400006, 11.695233537000036], [124.46334365900009, 11.695972420000032], [124.46309103300007, 11.696819825000034], [124.46380551800007, 11.697649548000072], [124.46429739400003, 11.699553631000072], [124.46480731800011, 11.700459178000074], [124.46477451700002, 11.701602079000054], [124.46499767400007, 11.70208064600007], [124.46460735900007, 11.703747275000069], [124.46480839800006, 11.70575615000007]]]}}, {"type": "Feature", "properties": {"key": "Ungale (807806)", "barangay": "Ungale", "pgc_prefix": "807806"}, "geometry": {"type": "Polygon", "coordinates": [[[124.465051173, 11.705938985000046], [124.46480839800006, 11.70575615000007], [124.46460735900007, 11.703747275000069], [124.46499767400007, 11.70208064600007], [124.46477451700002, 11.701602079000054], [124.46480731800011, 11.700459178000074], [124.46429739400003, 11.699553631000072], [124.46380551800007, 11.697649548000072], [124.46309103300007, 11.696819825000034], [124.46334365900009, 11.695972420000032], [124.46284511400006, 11.695233537000036], [124.462894602, 11.694221541000047], [124.4625721760001, 11.69303757800003], [124.46302037800001, 11.692130900000052], [124.46376419300009, 11.691513203000056], [124.46402949500009, 11.690715527000066], [124.46458974300003, 11.690216472000031], [124.46478153700002, 11.689087438000058], [124.46521895300009, 11.688724837000052], [124.4655498620001, 11.687677259000054], [124.46619829200006, 11.687233669000022], [124.4668280300001, 11.68541652600004], [124.46736296800009, 11.684960602000046], [124.46781615000009, 11.682861529000036], [124.46726020900007, 11.682162149000021], [124.46790481200003, 11.681639576000066], [124.46806516300012, 11.681184360000032], [124.46800634500005, 11.680385449000028], [124.46755084800009, 11.679974646000062], [124.46778149600004, 11.679342388000066], [124.46734450500003, 11.678926385000068], [124.46766995700011, 11.677985660000047], [124.46730080900011, 11.674830280000037], [124.46668642300006, 11.674007476000043], [124.46617698700004, 11.672448357000064], [124.46638953000001, 11.670731906000071], [124.46675710300008, 11.670213753000041], [124.46746242400002, 11.669848770000044], [124.46836320800003, 11.667647812000041], [124.4682118390001, 11.666118076000032], [124.46717706600009, 11.662774014000036], [124.46739613300008, 11.659559779000062], [124.46810409200009, 11.656420128000036], [124.46781327300005, 11.654311868000036], [124.4673316620001, 11.65354372400003], [124.46666734900009, 11.653245814000059], [124.46726245700006, 11.647708654000041], [124.45407678000004, 11.622236156000042], [124.44692919600004, 11.702759578000041], [124.44973904300002, 11.703034235000075], [124.4548715300001, 11.704660622000063], [124.45529219500008, 11.70472662000003], [124.45522277600003, 11.704388686000073], [124.45549845700009, 11.704301217000022], [124.4557588880001, 11.704643153000063], [124.45847695400005, 11.70496115700007], [124.46135438400006, 11.705859020000048], [124.465051173, 11.705938985000046]]]}}, {"type": "Feature", "properties": {"key": "Balite (807806)", "barangay": "Balite", "pgc_prefix": "807806"}, "geometry": {"type": "Polygon", "coordinates": [[[124.36625197100011, 11.685408369000072], [124.36644065600001, 11.683481956000037], [124.36574682100002, 11.682516209000028], [124.36815459900004, 11.678732251000042], [124.3664183940001, 11.67774468500005], [124.36202616900005, 11.673833928000022], [124.35914390700009, 11.681136053000046], [124.35940820000008, 11.68423279700005], [124.35929748600006, 11.682186265000041], [124.360096655, 11.682126957000037], [124.35928771600004, 11.682155649000038], [124.35925542900009, 11.681557172000055], [124.35959150800011, 11.681583964000026], [124.35973805900005, 11.68127015600004], [124.36100853800008, 11.681415592000064], [124.36135048100004, 11.681256776000055], [124.36232572400002, 11.681820750000043], [124.36275445800004, 11.683053767000047], [124.3631969700001, 11.682976644000064], [124.36327290400004, 11.683371136000062], [124.36358390200007, 11.683410692000052], [124.36387470000011, 11.683881368000073], [124.36495245300011, 11.684221444000059], [124.36581132200001, 11.685231852000072], [124.36610855600009, 11.685137354000062], [124.36625197100011, 11.685408369000072]]]}}, {"type": "Feature", "properties": {"key": "Buyo (807806)", "barangay": "Buyo", "pgc_prefix": "807806"}, "geometry": {"type": "Polygon", "coordinates": [[[124.35331162400007, 11.67501308900006], [124.35453816800009, 11.674092750000057], [124.35478996000006, 11.673554612000032], [124.35665794500005, 11.673618007000073], [124.3594237000001, 11.66987503300004], [124.3620456110001, 11.667526237000061], [124.35552348700003, 11.664067276000026], [124.35514640500003, 11.664570240000046], [124.35465134200001, 11.664707263000025], [124.35449421200008, 11.66452386900005], [124.35450486500008, 11.664829252000061], [124.35429290700006, 11.664877622000063], [124.3516445780001, 11.664879147000022], [124.35013549900009, 11.665136166000025], [124.34868115800009, 11.664850045000037], [124.34782030500003, 11.665050372000053], [124.3474863780001, 11.665401943000063], [124.34711695700003, 11.665079000000048], [124.34653480700001, 11.665038571000025], [124.34643904100005, 11.665420953000023], [124.34744771900012, 11.669170132000033], [124.34896651200006, 11.670685998000067], [124.34957747700003, 11.672003154000038], [124.35128990500004, 11.673259091000034], [124.35252557600006, 11.67460447600007], [124.35331162400007, 11.67501308900006]]]}}, {"type": "Feature", "properties": {"key": "Villa Cornejo (Looc) (807806)", "barangay": "Villa Cornejo (Looc)", "pgc_prefix": "807806"}, "geometry": {"type": "Polygon", "coordinates": [[[124.42953146400009, 11.705165721000071], [124.43195077700011, 11.703187823000064], [124.43406079500005, 11.702167564000035], [124.43378785400012, 11.70168282000003], [124.43375333300003, 11.700592500000027], [124.43427767100002, 11.69927472300003], [124.43417174500007, 11.698115751000046], [124.43384199900004, 11.697672214000022], [124.43084629600003, 11.653642278000063], [124.42101595500003, 11.666054852000059], [124.42426533700007, 11.672146805000068], [124.42367990600007, 11.674719672000037], [124.42380742800003, 11.675562139000021], [124.42339735000007, 11.676475296000035], [124.42282299100009, 11.676723206000077], [124.42242364300012, 11.677241192000054], [124.42271389300004, 11.678204407000067], [124.42203789500002, 11.67929398900003], [124.42234617400004, 11.679690153000024], [124.42365118700002, 11.67995744700005], [124.4242091650001, 11.680771021000055], [124.42464758200003, 11.682749246000071], [124.4239213730001, 11.68381755200005], [124.42404028500005, 11.685225071000048], [124.42382989400005, 11.686079935000066], [124.42215367300003, 11.687197780000076], [124.42245338200007, 11.689234380000073], [124.4215827810001, 11.690426247000062], [124.42165763800006, 11.691654036000045], [124.42110136800011, 11.69315997900003], [124.42268993400012, 11.694335133000038], [124.42267710700003, 11.696524577000048], [124.42596439300007, 11.697748988000058], [124.4275139230001, 11.698055142000044], [124.42771265400006, 11.698728931000062], [124.42707450700004, 11.699580876000027], [124.42765166900006, 11.700288034000039], [124.42762135900011, 11.704242091000026], [124.42790539500004, 11.704643189000024], [124.42953146400009, 11.705165721000071]]]}}, {"type": "Feature", "properties": {"key": "San Lorenzo (807806)", "barangay": "San Lorenzo", "pgc_prefix": "807806"}, "geometry": {"type": "Polygon", "coordinates": [[[124.47480802600012, 11.69828220100004], [124.47734911300006, 11.696327678000046], [124.47983688400006, 11.695410266000067], [124.48041123100006, 11.693610026000044], [124.4799182060001, 11.69249383400006], [124.47996095100007, 11.691811285000028], [124.47878720100005, 11.690161033000038], [124.47817994500008, 11.68847441400004], [124.47856497400005, 11.68773040900004], [124.47820829900002, 11.686039468000047], [124.47862697500011, 11.68428140800006], [124.4778280810001, 11.683296975000076], [124.4777339200001, 11.681782505000058], [124.47859948600001, 11.680070697000076], [124.47780360600007, 11.678089862000036], [124.47779421700011, 11.677071307000062], [124.47848159700004, 11.676244198000063], [124.47857428200007, 11.674728938000044], [124.47895574100005, 11.67400862200003], [124.47851880700011, 11.673551415000077], [124.47850547900009, 11.672015204000047], [124.47825866000005, 11.671612649000053], [124.47833284400008, 11.669719659000066], [124.47075010500009, 11.654708929000037], [124.47431833500002, 11.698246485000027], [124.47480802600012, 11.69828220100004]]]}}]}