{"type": "FeatureCollection", "features": [{"type": "Feature", "properties": {"waterway": "stream"}, "geometry": {"type": "LineString", "coordinates": [[124.56766410000002, 11.473463], [124.5678352, 11.473345], [124.5678549, 11.4730642]]}}, {"type": "Feature", "properties": {"waterway": "ditch"}, "geometry": {"type": "LineString", "coordinates": [[124.5678847, 11.4738831], [124.56785830000001, 11.4736166], [124.56766410000002, 11.473463]]}}, {"type": "Feature", "properties": {"waterway": "river"}, "geometry": {"type": "LineString", "coordinates": [[124.54545330000002, 11.4795653], [124.5454091, 11.4792361], [124.5457122, 11.4787866], [124.545662, 11.4784877]]}}, {"type": "Feature", "properties": {"waterway": "river"}, "geometry": {"type": "LineString", "coordinates": [[124.5454115, 11.4796254], [124.54545330000002, 11.4795653]]}}, {"type": "Feature", "properties": {"waterway": "river"}, "geometry": {"type": "LineString", "coordinates": [[124.5393731, 11.4838208], [124.5387991, 11.4828378], [124.5384128, 11.4815287], [124.53830550000002, 11.480635], [124.53807490000001, 11.4802618], [124.5395485, 11.4795436], [124.5406187, 11.4779796], [124.54127850000002, 11.4774749], [124.54158430000001, 11.4775867], [124.541705, 11.477425], [124.5421167, 11.4773277], [124.5423027, 11.476847]]}}, {"type": "Feature", "properties": {"waterway": "river"}, "geometry": {"type": "LineString", "coordinates": [[124.54462590000001, 11.4815387], [124.54538490000002, 11.479934], [124.5454115, 11.4796254]]}}, {"type": "Feature", "properties": {"waterway": "stream"}, "geometry": {"type": "LineString", "coordinates": [[124.60241510000002, 11.5016223], [124.603396, 11.5016276], [124.6038661, 11.5014715], [124.6043506, 11.5015357], [124.6048179, 11.5012253], [124.6050917, 11.5008062], [124.60595990000002, 11.5004423], [124.60688939999999, 11.5004605], [124.6087805, 11.4997123], [124.6095175, 11.4995474]]}}, {"type": "Feature", "properties": {"waterway": "stream"}, "geometry": {"type": "LineString", "coordinates": [[124.5896363, 11.5095259], [124.5905664, 11.5081594], [124.59056569999998, 11.5078259], [124.59181349999999, 11.5067876], [124.59190460000002, 11.5064073], [124.5933602, 11.5063449], [124.5940893, 11.5051638], [124.5947033, 11.5049853], [124.5951334, 11.5035763], [124.59609519999998, 11.5031483], [124.59804739999998, 11.5026854], [124.59868910000002, 11.5021649], [124.60241510000002, 11.5016223]]}}, {"type": "Feature", "properties": {"waterway": "stream"}, "geometry": {"type": "LineString", "coordinates": [[124.6103273, 11.5146603], [124.6118346, 11.5139086], [124.61197390000001, 11.5126159], [124.61246590000002, 11.5119052], [124.612958, 11.5117047], [124.61575420000001, 11.5116109]]}}, {"type": "Feature", "properties": {"waterway": "stream"}, "geometry": {"type": "LineString", "coordinates": [[124.5880101, 11.5219137], [124.5896255, 11.5212595], [124.59015970000002, 11.5205616], [124.59128960000001, 11.5197962], [124.5925471, 11.5192313], [124.5942784, 11.5187574], [124.5952215, 11.5186112], [124.5967145, 11.5189526], [124.5980325, 11.5194317], [124.5987432, 11.5194135], [124.6017502, 11.5187028], [124.6039006, 11.5173906], [124.60455669999999, 11.5171173], [124.6062333, 11.5170261], [124.6067254, 11.5168621], [124.6093314, 11.5155318], [124.6103273, 11.5146603]]}}, {"type": "Feature", "properties": {"waterway": "stream"}, "geometry": {"type": "LineString", "coordinates": [[124.5979386, 11.5257923], [124.5981737, 11.5253666], [124.59937020000001, 11.5242641], [124.5995316, 11.5232955], [124.6013571, 11.521969], [124.60218049999999, 11.5210803], [124.6035739, 11.5199146], [124.60535959999999, 11.5193567], [124.6058374, 11.5174667], [124.60654040000001, 11.5171519], [124.6067254, 11.5168621]]}}, {"type": "Feature", "properties": {"waterway": "stream"}, "geometry": {"type": "LineString", "coordinates": [[124.5850694, 11.5255966], [124.5858327, 11.525803], [124.5865539, 11.525505], [124.587272, 11.525149], [124.5878327, 11.5243787], [124.5901542, 11.5253936], [124.59108449999998, 11.5255403], [124.591785, 11.5255028], [124.59304269999998, 11.5260522], [124.5955186, 11.5254591], [124.5967466, 11.5257212], [124.59732649999998, 11.5255458], [124.5998739, 11.5264813], [124.60036650000002, 11.5263286], [124.600718, 11.526375], [124.601096, 11.5268792], [124.6015552, 11.5268969], [124.602237, 11.5267049]]}}, {"type": "Feature", "properties": {"waterway": "stream"}, "geometry": {"type": "LineString", "coordinates": [[124.589508, 11.5307818], [124.59073280000001, 11.5315094], [124.59270810000001, 11.5317608], [124.59380080000001, 11.5327205], [124.5950893, 11.5331817]]}}, {"type": "Feature", "properties": {"waterway": "stream"}, "geometry": {"type": "LineString", "coordinates": [[124.53426579999999, 11.4773181], [124.53442920000002, 11.4770373], [124.5343672, 11.4767842], [124.5345473, 11.4762462], [124.53403389999998, 11.474661]]}}, {"type": "Feature", "properties": {"waterway": "river"}, "geometry": {"type": "LineString", "coordinates": [[124.53689549999999, 11.4798688], [124.5370135, 11.4779132], [124.5371947, 11.476981], [124.5368739, 11.4764602], [124.53681630000001, 11.4761346], [124.5369625, 11.4756441], [124.53649289999998, 11.4743851], [124.5364843, 11.4738911]]}}, {"type": "Feature", "properties": {"waterway": "stream"}, "geometry": {"type": "LineString", "coordinates": [[124.5239235, 11.4855066], [124.5237974, 11.4848578], [124.5238522, 11.4835749], [124.52343150000002, 11.4822546], [124.52373670000001, 11.4815619], [124.52368089999999, 11.4810153], [124.52332740000001, 11.480795], [124.523229, 11.4801188], [124.5228757, 11.4796419], [124.522932, 11.4790432], [124.52276130000001, 11.4783624], [124.5225331, 11.4780521], [124.52246529999998, 11.4773554], [124.5227064, 11.4771927], [124.52278740000001, 11.4769549], [124.5226376, 11.4766181]]}}, {"type": "Feature", "properties": {"waterway": "stream"}, "geometry": {"type": "LineString", "coordinates": [[124.5053687, 11.4845675], [124.5052587, 11.4838486], [124.5049283, 11.4835709], [124.5047978, 11.483217], [124.5049275, 11.4828868], [124.50491370000002, 11.4824153], [124.5050801, 11.4820983], [124.5049724, 11.4817049], [124.5045414, 11.4812751], [124.5039265, 11.4797341]]}}, {"type": "Feature", "properties": {"waterway": "stream"}, "geometry": {"type": "LineString", "coordinates": [[124.53512320000002, 11.4855077], [124.5350595, 11.4838493], [124.535415, 11.4822082]]}}, {"type": "Feature", "properties": {"waterway": "stream"}, "geometry": {"type": "LineString", "coordinates": [[124.5376226, 11.4891929], [124.53760650000001, 11.4886225], [124.5373276, 11.4882282], [124.5368314, 11.4879417], [124.5371371, 11.4871216], [124.537003, 11.486751], [124.5372874, 11.4856208], [124.53719880000001, 11.4846088], [124.53742950000002, 11.4838387], [124.5367965, 11.4833419], [124.53662220000001, 11.4828608], [124.53714680000002, 11.4824803], [124.5370503, 11.4812712], [124.5371576, 11.4804248], [124.53689549999999, 11.4798688]]}}, {"type": "Feature", "properties": {"waterway": "river"}, "geometry": {"type": "LineString", "coordinates": [[124.5193406, 11.494891], [124.5190157, 11.4947838], [124.5190106, 11.4944012], [124.519416, 11.4940573], [124.5196253, 11.4934935], [124.5200245, 11.4933778], [124.5207536, 11.4925912], [124.5208653, 11.4923598], [124.52074990000001, 11.4916098], [124.521071, 11.4911244], [124.52145179999998, 11.4908478], [124.521814, 11.4899272], [124.5220597, 11.4897439], [124.5224788, 11.4888905], [124.5218985, 11.4884751], [124.5214052, 11.4883112], [124.5210248, 11.4877923], [124.521105, 11.4867816], [124.5201437, 11.4864603], [124.51986489999999, 11.4857837], [124.5198962, 11.4850396], [124.5201108, 11.4844459], [124.519285, 11.4838532], [124.5198635, 11.4834845], [124.5199321, 11.4831436], [124.5196496, 11.4825389], [124.5201133, 11.4818968], [124.5201157, 11.4814467], [124.5199297, 11.4812337], [124.5193141, 11.4811463], [124.5190975, 11.480968], [124.5192149, 11.4797688], [124.5186689, 11.4790246], [124.517774, 11.4771583], [124.5175165, 11.4754396], [124.5167646, 11.475144], [124.5169627, 11.474766]]}}, {"type": "Feature", "properties": {"waterway": "river"}, "geometry": {"type": "LineString", "coordinates": [[124.53054219999999, 11.4906448], [124.5307776, 11.4899177], [124.5317736, 11.4886627], [124.532148, 11.4871709], [124.532486, 11.4868922], [124.53327990000001, 11.4856831], [124.53373590000001, 11.4839694], [124.53393440000002, 11.4838327], [124.5345245, 11.482613], [124.5350502, 11.4822556], [124.535415, 11.4822082], [124.53575290000002, 11.4818771], [124.53593530000002, 11.4814407], [124.5361928, 11.4812041], [124.53642350000001, 11.4804944], [124.53689549999999, 11.4798688]]}}, {"type": "Feature", "properties": {"waterway": "ditch"}, "geometry": {"type": "LineString", "coordinates": [[124.53054219999999, 11.4906448], [124.53042489999999, 11.4901418], [124.53067839999999, 11.4893887], [124.530713, 11.489075], [124.5305954, 11.4889276], [124.5307355, 11.4879528], [124.53053, 11.4877697], [124.5298304, 11.4877045], [124.5293683, 11.4870862], [124.5291103, 11.4856325]]}}, {"type": "Feature", "properties": {"waterway": "stream"}, "geometry": {"type": "LineString", "coordinates": [[124.53770310000002, 11.4912878], [124.53782379999998, 11.4905886], [124.5375261, 11.4897974], [124.5376226, 11.4891929]]}}, {"type": "Feature", "properties": {"waterway": "river"}, "geometry": {"type": "LineString", "coordinates": [[124.57184260000001, 11.4825648], [124.5715311, 11.4824744], [124.57130580000002, 11.4822431], [124.5714, 11.481675]]}}, {"type": "Feature", "properties": {"waterway": "river"}, "geometry": {"type": "LineString", "coordinates": [[124.57331489999999, 11.4845533], [124.5728266, 11.4841252], [124.5726764, 11.4833261]]}}, {"type": "Feature", "properties": {"waterway": "river"}, "geometry": {"type": "LineString", "coordinates": [[124.5741785, 11.4849715], [124.57331489999999, 11.4845533]]}}, {"type": "Feature", "properties": {"waterway": "river"}, "geometry": {"type": "LineString", "coordinates": [[124.5421036, 11.4869487], [124.5419909, 11.4870959], [124.5417173, 11.4871327], [124.54111650000002, 11.4869487], [124.54027970000001, 11.4865965], [124.539829, 11.486218], [124.5397271, 11.4860708], [124.53972179999998, 11.4850615], [124.5393731, 11.4838208]]}}, {"type": "Feature", "properties": {"waterway": "river"}, "geometry": {"type": "LineString", "coordinates": [[124.57201660000001, 11.502398], [124.5722526, 11.5021667], [124.57249940000001, 11.5010943], [124.572022, 11.4999746], [124.5726174, 11.4994122], [124.57263889999999, 11.4989391], [124.5729768, 11.4981348], [124.57403360000002, 11.4974041], [124.5742643, 11.4967522], [124.5745325, 11.4963948], [124.5751709, 11.4962476], [124.57543909999998, 11.4945602], [124.5759916, 11.4942185], [124.57652270000001, 11.4924732], [124.5761847, 11.4918581], [124.5764583, 11.4907647], [124.5762116, 11.4903336], [124.57620619999999, 11.4899499], [124.5762813, 11.4898132], [124.57675340000002, 11.4897133], [124.5767909, 11.4895556], [124.57666220000002, 11.489298], [124.576115, 11.4888775], [124.57597549999998, 11.4880626], [124.57603450000002, 11.4877209], [124.57577170000002, 11.4872268], [124.5757341, 11.4860387], [124.5753425, 11.4859336], [124.575085, 11.4853553], [124.5742214, 11.4850714], [124.5741355, 11.4848033], [124.5735455, 11.4842566], [124.57309480000002, 11.4835469], [124.57214530000002, 11.4829476], [124.57181269999998, 11.482527], [124.571625, 11.4817069], [124.57135680000002, 11.4816701], [124.57119580000001, 11.4815019], [124.5708579, 11.4807501], [124.5708203, 11.480298], [124.571051, 11.4797618], [124.57104030000002, 11.4788628], [124.5712388, 11.4781111], [124.5711368, 11.4772016], [124.57075059999998, 11.4768546], [124.57072380000001, 11.4758505], [124.5705977, 11.4754799], [124.5709759, 11.4747938], [124.5707828, 11.4737844], [124.57081929999998, 11.4727957]]}}, {"type": "Feature", "properties": {"waterway": "stream"}, "geometry": {"type": "LineString", "coordinates": [[124.54882320000002, 11.4985155], [124.5487312, 11.4982381], [124.54887279999998, 11.497704], [124.54875240000001, 11.4973641], [124.54788890000002, 11.4963583], [124.5474894, 11.4955175], [124.547409, 11.4950811], [124.54754309999998, 11.4938037], [124.5473285, 11.4932307], [124.54795080000001, 11.4919744], [124.54798829999999, 11.490739], [124.54871790000001, 11.4898085], [124.54901829999999, 11.4890463], [124.54907190000002, 11.4875112], [124.5488681, 11.4869014], [124.549029, 11.4865545], [124.5489646, 11.4863074], [124.5498444, 11.4841362], [124.5502146, 11.4837945], [124.5508315, 11.4837104], [124.5511426, 11.4839522], [124.5516469, 11.4838313], [124.5520546, 11.4839575], [124.55281090000001, 11.4837683], [124.55380870000002, 11.4830165], [124.55411989999999, 11.4822753], [124.5544203, 11.4821543], [124.5549031, 11.4814289], [124.5553966, 11.4810241], [124.5564641, 11.4809189], [124.55667870000002, 11.4796993], [124.55698450000001, 11.4787898], [124.5569576, 11.4778435], [124.556786, 11.4778277], [124.55664109999998, 11.4779697], [124.5566948, 11.4780696], [124.5561101, 11.4784323], [124.5550033, 11.4782278]]}}, {"type": "Feature", "properties": {"waterway": "river"}, "geometry": {"type": "LineString", "coordinates": [[124.55906610000001, 11.5059364], [124.55942010000001, 11.5058047], [124.5596183, 11.5054995], [124.5606659, 11.505111], [124.56082159999998, 11.5047989], [124.5612675, 11.5047712], [124.56201080000001, 11.5042718], [124.5631787, 11.5040498], [124.5633061, 11.5032521], [124.56346890000002, 11.5031412], [124.56608789999999, 11.5021632], [124.5664985, 11.5013239], [124.5681831, 11.4998534], [124.56874939999999, 11.4994996], [124.5689265, 11.4991848], [124.56899009999998, 11.4984314], [124.5694997, 11.4979875], [124.56966959999998, 11.4975783], [124.56968369999998, 11.4968014], [124.569436, 11.4961841], [124.5689154, 11.4953228], [124.5685983, 11.4944862], [124.5683625, 11.4943268], [124.5682731, 11.4934504], [124.5686959, 11.4932034], [124.568704, 11.4926775], [124.5684764, 11.4922871], [124.5670616, 11.4918329], [124.5673949, 11.4909245], [124.5671591, 11.4902632], [124.56663060000001, 11.4900002], [124.5663054, 11.4896098], [124.5664192, 11.488829], [124.5659883, 11.4880561], [124.565972, 11.4868529], [124.5655086, 11.4862951], [124.5645328, 11.4857533], [124.563484, 11.4853867], [124.56324, 11.48408], [124.562988, 11.4836338], [124.56333759999998, 11.4827174], [124.56338640000001, 11.4814823], [124.563858, 11.4806138], [124.5641019, 11.4804066], [124.5648337, 11.4802154], [124.565785, 11.4801915], [124.5661184, 11.4800481], [124.5664843, 11.4793309], [124.5664274, 11.4787492], [124.5665789, 11.4783391], [124.56640859999999, 11.4776147], [124.56529250000001, 11.4757429], [124.5650777, 11.4750152], [124.56513370000002, 11.4746399], [124.565554, 11.4745438], [124.56568940000001, 11.4743973], [124.5652916, 11.4737396]]}}, {"type": "Feature", "properties": {"waterway": "river"}, "geometry": {"type": "LineString", "coordinates": [[124.54622710000001, 11.4969164], [124.545864, 11.4961903], [124.5460464, 11.495775], [124.5462556, 11.4943557], [124.54652380000002, 11.491927], [124.5464595, 11.4912647], [124.5452417, 11.489267], [124.5446302, 11.4889411], [124.5435144, 11.4888307], [124.5430692, 11.488079], [124.5421036, 11.4869487]]}}, {"type": "Feature", "properties": {"waterway": "stream"}, "geometry": {"type": "LineString", "coordinates": [[124.585622, 11.4978727], [124.5861596, 11.497326], [124.587417, 11.4964968], [124.5891392, 11.4943555], [124.58962209999999, 11.4927244], [124.5904422, 11.4915216], [124.5912167, 11.4909294], [124.5917138, 11.4902344], [124.5927024, 11.4895033], [124.5934351, 11.4893679], [124.5953923, 11.4875033], [124.5958353, 11.4872184]]}}, {"type": "Feature", "properties": {"waterway": "stream"}, "geometry": {"type": "LineString", "coordinates": [[124.55426470000002, 11.5008869], [124.55462570000002, 11.5004638], [124.5547531, 11.4991667], [124.5559706, 11.497932], [124.5570465, 11.4973216], [124.5577048, 11.4952754], [124.5585826, 11.4945193], [124.5601256, 11.4923274], [124.56184570000002, 11.4905378], [124.562419, 11.4901771], [124.5630349, 11.4892268], [124.56345960000002, 11.4875759], [124.56379929999999, 11.4871042], [124.5639692, 11.4862302], [124.5638984, 11.4858903], [124.5635587, 11.4857238], [124.563484, 11.4853867]]}}, {"type": "Feature", "properties": {"waterway": "river"}, "geometry": {"type": "LineString", "coordinates": [[124.53000710000002, 11.4922613], [124.5303772, 11.4916778], [124.5303665, 11.4908945], [124.53054219999999, 11.4906448]]}}, {"type": "Feature", "properties": {"waterway": "stream"}, "geometry": {"type": "LineString", "coordinates": [[124.53072210000002, 11.4935718], [124.53035769999998, 11.4931709], [124.5301754, 11.4924055], [124.53000710000002, 11.4922613]]}}, {"type": "Feature", "properties": {"waterway": "stream"}, "geometry": {"type": "LineString", "coordinates": [[124.5399259, 11.4970263], [124.5405298, 11.4948424], [124.5404768, 11.4923017], [124.5394169, 11.4908195], [124.53917929999999, 11.4902766], [124.5380578, 11.4896672], [124.5376226, 11.4891929]]}}, {"type": "Feature", "properties": {"waterway": "stream"}, "geometry": {"type": "LineString", "coordinates": [[124.5256994, 11.5129461], [124.52432650000002, 11.5129199], [124.521888, 11.5120801], [124.5214083, 11.5117657], [124.521124, 11.511806], [124.520874, 11.511639], [124.52079470000001, 11.5113646], [124.5198229, 11.5107477], [124.51832370000001, 11.5088564], [124.5182993, 11.508592], [124.5175817, 11.507666], [124.5175869, 11.5074616], [124.5178268, 11.507182], [124.5174942, 11.5065057], [124.5175416, 11.5058273], [124.5177199, 11.5053776], [124.5176065, 11.5049641], [124.5159063, 11.5038102], [124.51410490000002, 11.5028256], [124.5129061, 11.5025638], [124.5123558, 11.5018115], [124.5122527, 11.5011465], [124.51193130000001, 11.5010092], [124.5118298, 11.499418], [124.51117919999999, 11.499102], [124.5111784, 11.4987797], [124.51164210000002, 11.4977651], [124.5122732, 11.4973684], [124.512069, 11.4964549], [124.5122516, 11.4960331], [124.5124454, 11.4959453], [124.5125678, 11.496021], [124.5126786, 11.4958602], [124.51268430000002, 11.4955142], [124.5124619, 11.4953519], [124.5124335, 11.4949047], [124.5130757, 11.4939571], [124.5132058, 11.493427], [124.51324180000002, 11.4927353], [124.51298620000001, 11.4925415], [124.5125488, 11.4926072], [124.512406, 11.4922564], [124.5124387, 11.491335], [124.512328, 11.4909104], [124.5124432, 11.4905159], [124.512168, 11.4891966], [124.5119826, 11.488871], [124.5122909, 11.4879137], [124.5122066, 11.4877028], [124.5128565, 11.4872889], [124.51296520000001, 11.4868787], [124.5125674, 11.4862859], [124.5125521, 11.4859796], [124.51273, 11.4855996], [124.51269760000001, 11.4852355], [124.5128705, 11.4849964], [124.51288189999998, 11.4846548], [124.5129545, 11.4845012], [124.5135773, 11.4843769], [124.51375210000002, 11.4842159], [124.5134967, 11.4832851], [124.5137134, 11.48303], [124.5141514, 11.4830367], [124.5144738, 11.4820221], [124.5143316, 11.4812824], [124.5145138, 11.480964], [124.51437980000001, 11.4806649], [124.51476680000002, 11.4799576], [124.5143719, 11.4792469], [124.5143237, 11.4789155], [124.5148279, 11.4786463], [124.5149374, 11.4783792], [124.51483580000001, 11.4778018], [124.51535910000001, 11.4773014], [124.5153984, 11.4769034], [124.5156604, 11.4764952], [124.5161213, 11.4766543], [124.51651810000001, 11.4764553], [124.51654870000002, 11.4763016], [124.517135, 11.4762327], [124.51765349999998, 11.4758691]]}}, {"type": "Feature", "properties": {"waterway": "river"}, "geometry": {"type": "LineString", "coordinates": [[124.52962439999999, 11.5041789], [124.5288585, 11.5028609], [124.52912, 11.5008565], [124.5281393, 11.4993921], [124.5284085, 11.4967138], [124.5279525, 11.4953681], [124.5279418, 11.4949317], [124.52905760000002, 11.4933494], [124.52949209999998, 11.4929722], [124.5296074, 11.4926148], [124.53000710000002, 11.4922613]]}}, {"type": "Feature", "properties": {"waterway": "stream"}, "geometry": {"type": "LineString", "coordinates": [[124.4897998, 11.4989196], [124.4893475, 11.4986027], [124.4891155, 11.4982536], [124.4885797, 11.4982325]]}}, {"type": "Feature", "properties": {"waterway": "stream"}, "geometry": {"type": "LineString", "coordinates": [[124.4897998, 11.4989196], [124.48911320000002, 11.4989334]]}}, {"type": "Feature", "properties": {"waterway": "stream"}, "geometry": {"type": "LineString", "coordinates": [[124.4903435, 11.5019073], [124.489835, 11.5016225], [124.4898397, 11.5009818], [124.4896053, 11.5005386], [124.48953030000001, 11.4999897], [124.4895725, 11.4995948], [124.4891038, 11.4990712], [124.48911320000002, 11.4989334]]}}, {"type": "Feature", "properties": {"waterway": "stream"}, "geometry": {"type": "LineString", "coordinates": [[124.5393694, 11.5102377], [124.538686, 11.5077957], [124.5364171, 11.506356], [124.5355059, 11.5055632], [124.5352964, 11.5048798], [124.53534190000002, 11.5035768], [124.5358066, 11.5021645], [124.5375015, 11.4984741], [124.5379024, 11.4981096], [124.53839439999999, 11.4961505], [124.5385585, 11.4950753], [124.53809370000002, 11.4933623], [124.53803910000002, 11.4923782], [124.53770310000002, 11.4912878]]}}, {"type": "Feature", "properties": {"waterway": "stream"}, "geometry": {"type": "LineString", "coordinates": [[124.5234781, 11.5079961], [124.5228129, 11.5073127], [124.5208812, 11.5060188], [124.5206169, 11.5056544], [124.520462, 11.5032306], [124.52091760000002, 11.5020369], [124.5208721, 11.5007248], [124.5193595, 11.496187], [124.51954170000002, 11.4952849], [124.5193406, 11.494891]]}}, {"type": "Feature", "properties": {"waterway": "stream"}, "geometry": {"type": "LineString", "coordinates": [[124.54716929999998, 11.5011986], [124.5471055, 11.5005699], [124.54675930000002, 11.500096], [124.5467957, 11.4997589], [124.5472422, 11.4985379], [124.5478618, 11.4975265], [124.54788890000002, 11.4963583]]}}, {"type": "Feature", "properties": {"waterway": "stream"}, "geometry": {"type": "LineString", "coordinates": [[124.57546150000002, 11.5206105], [124.5760455, 11.5206178], [124.5766134, 11.5200738], [124.57712960000002, 11.519778], [124.57705, 11.5186208], [124.57715250000001, 11.5179858], [124.5774846, 11.5172743], [124.5773983, 11.516668], [124.577705, 11.5161471], [124.57793139999998, 11.5131627], [124.5782412, 11.5122697], [124.57909780000001, 11.5106477], [124.57966270000001, 11.5073128], [124.57984490000001, 11.5048525], [124.5803734, 11.503996], [124.5804099, 11.5030119], [124.57988140000002, 11.5014993], [124.57993610000001, 11.5004787], [124.58026730000002, 11.4988102], [124.58119319999999, 11.4977837], [124.5821329, 11.495312], [124.5828337, 11.4923144], [124.5841601, 11.4901823], [124.58469810000001, 11.488697], [124.584849, 11.4875447], [124.5855934, 11.4868836], [124.5859592, 11.4852577], [124.585933, 11.4843484], [124.5858009, 11.4841291], [124.58616490000001, 11.4833137], [124.5862403, 11.4828344], [124.586537, 11.4827073], [124.5865849, 11.4822022], [124.5869391, 11.4819812], [124.5870632, 11.4817248], [124.5867372, 11.4809842], [124.586801, 11.4802051], [124.5870888, 11.4799064], [124.5879394, 11.4796287], [124.588273, 11.4790487]]}}, {"type": "Feature", "properties": {"waterway": "stream"}, "geometry": {"type": "LineString", "coordinates": [[124.5404446, 11.5035951], [124.54004369999998, 11.5008797], [124.53958810000002, 11.4999867], [124.53944230000002, 11.4985652], [124.5396063, 11.4975447], [124.5399259, 11.4970263]]}}, {"type": "Feature", "properties": {"waterway": "stream"}, "geometry": {"type": "LineString", "coordinates": [[124.58499, 11.5040233], [124.5845046, 11.5019651], [124.5849873, 11.4994613], [124.585622, 11.4978727]]}}, {"type": "Feature", "properties": {"waterway": "stream"}, "geometry": {"type": "LineString", "coordinates": [[124.5495566, 11.5051805], [124.5510237, 11.5041782], [124.5518711, 11.503996], [124.5526456, 11.503431], [124.55331990000002, 11.5021553], [124.55426470000002, 11.5008869]]}}, {"type": "Feature", "properties": {"waterway": "stream"}, "geometry": {"type": "LineString", "coordinates": [[124.5552034, 11.5063866], [124.5555998, 11.5061612], [124.5564792, 11.5063604], [124.55906610000001, 11.5059364]]}}, {"type": "Feature", "properties": {"waterway": "stream"}, "geometry": {"type": "LineString", "coordinates": [[124.5748333, 11.5126888], [124.57469670000002, 11.511568], [124.57411350000001, 11.5106295], [124.5739859, 11.5088071], [124.5732387, 11.5055997], [124.57295630000002, 11.5049436], [124.5724916, 11.503021], [124.57201660000001, 11.502398]]}}, {"type": "Feature", "properties": {"waterway": "stream"}, "geometry": {"type": "LineString", "coordinates": [[124.5602646, 11.5147272], [124.5605831, 11.5147341], [124.5614793, 11.514091], [124.5615383, 11.5135706], [124.5613291, 11.5121829], [124.5610663, 11.5116415], [124.5615491, 11.5109318], [124.5616134, 11.5105061], [124.5618817, 11.5103011], [124.562284, 11.5096282], [124.5626595, 11.5094232], [124.56306180000001, 11.5083141], [124.5636305, 11.5080618], [124.56395769999999, 11.5077674], [124.56404889999999, 11.5075046], [124.5645639, 11.507289], [124.565685, 11.5064059], [124.565744, 11.5061116], [124.5660337, 11.5057909], [124.5670315, 11.50567], [124.5674837, 11.5054889]]}}, {"type": "Feature", "properties": {"waterway": "stream"}, "geometry": {"type": "LineString", "coordinates": [[124.5533837, 11.5144292], [124.5537846, 11.514165], [124.55466850000002, 11.5125157], [124.5543496, 11.5115043], [124.554386, 11.5110669], [124.55475050000001, 11.5106568], [124.5566276, 11.509609], [124.5586413, 11.5076499], [124.5590969, 11.5066202], [124.55906610000001, 11.5059364]]}}, {"type": "Feature", "properties": {"waterway": "river"}, "geometry": {"type": "LineString", "coordinates": [[124.5660889, 11.5206381], [124.56472630000002, 11.5195815], [124.56456540000002, 11.5193503], [124.5646137, 11.519119], [124.5641148, 11.5183568], [124.56430260000002, 11.5178627], [124.564501, 11.5163436], [124.56466729999998, 11.5161176], [124.5649356, 11.5161596], [124.56509110000002, 11.516044], [124.5658958, 11.5150295], [124.56607820000002, 11.5138678], [124.56743, 11.513032], [124.5678431, 11.5118546], [124.56759630000002, 11.5098519], [124.56785920000002, 11.5091632], [124.5680255, 11.5077124], [124.56786990000002, 11.5074128], [124.5678431, 11.5068924], [124.5675802, 11.506598], [124.5674407, 11.5056571], [124.5675749, 11.5053785], [124.5673871, 11.5047319], [124.56740319999999, 11.5042904], [124.5689052, 11.502992], [124.5696187, 11.5032075], [124.5711368, 11.5029657], [124.57201660000001, 11.502398]]}}, {"type": "Feature", "properties": {"waterway": "river"}, "geometry": {"type": "LineString", "coordinates": [[124.4657787, 11.5003836], [124.4639614, 11.5001269], [124.4632356, 11.5003034], [124.4628481, 11.5008435], [124.4624497, 11.5009772], [124.46067609999999, 11.5004157], [124.4604032, 11.5004531], [124.45967189999999, 11.5008863], [124.4590007, 11.500774], [124.4576895, 11.4992571], [124.4563427, 11.4980357], [124.4559221, 11.4979676], [124.4549689, 11.4983231], [124.454583, 11.4982248], [124.4545329, 11.4974496], [124.4549188, 11.4964059], [124.45485319999999, 11.4956723], [124.4546834, 11.4953584], [124.4537649, 11.495434], [124.45336749999998, 11.4952412], [124.45317450000002, 11.4948176], [124.45305489999998, 11.4930403], [124.4501607, 11.4928701], [124.4498944, 11.4927643], [124.4489837, 11.4917092], [124.447965, 11.4912516], [124.4477798, 11.4909945], [124.4477026, 11.4902836], [124.4470504, 11.4898638], [124.4466375, 11.4897314], [124.4455454, 11.48986], [124.44378190000002, 11.4897094], [124.4425393, 11.4892859], [124.4413626, 11.4892118]]}}, {"type": "Feature", "properties": {"waterway": "stream"}, "geometry": {"type": "LineString", "coordinates": [[124.466385, 11.5083994], [124.46623750000002, 11.5077485], [124.4659681, 11.5077452], [124.46510920000001, 11.5070805], [124.4641559, 11.5068652], [124.46391240000001, 11.5066334], [124.4633422, 11.5065884], [124.4631049, 11.5061735], [124.4627386, 11.5061077], [124.46254490000001, 11.5058975], [124.46200120000002, 11.5056772], [124.4619343, 11.5051968], [124.46167909999998, 11.5049484], [124.4609537, 11.5051076], [124.4604794, 11.5050736], [124.4602188, 11.5048954], [124.4601653, 11.5046832], [124.4597022, 11.5046248], [124.459307, 11.5043318], [124.45893230000001, 11.5045188], [124.458616, 11.5044492], [124.4585577, 11.5035581], [124.45814050000001, 11.5033603], [124.4577761, 11.503527], [124.4575915, 11.5040853], [124.45731750000002, 11.5041103], [124.45701670000001, 11.5040268], [124.45656810000001, 11.5035648], [124.4557165, 11.5035536], [124.4553772, 11.503376], [124.4539626, 11.5020642], [124.4532245, 11.5017818], [124.45297230000001, 11.501539], [124.45296030000002, 11.500497], [124.45284180000002, 11.5002236], [124.4520218, 11.4991484], [124.45185770000002, 11.497408], [124.44968, 11.4940639], [124.4490786, 11.4935172], [124.449033, 11.4931345], [124.4488234, 11.4930251], [124.4490076, 11.4922064]]}}, {"type": "Feature", "properties": {"waterway": "stream"}, "geometry": {"type": "LineString", "coordinates": [[124.453905, 11.5221115], [124.45361530000001, 11.5225472], [124.4529203, 11.5230834], [124.4527776, 11.5234085], [124.4525008, 11.5236106], [124.4507667, 11.5237559], [124.44961890000002, 11.5232687], [124.44768889999999, 11.5227218], [124.4474127, 11.5222585], [124.4474682, 11.5218204], [124.4457847, 11.5202647], [124.44499320000001, 11.5201324], [124.4445997, 11.5205112], [124.44437420000001, 11.5203028], [124.4441261, 11.5194389], [124.4442961, 11.5190913], [124.4440726, 11.5185359], [124.4438046, 11.5185345], [124.4436995, 11.5183336], [124.4438067, 11.5179844], [124.4442482, 11.5177077], [124.44423659999998, 11.5173308], [124.4444878, 11.5169674], [124.444409, 11.5164787], [124.4440539, 11.5157183], [124.4443842, 11.5155506], [124.4449375, 11.5157854], [124.4450651, 11.5156421], [124.4448834, 11.515397], [124.4449351, 11.515085], [124.44530340000001, 11.5150026], [124.4456098, 11.5146691], [124.4455647, 11.5142451], [124.445167, 11.5141782], [124.4448942, 11.5136282], [124.44469580000002, 11.5136421], [124.4449286, 11.5133782], [124.445445, 11.5136204], [124.4456035, 11.5135662], [124.44551889999998, 11.5130236], [124.44572220000002, 11.5128348], [124.445387, 11.5125873], [124.4457235, 11.5120735], [124.445312, 11.5120594], [124.4450824, 11.5119086], [124.4450806, 11.5117062], [124.4453773, 11.5113466], [124.44587619999999, 11.5115801], [124.44604569999998, 11.5112406], [124.4466678, 11.51062], [124.4468264, 11.510632], [124.4469246, 11.5110531], [124.4471541, 11.5110655], [124.447401, 11.5109202], [124.44753880000002, 11.5105389], [124.4471555, 11.5099181], [124.4471899, 11.5096912], [124.446334, 11.5090008], [124.4455563, 11.5074572], [124.4440339, 11.5065796], [124.4435574, 11.5067983], [124.44325, 11.5066921], [124.4425191, 11.5047833], [124.44220260000002, 11.5043782], [124.4421261, 11.5038293], [124.44162729999998, 11.5033977], [124.4417572, 11.5024705], [124.4416913, 11.5018533], [124.4413849, 11.5015963], [124.4409214, 11.500723], [124.4399289, 11.5006772], [124.4398698, 11.5005141], [124.44012020000001, 11.5000196], [124.4398708, 11.4992123]]}}, {"type": "Feature", "properties": {"waterway": "stream"}, "geometry": {"type": "LineString", "coordinates": [[124.4793084, 11.5261829], [124.479137, 11.5259222], [124.4787019, 11.5257719], [124.4778766, 11.5250119], [124.4777188, 11.5246695], [124.4777346, 11.523925], [124.4771641, 11.5231871], [124.4775294, 11.5224469], [124.4780932, 11.5223707], [124.4782259, 11.5221193], [124.47800030000002, 11.5216036], [124.47727490000001, 11.5208018], [124.4771997, 11.5205677], [124.4772528, 11.5198916], [124.47714220000002, 11.5197139], [124.4772528, 11.5189814], [124.47714220000002, 11.5187734], [124.47659980000002, 11.5184575], [124.4766241, 11.5171312], [124.4761302, 11.5168552], [124.4740927, 11.5169422], [124.47359870000001, 11.5170708], [124.4731434, 11.5175699], [124.4728694, 11.5175888], [124.47232920000002, 11.5173732], [124.471897, 11.5169422], [124.471924, 11.5163788], [124.4722173, 11.5156377], [124.4721555, 11.5154524], [124.4711638, 11.5150667], [124.47094770000001, 11.5144919], [124.4710133, 11.5141327], [124.47153810000002, 11.5137357], [124.47156510000002, 11.5135164], [124.4712178, 11.5127299], [124.47136440000001, 11.511569], [124.4711483, 11.5107409], [124.4711753, 11.510359], [124.47022990000002, 11.5090204], [124.46966650000002, 11.5086082], [124.4687481, 11.5082755], [124.4686014, 11.5078595], [124.4686169, 11.5072091], [124.4692883, 11.506502], [124.46904520000001, 11.5058932], [124.46913010000002, 11.5048685], [124.4688639, 11.5045735], [124.4680342, 11.5044336], [124.4676058, 11.5041311], [124.46760969999998, 11.5037303], [124.46795310000002, 11.5031101], [124.4678528, 11.5029059], [124.4672315, 11.5026374], [124.46694410000002, 11.502176], [124.46634980000002, 11.5016164], [124.4658636, 11.5008374], [124.4657787, 11.5003836]]}}, {"type": "Feature", "properties": {"waterway": "stream"}, "geometry": {"type": "LineString", "coordinates": [[124.5011586, 11.5285383], [124.50038379999998, 11.5282791], [124.4998182, 11.5279367], [124.49912050000002, 11.5274149], [124.4988298, 11.5268206], [124.49775609999999, 11.5263488], [124.4972513, 11.5255563], [124.49643870000001, 11.5248226], [124.495995, 11.5239079], [124.49488759999998, 11.5233616], [124.4918026, 11.5230923], [124.4910789, 11.5226103], [124.49094070000001, 11.5222518], [124.49035530000002, 11.5218734], [124.489782, 11.5216264], [124.48835909999998, 11.5216145], [124.4871069, 11.5207779], [124.48664349999999, 11.5200768], [124.48654180000001, 11.5196864], [124.48665159999999, 11.5195789], [124.48657030000001, 11.5191885], [124.48681420000001, 11.5189295], [124.4868183, 11.5185391], [124.4866841, 11.5182802], [124.4866313, 11.5175154], [124.48625730000002, 11.5171608], [124.48521650000002, 11.5171528], [124.4845701, 11.5181727], [124.484084, 11.51811], [124.48363750000001, 11.517867], [124.48303329999999, 11.5180835], [124.48283940000002, 11.5179598], [124.4828484, 11.5177035], [124.4826725, 11.5175621], [124.4823568, 11.5178051], [124.4821449, 11.5182205], [124.4817931, 11.5184458], [124.48141430000001, 11.5184105], [124.48069280000001, 11.5178714], [124.4802554, 11.5177035], [124.47949329999999, 11.5177698], [124.4794798, 11.5172307], [124.4792768, 11.5168286], [124.47944370000002, 11.5166562], [124.4793896, 11.5160774], [124.4796466, 11.5155029], [124.47950680000001, 11.5147297], [124.47961050000002, 11.5139608], [124.4792813, 11.5132096], [124.47927909999999, 11.5120795], [124.479391, 11.511845], [124.4805255, 11.5111606], [124.4808342, 11.510272], [124.48076479999999, 11.509754], [124.48103489999998, 11.5094023], [124.48096160000001, 11.5090847], [124.48014730000001, 11.5086612], [124.47981550000002, 11.5081961], [124.47921729999999, 11.5080789], [124.4779323, 11.5073339], [124.47734579999998, 11.5064567], [124.47710650000002, 11.5063092], [124.4765238, 11.5064491], [124.4752697, 11.5062827], [124.4752349, 11.5054886], [124.4751307, 11.5054016], [124.474687, 11.5054206], [124.47447470000002, 11.50581], [124.4743165, 11.5058214], [124.4741622, 11.5056285], [124.4735563, 11.5054773], [124.47337490000001, 11.5049403], [124.47293890000002, 11.5047097], [124.4728, 11.5047928], [124.47281920000002, 11.505447], [124.472553, 11.5054054], [124.4720783, 11.5047891], [124.4717233, 11.5047248], [124.4715805, 11.5044298], [124.4711753, 11.5043807], [124.4708473, 11.503995], [124.4705463, 11.5029702], [124.4704885, 11.5019984], [124.47007940000002, 11.5018623], [124.4697205, 11.5019341], [124.4697167, 11.5027395], [124.4693655, 11.5028379], [124.4690645, 11.5025656], [124.4689256, 11.5015824], [124.4687249, 11.5013707], [124.4683583, 11.5014917], [124.4679454, 11.5019417], [124.4674438, 11.5019908], [124.4672971, 11.5018887], [124.467024, 11.5005226], [124.46678930000002, 11.5000306], [124.4665983, 11.4999343], [124.4657787, 11.5003836]]}}, {"type": "Feature", "properties": {"waterway": "stream"}, "geometry": {"type": "LineString", "coordinates": [[124.47265129999998, 11.5193497], [124.4722777, 11.5188121], [124.4722869, 11.5181834], [124.47247720000001, 11.5174385]]}}, {"type": "Feature", "properties": {"waterway": "stream"}, "geometry": {"type": "LineString", "coordinates": [[124.4806319, 11.5279039], [124.4796353, 11.526406], [124.4793084, 11.5261829]]}}, {"type": "Feature", "properties": {"waterway": "stream"}, "geometry": {"type": "LineString", "coordinates": [[124.4494855, 11.528534], [124.4492482, 11.5287503], [124.4487224, 11.5288407], [124.4482482, 11.5295433], [124.4477464, 11.5297907], [124.4471187, 11.5297389], [124.4467584, 11.5295009]]}}, {"type": "Feature", "properties": {"waterway": "stream"}, "geometry": {"type": "LineString", "coordinates": [[124.45427950000001, 11.529782], [124.45365060000002, 11.530064], [124.4529372, 11.5310943], [124.45230629999999, 11.5313957], [124.4523738, 11.5317441], [124.45192289999999, 11.5324391], [124.4507869, 11.5322868], [124.450388, 11.5331945], [124.4499703, 11.5330324], [124.4493032, 11.5323341], [124.4489966, 11.5323051], [124.4485779, 11.5328685], [124.4481801, 11.5330142]]}}, {"type": "Feature", "properties": {"waterway": "stream"}, "geometry": {"type": "LineString", "coordinates": [[124.49003130000001, 11.5325655], [124.4887517, 11.5322086], [124.48846220000001, 11.5323139], [124.4879532, 11.5322269], [124.4872387, 11.5317785], [124.4869024, 11.5314125], [124.4861137, 11.5310271]]}}, {"type": "Feature", "properties": {"waterway": "stream"}, "geometry": {"type": "LineString", "coordinates": [[124.5329321, 11.5073796], [124.5325005, 11.5072418], [124.53197719999999, 11.5067878], [124.5313776, 11.5054547], [124.53108469999998, 11.5051366], [124.52962439999999, 11.5041789]]}}, {"type": "Feature", "properties": {"waterway": "stream"}, "geometry": {"type": "LineString", "coordinates": [[124.4981262, 11.5156183], [124.4975737, 11.5153397], [124.4967583, 11.5154501], [124.49602340000001, 11.5151952], [124.49525089999999, 11.5151689], [124.49475739999998, 11.5149481], [124.494296, 11.5136655], [124.49355570000002, 11.5131399], [124.4933304, 11.5128035], [124.49270820000001, 11.5124671], [124.49253650000001, 11.5121411], [124.4920323, 11.5119624], [124.4915602, 11.5110478], [124.49109580000001, 11.5105901], [124.4902802, 11.5102916], [124.4900318, 11.5079171], [124.48965219999998, 11.5074854], [124.4897272, 11.5068516], [124.48954440000001, 11.5064933], [124.48973190000001, 11.5052395], [124.48955840000002, 11.5048858], [124.4894741, 11.503981], [124.489535, 11.502943], [124.48920690000001, 11.5024654], [124.4893522, 11.5019509], [124.489221, 11.5016432], [124.48894910000001, 11.5014319], [124.4891741, 11.5007614], [124.4890429, 11.5000609], [124.48918350000001, 11.4994271], [124.4891038, 11.4990712]]}}, {"type": "Feature", "properties": {"waterway": "stream"}, "geometry": {"type": "LineString", "coordinates": [[124.50910639999998, 11.5183716], [124.508474, 11.5174946], [124.5070753, 11.5165932], [124.5056978, 11.5151231], [124.5046505, 11.5144249], [124.50329750000002, 11.5132109], [124.502517, 11.5121941], [124.50165039999999, 11.5116469], [124.5008245, 11.5109203], [124.4996966, 11.5105781], [124.49646710000002, 11.5101698], [124.494461, 11.5094766], [124.49365170000002, 11.5086166], [124.4927465, 11.5082287], [124.4917185, 11.5073019], [124.49131780000002, 11.5065365], [124.4908224, 11.506351], [124.4905986, 11.5060861], [124.49083129999998, 11.5035877], [124.49063710000001, 11.5022843], [124.4903435, 11.5019073]]}}, {"type": "Feature", "properties": {"waterway": "stream"}, "geometry": {"type": "LineString", "coordinates": [[124.539537, 11.5137247], [124.5372431, 11.512031], [124.5362149, 11.51065], [124.5359995, 11.5099339], [124.5354184, 11.5089971], [124.53485190000002, 11.5083884], [124.5343743, 11.5080404], [124.5329321, 11.5073796]]}}, {"type": "Feature", "properties": {"waterway": "stream"}, "geometry": {"type": "LineString", "coordinates": [[124.5345127, 11.5170626], [124.53464940000002, 11.5160147], [124.5341756, 11.5138187], [124.5337655, 11.5130715], [124.533474, 11.5128528], [124.53269030000001, 11.512625], [124.532335, 11.5121694], [124.53245339999998, 11.510265], [124.5329321, 11.5073796]]}}, {"type": "Feature", "properties": {"waterway": "stream"}, "geometry": {"type": "LineString", "coordinates": [[124.5154048, 11.5284344], [124.5157511, 11.5269218], [124.515496, 11.5255003], [124.515496, 11.5247167], [124.5149128, 11.5235321], [124.51469930000002, 11.5225402], [124.5141019, 11.5211644], [124.5138123, 11.5207859], [124.5138874, 11.5199764], [124.5138015, 11.5193877], [124.51336160000001, 11.5190198], [124.51314709999998, 11.517138], [124.51266540000002, 11.5161918], [124.5125111, 11.5153221], [124.51189230000001, 11.5139877], [124.5115825, 11.5137943], [124.5106777, 11.5136793], [124.5096126, 11.5131694], [124.5089301, 11.5126982], [124.5085786, 11.5119083], [124.50795990000002, 11.5113847], [124.50770210000002, 11.5106958], [124.50739280000002, 11.5105534], [124.5067459, 11.5107417], [124.5063007, 11.5106131], [124.50509610000002, 11.5096073], [124.5038915, 11.5080825], [124.50361970000002, 11.5078758], [124.50305249999998, 11.5078115], [124.502012, 11.5073109], [124.5019604, 11.5062269], [124.50066210000001, 11.5039167], [124.4997013, 11.5029568], [124.4977983, 11.5025572], [124.49716560000002, 11.5016891], [124.4957032, 11.5009336], [124.4955907, 11.5005386], [124.4952907, 11.5002538], [124.4940135, 11.5002309], [124.493526, 11.4997785], [124.4928839, 11.4999392], [124.49192540000001, 11.4993536], [124.490831, 11.499558], [124.4897998, 11.4989196]]}}, {"type": "Feature", "properties": {"waterway": "stream"}, "geometry": {"type": "LineString", "coordinates": [[124.4975147, 11.5172005], [124.4971606, 11.5171952], [124.49672609999999, 11.516822], [124.496238, 11.5167116], [124.49581949999998, 11.5164436], [124.49453740000001, 11.5166696], [124.49337339999998, 11.5167169], [124.4932607, 11.5166118], [124.49225219999998, 11.5151873], [124.4921395, 11.5147037], [124.49147440000002, 11.5137838], [124.4911739, 11.512517], [124.49128120000002, 11.5118074], [124.49042290000001, 11.5108086], [124.4903693, 11.5103559]]}}, {"type": "Feature", "properties": {"waterway": "stream"}, "geometry": {"type": "LineString", "coordinates": [[124.5208174, 11.5170444], [124.5199791, 11.5171355], [124.5194141, 11.5168621], [124.5183754, 11.5167163], [124.5179562, 11.5160785], [124.51740950000001, 11.5156229], [124.5166805, 11.5154771], [124.515824, 11.5150397], [124.5156235, 11.5147299], [124.5148217, 11.514165], [124.5142385, 11.5130169], [124.5136189, 11.5125613], [124.5089301, 11.5126982]]}}, {"type": "Feature", "properties": {"waterway": "stream"}, "geometry": {"type": "LineString", "coordinates": [[124.50555340000001, 11.5191685], [124.5042352, 11.518142], [124.5037381, 11.5174524], [124.5024931, 11.5168348], [124.4993677, 11.5157869], [124.4981262, 11.5156183]]}}, {"type": "Feature", "properties": {"waterway": "stream"}, "geometry": {"type": "LineString", "coordinates": [[124.4962809, 11.5186591], [124.4958571, 11.5184278], [124.49515430000001, 11.5177445]]}}, {"type": "Feature", "properties": {"waterway": "stream"}, "geometry": {"type": "LineString", "coordinates": [[124.5800454, 11.5143472], [124.57973560000002, 11.5127982], [124.57873420000001, 11.5113362]]}}, {"type": "Feature", "properties": {"waterway": "stream"}, "geometry": {"type": "LineString", "coordinates": [[124.58094960000001, 11.5157813], [124.58096630000001, 11.5138114], [124.5798996, 11.5133449]]}}, {"type": "Feature", "properties": {"waterway": "stream"}, "geometry": {"type": "LineString", "coordinates": [[124.5792487, 11.5155051], [124.5793718, 11.5150471], [124.5800454, 11.5143472]]}}, {"type": "Feature", "properties": {"waterway": "stream"}, "geometry": {"type": "LineString", "coordinates": [[124.56147520000002, 11.517746], [124.561785, 11.5161149], [124.5617485, 11.5155135], [124.561254, 11.5142855]]}}, {"type": "Feature", "properties": {"waterway": "stream"}, "geometry": {"type": "LineString", "coordinates": [[124.5580673, 11.5176002], [124.56006280000001, 11.5159145], [124.56093220000001, 11.51448]]}}, {"type": "Feature", "properties": {"waterway": "stream"}, "geometry": {"type": "LineString", "coordinates": [[124.574509, 11.5210251], [124.5749669, 11.5206887], [124.57573840000002, 11.5204383], [124.57634830000002, 11.5195645], [124.57678580000001, 11.5192462], [124.57705, 11.5186208]]}}, {"type": "Feature", "properties": {"waterway": "stream"}, "geometry": {"type": "LineString", "coordinates": [[124.5708787, 11.5215457], [124.570168, 11.5214364], [124.56934790000001, 11.5209261], [124.5675984, 11.520434], [124.5660889, 11.5206381]]}}, {"type": "Feature", "properties": {"waterway": "stream"}, "geometry": {"type": "LineString", "coordinates": [[124.5605456, 11.5236707], [124.56180089999998, 11.5223987], [124.5624017, 11.522241], [124.5637106, 11.5210951], [124.5641719, 11.5211477], [124.56457960000002, 11.5208744], [124.56463330000001, 11.5205485], [124.5643543, 11.5199177], [124.56456540000002, 11.5193503]]}}, {"type": "Feature", "properties": {"waterway": "river"}, "geometry": {"type": "LineString", "coordinates": [[124.5683823, 11.5232723], [124.56790210000001, 11.5230612], [124.5672476, 11.5222728], [124.5671779, 11.5220205], [124.5666146, 11.5217051], [124.5660889, 11.5206381]]}}, {"type": "Feature", "properties": {"waterway": "stream"}, "geometry": {"type": "LineString", "coordinates": [[124.57916640000002, 11.5246312], [124.57908240000002, 11.5258758], [124.57925050000001, 11.5262968], [124.5799838, 11.5266645], [124.5802528, 11.5269489], [124.580628, 11.5276077], [124.58081480000001, 11.5282443]]}}, {"type": "Feature", "properties": {"waterway": "stream"}, "geometry": {"type": "LineString", "coordinates": [[124.4960663, 11.5200573], [124.4956318, 11.5194003], [124.49512210000002, 11.5180336], [124.49515430000001, 11.5177445], [124.4942156, 11.5166591]]}}, {"type": "Feature", "properties": {"waterway": "stream"}, "geometry": {"type": "LineString", "coordinates": [[124.5069586, 11.5215607], [124.5052685, 11.5206234], [124.50434289999998, 11.5197324], [124.5030216, 11.5193588], [124.5014453, 11.5181196], [124.49903060000001, 11.5166161], [124.4981262, 11.5156183]]}}, {"type": "Feature", "properties": {"waterway": "stream"}, "geometry": {"type": "LineString", "coordinates": [[124.5193412, 11.5232041], [124.5184118, 11.522712], [124.5174642, 11.5202882], [124.5167899, 11.5193953], [124.515496, 11.5189761], [124.51489460000002, 11.5189579], [124.5138015, 11.5193877]]}}, {"type": "Feature", "properties": {"waterway": "stream"}, "geometry": {"type": "LineString", "coordinates": [[124.5055593, 11.5266623], [124.50454059999998, 11.5255057], [124.50399830000002, 11.5243551], [124.5034628, 11.5238989], [124.5024635, 11.5226675], [124.50197380000002, 11.5224113], [124.50178240000001, 11.5220195], [124.50163660000001, 11.5211265], [124.5009806, 11.5200422], [124.50065250000002, 11.5197051], [124.4992857, 11.5191948], [124.49861140000002, 11.5185843], [124.4975147, 11.5172005]]}}, {"type": "Feature", "properties": {"waterway": "stream"}, "geometry": {"type": "LineString", "coordinates": [[124.5269771, 11.5254092], [124.52433460000002, 11.5284526], [124.52406130000001, 11.5302203], [124.5250453, 11.5327899], [124.52480840000001, 11.5339563], [124.5240951, 11.5355505]]}}, {"type": "Feature", "properties": {"waterway": "stream"}, "geometry": {"type": "LineString", "coordinates": [[124.5015766, 11.5351163], [124.501203, 11.5353313], [124.5007033, 11.5361458], [124.49983, 11.5363517], [124.4996386, 11.5365668], [124.4992509, 11.5366491], [124.4984103, 11.5364661], [124.4977706, 11.5357797], [124.4972195, 11.535551], [124.4962014, 11.5359536], [124.4954496, 11.536521], [124.4942214, 11.5369465], [124.49359560000002, 11.5367544], [124.4928437, 11.5369923], [124.4921899, 11.5369237], [124.491793, 11.5360223], [124.4901398, 11.5355967], [124.48914509999999, 11.5350385], [124.4883944, 11.5334689], [124.48807730000001, 11.5333215], [124.4879512, 11.5330666], [124.487004, 11.5321982], [124.48667880000002, 11.5321743], [124.4860405, 11.5314653], [124.4860933, 11.5308399], [124.4857762, 11.5301627], [124.4853046, 11.5296767], [124.4843127, 11.5291907], [124.4838736, 11.5285215], [124.48332880000001, 11.528167], [124.4827312, 11.5282745], [124.4808259, 11.5280784], [124.479845, 11.5274179], [124.47949329999999, 11.5268633], [124.4793084, 11.5261829]]}}, {"type": "Feature", "properties": {"waterway": "stream"}, "geometry": {"type": "LineString", "coordinates": [[124.51512360000001, 11.5372444], [124.51520120000002, 11.53811], [124.5155866, 11.5389029], [124.5162809, 11.5397872], [124.516512, 11.5404906]]}}, {"type": "Feature", "properties": {"waterway": "stream"}, "geometry": {"type": "LineString", "coordinates": [[124.5182721, 11.5338552], [124.519298, 11.5341044], [124.5199892, 11.5345718], [124.5213411, 11.5350752], [124.52187330000001, 11.5351522], [124.52236929999998, 11.5348473], [124.5226256, 11.5348346], [124.52314830000002, 11.5352954], [124.5239394, 11.5352592], [124.52420830000001, 11.5360845], [124.5241376, 11.5368613], [124.52459770000002, 11.537756], [124.5255249, 11.5389627], [124.5280802, 11.5409185], [124.52880080000001, 11.5412484], [124.52913350000001, 11.541677], [124.5296204, 11.5431139], [124.52991, 11.5435185], [124.5305816, 11.5436271], [124.5308343, 11.5442369], [124.53136420000001, 11.5449856], [124.5315429, 11.5456255], [124.5313821, 11.546188]]}}, {"type": "Feature", "properties": {"waterway": "stream"}, "geometry": {"type": "LineString", "coordinates": [[124.5136581, 11.5398703], [124.5149455, 11.5402908], [124.51550340000001, 11.5407954], [124.515879, 11.5408374], [124.516512, 11.5404906], [124.51685530000002, 11.5407323], [124.5183466, 11.5411633], [124.51911909999998, 11.541773], [124.5211146, 11.5422986], [124.52189780000002, 11.5429083], [124.5225308, 11.5441592], [124.52353930000001, 11.5452419], [124.524344, 11.5455362], [124.52574950000002, 11.5455993], [124.5272622, 11.5452104], [124.5275841, 11.5455783], [124.5288394, 11.5462195], [124.5301376, 11.5463667], [124.5313821, 11.546188]]}}, {"type": "Feature", "properties": {"waterway": "stream"}, "geometry": {"type": "LineString", "coordinates": [[124.5048173, 11.5434185], [124.5048148, 11.5439582], [124.5041979, 11.5449778], [124.50339860000001, 11.5455034], [124.5031948, 11.5458135]]}}, {"type": "Feature", "properties": {"waterway": "stream"}, "geometry": {"type": "LineString", "coordinates": [[124.5745802, 11.5284877], [124.5754347, 11.5286161], [124.5755984, 11.5285143]]}}, {"type": "Feature", "properties": {"waterway": "stream"}, "geometry": {"type": "LineString", "coordinates": [[124.5586934, 11.5260412], [124.5576441, 11.5269312], [124.556951, 11.5279591], [124.5562298, 11.5285662], [124.554725, 11.5291421], [124.5539604, 11.530236], [124.5533636, 11.5307696], [124.5525949, 11.5309399], [124.5510328, 11.5318423]]}}, {"type": "Feature", "properties": {"waterway": "stream"}, "geometry": {"type": "LineString", "coordinates": [[124.54297780000002, 11.5262475], [124.5443263, 11.5281975], [124.545766, 11.5292909], [124.54669550000001, 11.5302386], [124.54740620000001, 11.5320427], [124.5474609, 11.5343936], [124.5476613, 11.5356329], [124.54865379999998, 11.5363648], [124.5490321, 11.5367903], [124.5494384, 11.5368041], [124.5497373, 11.5369596]]}}, {"type": "Feature", "properties": {"waterway": "stream"}, "geometry": {"type": "LineString", "coordinates": [[124.5488641, 11.5264115], [124.55065010000001, 11.5293274], [124.5510328, 11.5318423], [124.5509052, 11.5340656], [124.5497373, 11.5369596]]}}, {"type": "Feature", "properties": {"waterway": "stream"}, "geometry": {"type": "LineString", "coordinates": [[124.5755984, 11.5285143], [124.57627609999999, 11.528362], [124.5773917, 11.5274985], [124.5779708, 11.5274619], [124.579283, 11.5270043], [124.57967530000002, 11.5271782], [124.57991350000002, 11.5278645], [124.580231, 11.5281391], [124.58049260000001, 11.5282855], [124.58081480000001, 11.5282443], [124.58175810000002, 11.5288849], [124.5824306, 11.5290268], [124.58290210000001, 11.5301619], [124.5842831, 11.530926], [124.5849173, 11.5315793], [124.5850718, 11.5319219], [124.5857629, 11.5322804], [124.58658409999998, 11.5334435], [124.5874, 11.5340789], [124.5885915, 11.5356099], [124.5892664, 11.5360162], [124.59028279999998, 11.5362393], [124.59120410000001, 11.5370164], [124.5918264, 11.5373213], [124.592041, 11.5376472], [124.5924487, 11.5378364], [124.59272760000002, 11.5381412], [124.5930791, 11.5389353], [124.5947898, 11.5402248], [124.59642429999998, 11.5411948], [124.5971531, 11.5419098], [124.5981441, 11.5425339], [124.5987529, 11.543172], [124.59934949999999, 11.5432112], [124.6001995, 11.542955], [124.6006478, 11.5432753], [124.600984, 11.5432844], [124.6011944, 11.5431622], [124.60134850000001, 11.5423773], [124.60165660000001, 11.5423109], [124.6019647, 11.5426068], [124.6019277, 11.5429932], [124.60240220000001, 11.5432709], [124.6034128, 11.5430958], [124.6036593, 11.5428483], [124.6039612, 11.5428905], [124.60458079999998, 11.5427075], [124.6051354, 11.5427739], [124.6061583, 11.5431361], [124.6068485, 11.5429973], [124.60735380000001, 11.5430999], [124.60751709999998, 11.5429868]]}}, {"type": "Feature", "properties": {"waterway": "stream"}, "geometry": {"type": "LineString", "coordinates": [[124.55919710000002, 11.5312044], [124.5591607, 11.5323161], [124.5588691, 11.5336829], [124.5585046, 11.5346488], [124.5576481, 11.5360338], [124.556664, 11.5371272], [124.5559715, 11.5393506], [124.55566170000002, 11.5399337], [124.55558880000001, 11.5407538], [124.5564818, 11.5426309], [124.5566276, 11.5433781], [124.5565182, 11.543943], [124.5561902, 11.5445444], [124.5555466, 11.5452239]]}}, {"type": "Feature", "properties": {"waterway": "stream"}, "geometry": {"type": "LineString", "coordinates": [[124.5659218, 11.5321703], [124.5658671, 11.5331908], [124.56539330000001, 11.5341203], [124.5652657, 11.5355964], [124.5646643, 11.5376922], [124.5632793, 11.5399155], [124.56249569999999, 11.5415374], [124.5594887, 11.5456014], [124.5569966, 11.5472844]]}}, {"type": "Feature", "properties": {"waterway": "river"}, "geometry": {"type": "LineString", "coordinates": [[124.5497373, 11.5369596], [124.5496252, 11.5387487], [124.5501252, 11.5390824], [124.5502861, 11.539629], [124.5517774, 11.5403123], [124.552979, 11.5406802], [124.5532794, 11.5409851], [124.5533952, 11.5418509], [124.5547629, 11.5439718], [124.5553396, 11.5446244], [124.5555466, 11.5452239], [124.5569279, 11.5470183], [124.5569966, 11.5472844]]}}, {"type": "Feature", "properties": {"waterway": "stream"}, "geometry": {"type": "LineString", "coordinates": [[124.54483659999998, 11.5360338], [124.5441259, 11.5384758], [124.5441623, 11.5407538], [124.544381, 11.5430683], [124.5445815, 11.5437243], [124.546003, 11.5453827], [124.5463128, 11.5460388], [124.54654969999999, 11.5472051], [124.5463492, 11.5496836], [124.5454743, 11.5512282]]}}, {"type": "Feature", "properties": {"waterway": "stream"}, "geometry": {"type": "LineString", "coordinates": [[124.5387134, 11.539715], [124.538768, 11.541993], [124.5406269, 11.5461481], [124.5418297, 11.5483532], [124.54176759999999, 11.5501403]]}}, {"type": "Feature", "properties": {"waterway": "river"}, "geometry": {"type": "LineString", "coordinates": [[124.42569337313427, 11.42295173617777], [124.4256698, 11.4230808], [124.4264147, 11.4235007], [124.42692090000001, 11.4235923]]}}, {"type": "Feature", "properties": {"waterway": "river"}, "geometry": {"type": "LineString", "coordinates": [[124.4144118, 11.4284029], [124.4146389, 11.4284991], [124.41487829999998, 11.4283908], [124.4151667, 11.4286435], [124.41542450000001, 11.4286375], [124.4157375, 11.4290894], [124.4160014, 11.4287819], [124.416296, 11.4289864], [124.416431, 11.4287758], [124.4157805, 11.4278915], [124.4158418, 11.4276569], [124.41655380000002, 11.4278253], [124.417591, 11.4278494], [124.4180759, 11.4280299], [124.4188185, 11.4279396], [124.4191806, 11.4282825], [124.419242, 11.4290165], [124.4195796, 11.4291247], [124.4197882, 11.4289202], [124.4201258, 11.428072], [124.4204388, 11.4276569], [124.4208746, 11.4273742], [124.4206413, 11.426568], [124.4208193, 11.4262312], [124.4216295, 11.4261169], [124.4218197, 11.42578], [124.4220898, 11.4257379], [124.4222739, 11.4259123], [124.4224151, 11.4263936], [124.4225501, 11.4264176], [124.42306559999999, 11.4256957], [124.4235198, 11.4255454], [124.42402920000002, 11.4256657], [124.42444660000001, 11.425022], [124.4253917, 11.4251122], [124.42601159999998, 11.4244445], [124.4261221, 11.4241015], [124.42650869999999, 11.4240655], [124.42720230000002, 11.4234218], [124.42758280000001, 11.423512], [124.4278958, 11.4240354], [124.42831320000002, 11.4243362], [124.43061470000002, 11.4245046], [124.4324559, 11.424282], [124.43243140000001, 11.4246851], [124.4318913, 11.4251303], [124.43192809999998, 11.4254912], [124.4324621, 11.4258642], [124.4325664, 11.4260988], [124.4322534, 11.4264477], [124.4321122, 11.426947], [124.4333316, 11.4275793], [124.4334835, 11.4278048], [124.4335096, 11.4283875], [124.4337049, 11.4287023], [124.4338524, 11.4287108], [124.43386980000001, 11.4284726], [124.4340347, 11.4284386], [124.43446, 11.4290214], [124.4342951, 11.4295361], [124.43344010000001, 11.4301146], [124.4335009, 11.4303783], [124.4338524, 11.4306548], [124.4348159, 11.4306293], [124.43499810000002, 11.4307994], [124.4347985, 11.4311695], [124.4348159, 11.4315864], [124.43377860000001, 11.4324797], [124.4331103, 11.4325988], [124.4328673, 11.432837], [124.4327718, 11.4331603], [124.43301479999998, 11.4340791], [124.4322163, 11.4347256], [124.4323686, 11.4355738], [124.4318873, 11.4359628], [124.43170420000001, 11.4366993], [124.4307668, 11.4382392], [124.4310532, 11.4384433], [124.43144380000001, 11.4384178], [124.43175630000002, 11.4382307], [124.43210350000001, 11.4383668], [124.432225, 11.4391665], [124.43248540000002, 11.43983], [124.4329194, 11.4401533], [124.4332839, 11.4402128], [124.4341779, 11.4398896], [124.4347421, 11.4398811], [124.4355927, 11.4415825], [124.4358791, 11.4424332], [124.43548810000001, 11.4441206]]}}, {"type": "Feature", "properties": {"waterway": "river"}, "geometry": {"type": "LineString", "coordinates": [[124.42444279999998, 11.4446159], [124.42474450000002, 11.4443359], [124.4250932, 11.4443845], [124.42534130000001, 11.444169], [124.425694, 11.4441479], [124.4262345, 11.4445843], [124.4260736, 11.444838]]}}, {"type": "Feature", "properties": {"waterway": "river"}, "geometry": {"type": "LineString", "coordinates": [[124.4260736, 11.444838], [124.42678439999999, 11.4456543], [124.4266784, 11.4459967], [124.42677959999999, 11.446295]]}}, {"type": "Feature", "properties": {"waterway": "river"}, "geometry": {"type": "LineString", "coordinates": [[124.42677959999999, 11.446295], [124.42676220000001, 11.4463397]]}}, {"type": "Feature", "properties": {"waterway": "river"}, "geometry": {"type": "LineString", "coordinates": [[124.42676220000001, 11.4463397], [124.4268112, 11.4466224], [124.42696940000002, 11.4467485], [124.4269735, 11.4471172]]}}, {"type": "Feature", "properties": {"waterway": "river"}, "geometry": {"type": "LineString", "coordinates": [[124.48367170000002, 11.4910191], [124.482422, 11.4901204], [124.4814228, 11.4903494], [124.4804483, 11.4896837], [124.47954210000002, 11.4899235], [124.47739220000001, 11.4890495], [124.47605530000001, 11.4891482], [124.4757728, 11.4890463], [124.47543960000002, 11.4879823], [124.4749916, 11.487291], [124.4749745, 11.4860833], [124.47482139999998, 11.485491], [124.4743447, 11.4850328], [124.4737075, 11.4849158], [124.47341720000001, 11.4845759], [124.4735945, 11.4825184], [124.4735028, 11.4822658], [124.47242970000002, 11.4817084], [124.472022, 11.4811514], [124.4718278, 11.480255], [124.4724585, 11.4768675], [124.47264220000001, 11.4764669], [124.4724563, 11.4761512], [124.4713425, 11.4757081], [124.4713457, 11.4746971], [124.4711537, 11.4738886], [124.47054350000002, 11.4733419], [124.46913160000001, 11.4714895], [124.4688984, 11.4714649], [124.4686502, 11.4717101], [124.4677165, 11.4711345], [124.46577580000002, 11.4707329], [124.4655337, 11.4704552], [124.4647845, 11.4701128], [124.4645686, 11.4695934], [124.46459190000002, 11.4692467], [124.4640907, 11.4688231], [124.4631505, 11.4686552], [124.46268779999998, 11.4687249]]}}, {"type": "Feature", "properties": {"waterway": "river"}, "geometry": {"type": "LineString", "coordinates": [[124.4735028, 11.4822658], [124.47203, 11.4793938]]}}, {"type": "Feature", "properties": {"waterway": "river"}, "geometry": {"type": "LineString", "coordinates": [[124.3443381, 11.4591964], [124.3440991, 11.4593192], [124.343547, 11.4591509], [124.3424057, 11.4592532], [124.34219450000002, 11.4591178], [124.34205020000002, 11.4585841], [124.34169590000002, 11.4584652], [124.34158109999998, 11.4586356], [124.3412169, 11.4587127], [124.3408036, 11.4584587], [124.33947490000001, 11.4590632], [124.3392617, 11.4590535], [124.33898970000001, 11.458698], [124.337874, 11.458523], [124.33748030000001, 11.4582787], [124.3369587, 11.4585616], [124.3371162, 11.4589474], [124.3370473, 11.4590407], [124.3366208, 11.4590053], [124.3362993, 11.4593622], [124.33523310000001, 11.459777], [124.3345409, 11.459867], [124.33275730000001, 11.4596058], [124.33245870000002, 11.4600109], [124.3321832, 11.4600077], [124.3318978, 11.460236], [124.33114320000001, 11.4604128], [124.3306347, 11.4612198], [124.3302247, 11.4614674], [124.32983750000001, 11.4614738], [124.3294898, 11.4612713], [124.3291781, 11.4613195], [124.3287484, 11.4611491], [124.3282169, 11.4615028], [124.32782, 11.4613709], [124.327572, 11.4609161], [124.3274047, 11.4608743], [124.326263, 11.4609386], [124.3256496, 11.4608357], [124.32541660000001, 11.4609257], [124.32507550000001, 11.4607618], [124.32480639999999, 11.4608582], [124.32450789999999, 11.4607521], [124.32390429999998, 11.4613405], [124.3236123, 11.4612087], [124.3222509, 11.4614305], [124.3214307, 11.4611733], [124.32126009999999, 11.4613984], [124.32054170000002, 11.4612119], [124.31997089999999, 11.4603534], [124.31958050000001, 11.4603148], [124.319528, 11.459749], [124.319213, 11.4592731], [124.3188883, 11.4589387], [124.3183437, 11.4587715], [124.31752020000002, 11.457778], [124.3170019, 11.457508], [124.31620469999999, 11.457299], [124.3158963, 11.4574019], [124.3156503, 11.4578231], [124.315962, 11.4580578], [124.3159226, 11.4581767], [124.31534519999998, 11.4585368], [124.3150237, 11.4583986], [124.3149942, 11.4580546], [124.3148236, 11.4578231], [124.3141314, 11.4578552], [124.313823, 11.4576848], [124.31337360000002, 11.4578713], [124.31306743680511, 11.45740520984485]]}}, {"type": "Feature", "properties": {"waterway": "river"}, "geometry": {"type": "LineString", "coordinates": [[124.3370473, 11.4584941], [124.3369161, 11.4586484], [124.33707349999999, 11.4588188], [124.3370473, 11.4590407], [124.3366208, 11.4590053], [124.3362993, 11.4593622], [124.33523310000001, 11.459777], [124.3345409, 11.459867], [124.33275730000001, 11.4596058], [124.3325539, 11.4597762]]}}, {"type": "Feature", "properties": {"waterway": "river"}, "geometry": {"type": "LineString", "coordinates": [[124.333642, 11.4597705], [124.3332428, 11.4597344]]}}, {"type": "Feature", "properties": {"waterway": "river"}, "geometry": {"type": "LineString", "coordinates": [[124.3325539, 11.4597762], [124.33245870000002, 11.4600109], [124.3322783, 11.4600093]]}}, {"type": "Feature", "properties": {"waterway": "river"}, "geometry": {"type": "LineString", "coordinates": [[124.3806061, 11.4545784], [124.3804371, 11.4548186], [124.38057130000001, 11.4549982], [124.38145919999998, 11.4555529], [124.3827608, 11.4557958], [124.3829647, 11.4560317], [124.38287969999999, 11.456978], [124.3830956, 11.457427], [124.3836712, 11.4573723], [124.38441760000002, 11.456946], [124.3847175, 11.4563425], [124.3855163, 11.4565378], [124.387009, 11.456323], [124.3872789, 11.4564197], [124.3876235, 11.4567711], [124.38756150000002, 11.4578957], [124.38801, 11.4582538], [124.3886467, 11.458478], [124.39084329999999, 11.4587712], [124.3917708, 11.4591067], [124.3921333, 11.4595197], [124.3922744, 11.4599912], [124.3930473, 11.4606635], [124.3946582, 11.4616154], [124.3949774, 11.4622951], [124.394425, 11.4629388], [124.3933448, 11.4627884], [124.3930318, 11.4625839], [124.39284770000002, 11.4622591], [124.3926144, 11.4621688], [124.39211119999999, 11.462229], [124.39169380000001, 11.4624816], [124.391479, 11.4629027], [124.3918304, 11.4649179], [124.39147440000002, 11.4656216], [124.3903943, 11.466993], [124.38981120000001, 11.4674321], [124.3884855, 11.4681178], [124.38780420000002, 11.4686832], [124.3876876, 11.4688998], [124.387706, 11.469393], [124.3879884, 11.4696697], [124.3886574, 11.4698802], [124.3908239, 11.4696937], [124.39150510000002, 11.46979], [124.39157260000002, 11.4701509], [124.3913947, 11.470614], [124.3905722, 11.4713598], [124.39064590000001, 11.471829], [124.39110009999999, 11.4720937], [124.3913578, 11.4720215], [124.3916708, 11.4715884], [124.39204519999998, 11.47142], [124.3931991, 11.4717207], [124.3937944, 11.47142], [124.39415040000002, 11.4715463], [124.3939847, 11.4718651], [124.3932543, 11.4723463], [124.3931991, 11.4727012], [124.3947924, 11.4732], [124.39508830000001, 11.4735742], [124.3957422, 11.4740092], [124.3967827, 11.4756418], [124.39661570000001, 11.4782846], [124.39722660000001, 11.479716], [124.39758780000001, 11.4801432], [124.3986251, 11.4808713], [124.3992266, 11.4815683], [124.39933160000001, 11.4819846], [124.3993161, 11.4850786]]}}, {"type": "Feature", "properties": {"waterway": "river"}, "geometry": {"type": "LineString", "coordinates": [[124.4269735, 11.4471172], [124.4270459, 11.4471462]]}}, {"type": "Feature", "properties": {"waterway": "river"}, "geometry": {"type": "LineString", "coordinates": [[124.4270459, 11.4471462], [124.427353, 11.4472723], [124.4276058, 11.4477541]]}}, {"type": "Feature", "properties": {"waterway": "river"}, "geometry": {"type": "LineString", "coordinates": [[124.4276058, 11.4477541], [124.42759770000002, 11.4478178]]}}, {"type": "Feature", "properties": {"waterway": "river"}, "geometry": {"type": "LineString", "coordinates": [[124.42759770000002, 11.4478178], [124.42765270000001, 11.4481694], [124.4278914, 11.4485105]]}}, {"type": "Feature", "properties": {"waterway": "river"}, "geometry": {"type": "LineString", "coordinates": [[124.4278914, 11.4485105], [124.4278814, 11.4485624]]}}, {"type": "Feature", "properties": {"waterway": "river"}, "geometry": {"type": "LineString", "coordinates": [[124.4278814, 11.4485624], [124.4277216, 11.4494308]]}}, {"type": "Feature", "properties": {"waterway": "stream"}, "geometry": {"type": "LineString", "coordinates": [[124.43163759999999, 11.5124412], [124.4315116, 11.5118101], [124.4310061, 11.5111914], [124.4305136, 11.5110689], [124.4300946, 11.5105002], [124.4297545, 11.5102548], [124.42867549999998, 11.50996]]}}, {"type": "Feature", "properties": {"waterway": "stream"}, "geometry": {"type": "LineString", "coordinates": [[124.4317661, 11.5126044], [124.43163759999999, 11.5124412]]}}, {"type": "Feature", "properties": {"waterway": "stream"}, "geometry": {"type": "LineString", "coordinates": [[124.43261360000001, 11.5130627], [124.4322979, 11.5130438], [124.4317661, 11.5126044]]}}, {"type": "Feature", "properties": {"waterway": "river"}, "geometry": {"type": "LineString", "coordinates": [[124.43286169999999, 11.5258754], [124.4322036, 11.5255778], [124.43150650000001, 11.5249608]]}}, {"type": "Feature", "properties": {"waterway": "river"}, "geometry": {"type": "LineString", "coordinates": [[124.47202140000002, 11.4952356], [124.4716517, 11.4950877], [124.4713313, 11.4947737], [124.47100779999998, 11.4941758], [124.4702683, 11.4935176], [124.4696398, 11.4931614], [124.46891260000001, 11.4931976], [124.4681516, 11.4935478], [124.467785, 11.4932972], [124.467443, 11.4935237], [124.46739060000002, 11.4938618], [124.4672335, 11.4939585], [124.46663570000001, 11.4938226], [124.4663554, 11.4933848], [124.4664478, 11.4926753], [124.4668021, 11.4921741], [124.46671589999998, 11.4919627], [124.4664694, 11.4919084], [124.46609660000001, 11.4920352], [124.46592709999999, 11.4923009], [124.465847, 11.4928594], [124.465354, 11.4930346], [124.4641586, 11.4923854], [124.4634191, 11.4912321], [124.4627752, 11.4911596], [124.46226070000002, 11.4908818], [124.4610899, 11.4909241], [124.4600485, 11.4905165], [124.4597958, 11.4906101], [124.459956, 11.4910086], [124.4598821, 11.491229], [124.45932749999999, 11.491857], [124.4590194, 11.4917906], [124.45859110000002, 11.4913679], [124.4580858, 11.4915159], [124.4576976, 11.4914706], [124.4575179, 11.4898895], [124.45717, 11.4889582], [124.4569715, 11.4888735], [124.4552493, 11.4892051], [124.4544312, 11.4901592], [124.45393230000002, 11.4900777], [124.45386259999998, 11.4905587], [124.45368019999998, 11.4907164], [124.4522774, 11.4898385], [124.4519367, 11.4897755], [124.45098190000002, 11.4900909], [124.45035420000002, 11.4900882], [124.4499465, 11.4893312], [124.4498795, 11.48818], [124.4481307, 11.487628], [124.4477284, 11.4872705], [124.4467493, 11.4856829], [124.4462129, 11.4852872]]}}, {"type": "Feature", "properties": {"waterway": "stream"}, "geometry": {"type": "LineString", "coordinates": [[124.4490041, 11.4921336], [124.4489837, 11.4917092]]}}, {"type": "Feature", "properties": {"waterway": "stream"}, "geometry": {"type": "LineString", "coordinates": [[124.4490076, 11.4922064], [124.4490041, 11.4921336]]}}, {"type": "Feature", "properties": {"waterway": "stream"}, "geometry": {"type": "LineString", "coordinates": [[124.4477798, 11.4909945], [124.4465461, 11.4907029], [124.444992, 11.4910702], [124.444971, 11.4921136], [124.4446254, 11.4920015], [124.4443429, 11.4922989], [124.44403, 11.4922623], [124.4441887, 11.4924751], [124.4433785, 11.4926925], [124.4429442, 11.4930014], [124.4428718, 11.4934865], [124.44226980000002, 11.4937583]]}}, {"type": "Feature", "properties": {"waterway": "river"}, "geometry": {"type": "LineString", "coordinates": [[124.4867757, 11.49611], [124.48661640000002, 11.4957447], [124.4862699, 11.4955718], [124.4857429, 11.4947825], [124.48584480000001, 11.4943003], [124.4847427, 11.4928453], [124.4839593, 11.4924478], [124.4836764, 11.4913449], [124.4830061, 11.4910281], [124.482794, 11.4903851]]}}, {"type": "Feature", "properties": {"waterway": "stream"}, "geometry": {"type": "LineString", "coordinates": [[124.47498990000001, 11.4937298], [124.4748614, 11.4937827]]}}, {"type": "Feature", "properties": {"waterway": "river"}, "geometry": {"type": "LineString", "coordinates": [[124.487318, 11.496655], [124.4871416, 11.4961438], [124.4867867, 11.4957044], [124.4867867, 11.4939197], [124.4863664, 11.4933156], [124.4861516, 11.4927207], [124.4858994, 11.4924186], [124.4851522, 11.49208], [124.4841248, 11.4910183], [124.48367170000002, 11.4910191]]}}, {"type": "Feature", "properties": {"waterway": "stream"}, "geometry": {"type": "LineString", "coordinates": [[124.4748614, 11.4937827], [124.4741644, 11.4942135], [124.4739472, 11.4941688], [124.4738157, 11.4939927], [124.4739418, 11.4933724], [124.4737862, 11.4930702], [124.4736333, 11.4930623], [124.4733973, 11.4933488], [124.4732415, 11.4945442], [124.47269620000002, 11.4947435], [124.47202140000002, 11.4952356]]}}, {"type": "Feature", "properties": {"waterway": "stream"}, "geometry": {"type": "LineString", "coordinates": [[124.48026910000002, 11.4966106], [124.4798373, 11.4958563], [124.47923379999999, 11.4954988], [124.479148, 11.495186], [124.47835670000002, 11.4951624], [124.4781287, 11.4938166], [124.47765929999998, 11.4935328], [124.4774555, 11.4924551], [124.477088, 11.4924604], [124.476616, 11.4930623], [124.4762512, 11.4932226], [124.4758301, 11.4931122], [124.475366, 11.4935748], [124.47498990000001, 11.4937298]]}}, {"type": "Feature", "properties": {"waterway": "river"}, "geometry": {"type": "LineString", "coordinates": [[124.48911320000002, 11.4989334], [124.4882461, 11.497718], [124.4869294, 11.4962183], [124.48636389999999, 11.4957858], [124.4855179, 11.4957903], [124.4848099, 11.4955155], [124.48446509999998, 11.495038], [124.48441, 11.4944388], [124.4835986, 11.4926095], [124.4832258, 11.4923438], [124.4827158, 11.4923183], [124.4823623, 11.4921417], [124.4822968, 11.4910573], [124.4821127, 11.4906016], [124.4814228, 11.4903494]]}}, {"type": "Feature", "properties": {"waterway": "stream"}, "geometry": {"type": "LineString", "coordinates": [[124.4643304, 11.5282386], [124.4642569, 11.5301618], [124.464416, 11.5313368], [124.46351679999998, 11.5347959], [124.4635747, 11.5354095], [124.46342430000001, 11.5357751], [124.4630113, 11.5360914]]}}, {"type": "Feature", "properties": {"waterway": "river"}, "geometry": {"type": "LineString", "coordinates": [[124.5031948, 11.5458135], [124.50272810000001, 11.5459659], [124.5023204, 11.5458135], [124.5020039, 11.5458451], [124.5018966, 11.5457978], [124.50193950000002, 11.5455087], [124.5017839, 11.5453247], [124.5012153, 11.5455402], [124.50070569999998, 11.545556], [124.5002497, 11.5451198], [124.5000566, 11.5451986], [124.4995738, 11.5450357], [124.4994182, 11.545125], [124.49843119999998, 11.5449884], [124.498002, 11.5453195], [124.49759430000002, 11.545146], [124.49735290000001, 11.5452932], [124.4969896, 11.5451541], [124.49609519999998, 11.5453612], [124.4954366, 11.5450505], [124.49437150000001, 11.5455046], [124.4921843, 11.5454807], [124.491298, 11.5459348], [124.4908508, 11.5459587], [124.4900458, 11.5459029], [124.48915950000001, 11.5454488], [124.4885416, 11.5460941], [124.4873301, 11.5456639], [124.48696419999999, 11.5458153], [124.4867365, 11.5456958], [124.4863137, 11.5457914], [124.485647, 11.5461738], [124.48462250000001, 11.5458073], [124.4843379, 11.5451063], [124.4839801, 11.5448673], [124.4824271, 11.5445645], [124.48150019999999, 11.5451222], [124.48124, 11.5455603], [124.48107740000002, 11.5456161], [124.4808416, 11.5455922], [124.4806058, 11.5452497], [124.48003720000001, 11.5451869], [124.47988930000001, 11.5449212], [124.4796674, 11.5450057], [124.47929769999999, 11.5454887], [124.4790266, 11.5462253], [124.4785583, 11.5463641], [124.4782317, 11.5458087], [124.47759080000002, 11.5457423], [124.4771533, 11.5460985], [124.47670960000002, 11.5456759], [124.47648160000001, 11.5456578], [124.4758082, 11.5457188], [124.4748813, 11.5462924], [124.47465360000001, 11.5460136], [124.47417390000001, 11.5461092], [124.4737755, 11.5456392], [124.4731819, 11.5456073], [124.4722713, 11.5461729], [124.47167769999999, 11.5459737], [124.4713281, 11.5459976], [124.4709134, 11.5455914], [124.46939290000002, 11.5452966], [124.4682139, 11.5448425], [124.4679659, 11.5446075], [124.4675594, 11.5445398], [124.46658779999999, 11.5439702], [124.46641289999998, 11.5432452], [124.4661324, 11.543058], [124.46556730000002, 11.54307], [124.46536810000002, 11.5427274], [124.4648518, 11.542349], [124.4645794, 11.5424167], [124.4643802, 11.5431257], [124.4637785, 11.5434245], [124.46361180000001, 11.5432054], [124.4638029, 11.5426836], [124.46306420000002, 11.5417871], [124.46290850000001, 11.5421963], [124.46259, 11.542328], [124.46232809999998, 11.5426679], [124.46207329999999, 11.5427025], [124.46065050000001, 11.5423974], [124.4599922, 11.5423766], [124.459879, 11.5422101], [124.4599993, 11.541898], [124.4598648, 11.5416692], [124.4588101, 11.5421755], [124.4586685, 11.5420714], [124.4586544, 11.5415235], [124.45850569999999, 11.5413987], [124.45747230000002, 11.5419397], [124.4558797, 11.5411005], [124.45550450000002, 11.541045], [124.4548179, 11.54126], [124.4545254, 11.5411792], [124.4543604, 11.5410506], [124.454099, 11.5402047], [124.45319469999998, 11.5396931], [124.45285250000002, 11.5392874], [124.4524196, 11.5390759], [124.4519596, 11.5386159], [124.4518184, 11.5380145], [124.4520997, 11.5372559], [124.45183340000001, 11.5369873], [124.4510688, 11.5369354], [124.4508212, 11.5366928], [124.45103239999999, 11.5358243], [124.45066429999999, 11.5344209], [124.450367, 11.534287], [124.44983460000002, 11.5343935], [124.4491484, 11.5341437], [124.4483986, 11.5333432], [124.4465317, 11.5306423], [124.4459012, 11.5303521], [124.44579990000001, 11.5300031], [124.4466136, 11.5297165], [124.4468575, 11.5293532], [124.4467698, 11.5288253], [124.4455637, 11.5283535], [124.445335, 11.5281147], [124.44509870000002, 11.5272109], [124.444077, 11.5260627], [124.4435246, 11.5259771], [124.4429727, 11.5266193], [124.4424515, 11.526759], [124.440931, 11.5254253], [124.4404285, 11.5252912], [124.4401961, 11.5262648], [124.44007610000001, 11.5265165], [124.4397798, 11.5266873], [124.43925679999998, 11.5263769], [124.4392943, 11.5251957], [124.4392193, 11.5250064], [124.4389268, 11.524887], [124.4372974, 11.5251913], [124.4359589, 11.5257247], [124.4357958, 11.5256035], [124.4361031, 11.5244203], [124.43606950000002, 11.5241375], [124.43573329999998, 11.5235723], [124.43544079999998, 11.5234917], [124.43503080000002, 11.523466], [124.4344085, 11.523876], [124.434368, 11.5243055], [124.43368850000002, 11.5255116], [124.4330792, 11.5259305], [124.43286169999999, 11.5258754], [124.43283730000002, 11.5254969], [124.4320837, 11.5249458], [124.4318006, 11.5248797], [124.4309306, 11.5251993], [124.4304994, 11.525767], [124.4301704, 11.527649], [124.4297345, 11.5280835], [124.42956950000001, 11.5280265], [124.42910170000002, 11.5273753], [124.42822060000002, 11.5257256], [124.4278418, 11.525575], [124.4273363, 11.5257438], [124.42702250000002, 11.5264669], [124.42648259999999, 11.5272292], [124.4263307, 11.5282322], [124.42514960000001, 11.5288679], [124.42481680000002, 11.5294278], [124.4248196, 11.5299903], [124.42410159999999, 11.5309308], [124.4238803, 11.5310778], [124.4229635, 11.5311402], [124.4224149, 11.5310437], [124.4220438, 11.5308035]]}}, {"type": "Feature", "properties": {"waterway": "stream"}, "geometry": {"type": "LineString", "coordinates": [[124.4684987, 11.5391653], [124.467586, 11.5388447], [124.4666407, 11.5382922], [124.4663586, 11.5380031], [124.4660898, 11.5368791], [124.4656776, 11.5367154], [124.4654001, 11.5363537], [124.4651761, 11.536404], [124.4648318, 11.5362425], [124.46466409999998, 11.535991], [124.4640989, 11.5359038], [124.4633609, 11.5362346], [124.46255170000002, 11.5360202], [124.4621938, 11.5361287], [124.4611883, 11.536817], [124.460439, 11.5375303], [124.4599618, 11.5377074], [124.4589007, 11.5377332], [124.45838650000002, 11.5383631], [124.45801870000001, 11.5385295], [124.4576823, 11.5383738], [124.4576319, 11.5376853], [124.4572763, 11.5373978], [124.45614269999999, 11.5373007], [124.4549501, 11.5362488], [124.4536425, 11.5362274], [124.45341150000002, 11.535792], [124.4534216, 11.5350656], [124.4529979, 11.5347966], [124.4527379, 11.5344261], [124.45238970000001, 11.5344038], [124.45163410000002, 11.5336318], [124.451317, 11.5337325], [124.45066429999999, 11.5344209]]}}, {"type": "Feature", "properties": {"waterway": "stream"}, "geometry": {"type": "LineString", "coordinates": [[124.44688990000002, 11.5470376], [124.44612969999999, 11.5467988], [124.4458829, 11.5464287], [124.4449366, 11.5464504], [124.4447391, 11.5459898], [124.444858, 11.5457311], [124.4452475, 11.5456507], [124.4463091, 11.5459601], [124.44661410000002, 11.5454377], [124.44748460000001, 11.5451037], [124.4474184, 11.5449233], [124.44691480000002, 11.5448512], [124.4459695, 11.5449534], [124.44582429999998, 11.544808], [124.44591879999999, 11.5442265], [124.4461212, 11.5440627], [124.44685440000002, 11.5440073], [124.44694549999998, 11.5439081], [124.4466486, 11.5433437], [124.44566310000002, 11.5426721], [124.445967, 11.5423778], [124.4464381, 11.5422298], [124.4466586, 11.5418982], [124.446598, 11.5414424], [124.4461316, 11.5414088], [124.4461043, 11.5410706], [124.44617709999999, 11.5409473], [124.44693859999998, 11.5408571], [124.4468682, 11.5402726], [124.4473016, 11.5400435], [124.4482279, 11.5405835], [124.4484421, 11.5405512], [124.4485493, 11.5403053], [124.44817730000001, 11.5395084], [124.4476989, 11.5394402], [124.4472458, 11.5396106], [124.44690889999998, 11.5391491], [124.4472429, 11.5386282], [124.4477473, 11.5384572], [124.44802670000001, 11.5381871], [124.4480089, 11.537816], [124.44766060000002, 11.5373391], [124.44744310000002, 11.5361917], [124.4475348, 11.5358526], [124.4482509, 11.5356784], [124.4485266, 11.5352918], [124.4480819, 11.534697], [124.4480094, 11.5343477], [124.447955, 11.5335854], [124.4481801, 11.5330142]]}}, {"type": "Feature", "properties": {"waterway": "stream"}, "geometry": {"type": "LineString", "coordinates": [[124.4822206, 11.5415704], [124.48116980000002, 11.5413083], [124.4784153, 11.5401661], [124.4755452, 11.5396923], [124.4750834, 11.5397735], [124.47449429999999, 11.5402846], [124.474062, 11.5403369], [124.4727028, 11.5401779], [124.4721132, 11.5403038], [124.47128280000001, 11.5399443], [124.4707479, 11.5400605], [124.47017669999998, 11.5409892], [124.4698044, 11.5408939], [124.46958590000001, 11.5404563], [124.46884240000001, 11.5408243], [124.4686665, 11.542136], [124.46843509999998, 11.5422801], [124.46826330000002, 11.5422022], [124.4681655, 11.5419405], [124.4682731, 11.5415438], [124.4681014, 11.5414826], [124.4675047, 11.54167], [124.4670456, 11.5426015], [124.4668099, 11.5427263], [124.4651201, 11.5425283]]}}, {"type": "Feature", "properties": {"waterway": "stream"}, "geometry": {"type": "LineString", "coordinates": [[124.4583077, 11.5447806], [124.4564006, 11.5434836], [124.45582649999999, 11.5434581], [124.45541810000002, 11.5437456], [124.4543646, 11.5432691], [124.45404949999998, 11.5425817], [124.45417750000001, 11.5419487], [124.4540868, 11.541522], [124.4543604, 11.5410506]]}}, {"type": "Feature", "properties": {"waterway": "stream"}, "geometry": {"type": "LineString", "coordinates": [[124.4658863, 11.549375], [124.4646008, 11.549104], [124.4634106, 11.549521], [124.46243330000001, 11.5494659], [124.46181910000001, 11.5499226], [124.461206, 11.5500013], [124.46091279999999, 11.5498938], [124.46041329999998, 11.5500294], [124.45990209999998, 11.5497787], [124.4596587, 11.5497874], [124.4590596, 11.5494252], [124.45874, 11.5495724], [124.4585209, 11.549449], [124.4583278, 11.5496479], [124.4580504, 11.5496931], [124.45779310000002, 11.549551], [124.45754460000002, 11.5498111], [124.4569873, 11.5493992], [124.4569925, 11.5490531], [124.4565961, 11.5492589], [124.45647180000002, 11.5491608], [124.45630620000001, 11.5488375], [124.4556096, 11.5483192], [124.4557558, 11.5474321], [124.45515880000002, 11.5466112], [124.4546078, 11.5465787], [124.454503, 11.5467699], [124.453999, 11.546658], [124.4541271, 11.546067], [124.45463450000001, 11.5459152], [124.4545828, 11.5455553], [124.4538848, 11.5452801], [124.4538065, 11.5443536], [124.4533988, 11.5438574], [124.4527391, 11.5437394], [124.452659, 11.5436142], [124.4525064, 11.5428547], [124.45224839999999, 11.5425939], [124.452077, 11.5419327], [124.4522071, 11.5416365], [124.4526427, 11.5418541], [124.45294710000002, 11.5418906], [124.4530225, 11.5417824], [124.4525521, 11.5408845], [124.45225010000001, 11.5406377], [124.4521933, 11.5400962], [124.45140820000002, 11.5393577], [124.4518184, 11.5380145]]}}, {"type": "Feature", "properties": {"waterway": "stream"}, "geometry": {"type": "LineString", "coordinates": [[124.4883422, 11.5499205], [124.4857726, 11.5495742], [124.4843876, 11.5487541], [124.4832395, 11.5491368], [124.48158110000001, 11.549228], [124.4802507, 11.5501574], [124.47952180000001, 11.5499205], [124.4791755, 11.5500481], [124.47902970000001, 11.5501756], [124.4788475, 11.550941], [124.4786047, 11.5512297]]}}, {"type": "Feature", "properties": {"waterway": "stream"}, "geometry": {"type": "LineString", "coordinates": [[124.4964883, 11.5510504], [124.4957776, 11.5507041], [124.4953949, 11.5506677], [124.4943197, 11.551105], [124.4936636, 11.5510321], [124.4908024, 11.5514331], [124.489545, 11.5518705], [124.4871212, 11.551834], [124.48621, 11.5520709], [124.4853352, 11.552563], [124.4844969, 11.5528181], [124.4825027, 11.5520385], [124.4815446, 11.5510686], [124.4802507, 11.5501574]]}}, {"type": "Feature", "properties": {"waterway": "stream"}, "geometry": {"type": "LineString", "coordinates": [[124.4640382, 11.5520622], [124.4636241, 11.5524659], [124.4632392, 11.5522792], [124.4629879, 11.5524302], [124.4627332, 11.5523619], [124.4624025, 11.5524644], [124.4621047, 11.5528138], [124.4618142, 11.5528785], [124.4616138, 11.5532422], [124.4606603, 11.5528459], [124.4601497, 11.5527812], [124.45958570000002, 11.5530725], [124.45907429999998, 11.5530423], [124.4587006, 11.5533927], [124.45810030000001, 11.5533464], [124.4574191, 11.5538531], [124.4571985, 11.5544076], [124.45675710000002, 11.5544001], [124.45671210000002, 11.5547025], [124.45639829999999, 11.554465], [124.45641060000001, 11.5549395], [124.4562236, 11.5549557], [124.45600320000001, 11.5553466], [124.45671510000001, 11.5554031], [124.4565401, 11.5560271], [124.4561362, 11.5563174], [124.456151, 11.5570783], [124.45644570000002, 11.5572609], [124.45651239999998, 11.557718], [124.4566383, 11.5578405], [124.45697859999999, 11.5578059], [124.4571307, 11.5579335], [124.4564432, 11.5600537], [124.4564716, 11.5612357]]}}, {"type": "Feature", "properties": {"waterway": "river"}, "geometry": {"type": "LineString", "coordinates": [[124.4220438, 11.5308035], [124.4216013, 11.5307576]]}}, {"type": "Feature", "properties": {"waterway": "river"}, "geometry": {"type": "LineString", "coordinates": [[124.4216013, 11.5307576], [124.42150279999998, 11.5309516], [124.4215911, 11.5312088], [124.42145050000002, 11.5313754], [124.42124620000001, 11.5313809], [124.42092, 11.5310778], [124.4206275, 11.5310171], [124.4204288, 11.5311788], [124.420395, 11.5316087], [124.4210512, 11.5320275], [124.4210287, 11.5323508], [124.41999, 11.5327549], [124.41949130000002, 11.5331958], [124.41826570000002, 11.533096]]}}, {"type": "Feature", "properties": {"waterway": "river"}, "geometry": {"type": "LineString", "coordinates": [[124.417474, 11.5380748], [124.4182877, 11.5382217], [124.4191051, 11.5388316], [124.41931140000001, 11.5387544], [124.4192326, 11.5380638], [124.41953630000002, 11.5371306], [124.4192926, 11.5360064], [124.4189251, 11.535492], [124.4189139, 11.5351026], [124.4192251, 11.534952], [124.4196076, 11.5350585], [124.4202221, 11.5349278]]}}, {"type": "Feature", "properties": {"waterway": "river"}, "geometry": {"type": "LineString", "coordinates": [[124.41779809999998, 11.5461398], [124.41819140000001, 11.5461667], [124.41819140000001, 11.545853], [124.41767, 11.5452884], [124.4177158, 11.5450016], [124.4183103, 11.5449568], [124.4186122, 11.5446341], [124.4187494, 11.5440605], [124.418603, 11.5435497], [124.41895980000001, 11.543003], [124.41981960000001, 11.5424115], [124.42056969999999, 11.5421964], [124.42155760000001, 11.5406638], [124.42199669999998, 11.5391223], [124.421951, 11.5380109], [124.42164, 11.5371057], [124.4202221, 11.5349278], [124.4200483, 11.5338433], [124.41949130000002, 11.5331958]]}}, {"type": "Feature", "properties": {"waterway": "river"}, "geometry": {"type": "LineString", "coordinates": [[124.4129229, 11.5490926], [124.41357160000001, 11.5482403], [124.41460270000002, 11.547961], [124.4147337, 11.5475916], [124.4150356, 11.5473407], [124.4149716, 11.5469195], [124.4154747, 11.547045], [124.41603270000002, 11.5466327], [124.4157857, 11.5463817], [124.4159137, 11.5461129], [124.416179, 11.5459964], [124.4164077, 11.5460681], [124.4165906, 11.5467044], [124.41690159999999, 11.5468836], [124.4171669, 11.5466327], [124.41758770000001, 11.5458619], [124.41779809999998, 11.5461398]]}}, {"type": "Feature", "properties": {"waterway": "stream"}, "geometry": {"type": "LineString", "coordinates": [[124.43045360000002, 11.558586], [124.4284308, 11.5581851], [124.4272462, 11.5582215], [124.4262348, 11.5580484], [124.4229454, 11.5564082], [124.4225535, 11.5557795], [124.4219795, 11.555415], [124.42134160000002, 11.5554515], [124.4208131, 11.5553239], [124.420312, 11.5538933], [124.4199566, 11.5518887], [124.41999309999999, 11.5506494], [124.41953750000002, 11.5496562], [124.4189816, 11.548991], [124.4189907, 11.5479614], [124.4187994, 11.5475331], [124.4185716, 11.54736], [124.41779809999998, 11.5461398]]}}, {"type": "Feature", "properties": {"waterway": "river"}, "geometry": {"type": "LineString", "coordinates": [[124.4683616, 11.568576], [124.4665468, 11.5676731], [124.4652647, 11.5673736], [124.4650662, 11.5670319], [124.46495890000001, 11.5663645], [124.4647658, 11.5661911], [124.46439030000002, 11.5663119], [124.4632959, 11.5671423], [124.4623035, 11.5667429], [124.4615471, 11.5658337], [124.4611931, 11.5658968], [124.460367, 11.5665695], [124.4595838, 11.5666063], [124.4590366, 11.5661648], [124.4588274, 11.5658127], [124.4587308, 11.5652083], [124.4585377, 11.5650401], [124.45813540000002, 11.5652819], [124.45751850000002, 11.5660176], [124.4564241, 11.5663487], [124.45628360000002, 11.5665495], [124.45632639999998, 11.5670362], [124.4561908, 11.5677257], [124.45589039999999, 11.5680962], [124.4545673, 11.5690204], [124.4542536, 11.5689097], [124.454125, 11.5681881], [124.45394179999998, 11.5679628], [124.453743, 11.5679284], [124.4532364, 11.5681843], [124.4530844, 11.5684172], [124.4524316, 11.5688543], [124.4519484, 11.5690204], [124.4514027, 11.5690013], [124.4496217, 11.5693259], [124.448702, 11.5691884], [124.44622720000001, 11.5693144], [124.44439550000001, 11.5685584], [124.4431601, 11.5683828], [124.4429457, 11.5684973], [124.4426768, 11.5690853], [124.44206770000001, 11.5695403], [124.440202, 11.5692304], [124.43936020000001, 11.5694099], [124.4379767, 11.5706164], [124.4372635, 11.5707118], [124.4367569, 11.570456], [124.4363126, 11.5697878], [124.43600080000002, 11.5696237], [124.4355799, 11.5698298], [124.43513169999999, 11.5705133], [124.4348005, 11.5706965], [124.4344458, 11.5705056], [124.434286, 11.5702536], [124.43403660000001, 11.5691617], [124.4339781, 11.5680506], [124.43378330000002, 11.5676039], [124.43362350000001, 11.5675428], [124.4331987, 11.5677872], [124.4330038, 11.5681843], [124.43292109999999, 11.5704732], [124.4327895, 11.570708], [124.4323881, 11.5708225], [124.4316359, 11.5700589], [124.430494, 11.5682148], [124.4305057, 11.5679208], [124.431441, 11.5665921], [124.4312773, 11.5663821], [124.4300302, 11.5665921], [124.4289663, 11.5670808], [124.428596, 11.5674626], [124.4282609, 11.5681461], [124.4278439, 11.5685546], [124.4275906, 11.5686348], [124.42724370000002, 11.5684744], [124.42704879999998, 11.5681728], [124.4265695, 11.566909], [124.42616420000002, 11.5666723], [124.4238063, 11.5666188], [124.422871, 11.5669968], [124.4219317, 11.5670236], [124.4216472, 11.5667677], [124.42081740000002, 11.5652931], [124.41989019999998, 11.5625925], [124.4199535, 11.5603422], [124.41891689999999, 11.5585888], [124.4179158, 11.5584673], [124.4164539, 11.5585801], [124.41589569999998, 11.5581895], [124.415878, 11.5575125], [124.4155679, 11.5572694], [124.4150194, 11.5573173], [124.4138846, 11.557851], [124.4135922, 11.5592138], [124.412972, 11.5595957], [124.4121392, 11.5596044], [124.41189110000002, 11.5590749], [124.4112709, 11.5565316], [124.4113507, 11.5557591], [124.4119437, 11.5543122], [124.4112355, 11.5526776], [124.4104735, 11.5517401], [124.40908260000002, 11.5511846], [124.40818770000001, 11.5509676], [124.4067195, 11.5508462], [124.4064246, 11.551254], [124.4061588, 11.5521307], [124.4056981, 11.5522436], [124.40530830000002, 11.5516793], [124.4044223, 11.5499172], [124.4044755, 11.5492315], [124.40477670000001, 11.5490752], [124.4060348, 11.5492315], [124.4065841, 11.5488843], [124.4068765, 11.54832], [124.4068588, 11.54707], [124.4063626, 11.5459763], [124.4062917, 11.5453079], [124.40684990000001, 11.5446742], [124.4079396, 11.5441013], [124.4082232, 11.5436239], [124.4082586, 11.5430857], [124.4078599, 11.5428339], [124.4070714, 11.5429381], [124.4056627, 11.5433635], [124.4045995, 11.5441534], [124.4033857, 11.5443791], [124.4029161, 11.5436499], [124.40290730000001, 11.543103], [124.40364260000001, 11.5418617], [124.4046235, 11.5405911]]}}, {"type": "Feature", "properties": {"waterway": "stream"}, "geometry": {"type": "LineString", "coordinates": [[124.4315864, 11.5775711], [124.4309138, 11.5772977], [124.4308427, 11.5767327], [124.4306272, 11.5764777], [124.43052870000001, 11.5759342], [124.429861, 11.5756359], [124.42952690000001, 11.5756507], [124.42881, 11.576003], [124.4284263, 11.5758924], [124.4277409, 11.5760912], [124.42703319999998, 11.5761], [124.42655040000001, 11.5756333], [124.4265277, 11.575126], [124.42597820000002, 11.5747008], [124.4252412, 11.5746844], [124.42394310000002, 11.5743392], [124.4230462, 11.5739433], [124.4229407, 11.5736854], [124.42263110000002, 11.5734466], [124.42197770000001, 11.5733425], [124.421325, 11.5735595], [124.4209875, 11.5732912], [124.42032120000002, 11.5730597], [124.4197184, 11.5734755], [124.41948669999998, 11.5735013], [124.41933150000001, 11.5733931], [124.41939629999999, 11.5727583], [124.4189378, 11.5726196], [124.41864929999998, 11.5715379], [124.4184066, 11.5713195], [124.4180164, 11.5712165], [124.41789310000001, 11.5707214], [124.4173244, 11.5707206], [124.4169726, 11.5709652], [124.41670320000001, 11.5708049], [124.41637630000001, 11.5702034], [124.41559950000001, 11.5702122], [124.4153312, 11.57049], [124.4149059, 11.5702184], [124.4143462, 11.5686089], [124.41365779999998, 11.5685563], [124.4137353, 11.5676482], [124.41340810000001, 11.567353], [124.41294939999999, 11.5664388], [124.4121854, 11.5663379], [124.412359, 11.565473], [124.4120161, 11.5629718], [124.4118621, 11.5628872], [124.41101879999998, 11.5629727], [124.41022150000002, 11.5625577], [124.4100698, 11.5624262], [124.40977060000002, 11.5613499], [124.410316, 11.5600567], [124.409566, 11.5590854], [124.40977549999998, 11.5582685], [124.4099773, 11.5581315], [124.41099349999999, 11.5581104], [124.4110881, 11.5579472], [124.4109592, 11.5575169], [124.41132059999998, 11.5567505]]}}, {"type": "Feature", "properties": {"waterway": "stream"}, "geometry": {"type": "LineString", "coordinates": [[124.4464361, 11.5762086], [124.4455067, 11.5759079], [124.44531530000002, 11.5756254], [124.44507840000001, 11.574368], [124.4448233, 11.5740308], [124.4442857, 11.5741857], [124.4439759, 11.5738486], [124.4427184, 11.5736208], [124.4417708, 11.5738668], [124.441224, 11.5741949], [124.4405406, 11.5742495], [124.439347, 11.5731652], [124.4383811, 11.572582], [124.43746080000001, 11.5726731], [124.4369778, 11.5725274], [124.43659510000002, 11.5721355], [124.4358844, 11.5718622], [124.4356839, 11.5716891], [124.43513169999999, 11.5705133]]}}, {"type": "Feature", "properties": {"waterway": "stream"}, "geometry": {"type": "LineString", "coordinates": [[124.44314509999998, 11.5812314], [124.4426319, 11.5810794], [124.442225, 11.5806481], [124.4415734, 11.5805182], [124.4411993, 11.5799943], [124.4407599, 11.5801655], [124.44030220000002, 11.5798647], [124.4403136, 11.5794337], [124.4397453, 11.5791161], [124.43920950000002, 11.5790731], [124.43921560000001, 11.5786594], [124.43855490000001, 11.5777416], [124.43793320000002, 11.5776338], [124.4376612, 11.5770223], [124.4369377, 11.5768334], [124.4364859, 11.576482], [124.4363964, 11.5758323], [124.4359896, 11.5753792], [124.43601520000001, 11.5749899], [124.4360581, 11.5748322], [124.4364938, 11.574898], [124.4367631, 11.5747823], [124.43708639999998, 11.5742296], [124.43710160000002, 11.5738293], [124.4367202, 11.5730246], [124.43679560000001, 11.5724271]]}}, {"type": "Feature", "properties": {"waterway": "stream"}, "geometry": {"type": "LineString", "coordinates": [[124.4775171, 11.5566087], [124.4761139, 11.5570096], [124.4747106, 11.5570461], [124.474255, 11.5569732], [124.473435, 11.5564082], [124.47297940000001, 11.5562624], [124.47203169999999, 11.5561895], [124.4715397, 11.5562624], [124.4705647, 11.5566725]]}}, {"type": "Feature", "properties": {"waterway": "stream"}, "geometry": {"type": "LineString", "coordinates": [[124.4705647, 11.5566725], [124.470264, 11.5570369], [124.46968990000002, 11.5572739], [124.4691888, 11.5577386], [124.4689792, 11.5582488], [124.4689792, 11.5590963], [124.4686329, 11.5594243], [124.46800420000001, 11.5594516], [124.4675395, 11.5599072]]}}, {"type": "Feature", "properties": {"waterway": "stream"}, "geometry": {"type": "LineString", "coordinates": [[124.4786047, 11.5512297], [124.4779303, 11.5512907], [124.4775948, 11.5518661], [124.4769096, 11.5520106], [124.47644569999999, 11.5519341], [124.47627420000002, 11.5516233], [124.4756308, 11.551723], [124.4748303, 11.5516501], [124.4744074, 11.551488], [124.47414320000001, 11.55122], [124.4725188, 11.5514059], [124.472254, 11.5515978], [124.4722331, 11.5519777], [124.47131820000001, 11.552627], [124.4709755, 11.5523283], [124.4707053, 11.552324], [124.4697903, 11.5532178], [124.4693358, 11.5533871], [124.4685813, 11.5532825], [124.4682783, 11.5534003], [124.4680389, 11.5536442], [124.4680494, 11.5539612], [124.4677373, 11.5542446], [124.4670743, 11.5542634], [124.4667637, 11.5544296], [124.46684009999998, 11.5548788], [124.46671610000001, 11.5551698], [124.4659263, 11.5549697], [124.464819, 11.5553552], [124.4637722, 11.5553371], [124.463756, 11.5556615], [124.46420430000002, 11.5562365], [124.4639924, 11.5565607], [124.4635522, 11.5563874], [124.4631882, 11.5557719], [124.4625864, 11.5553476], [124.46212, 11.5554578], [124.46101960000001, 11.5568407], [124.46097339999999, 11.5582389], [124.4612239, 11.5586798], [124.4603261, 11.5585389], [124.45987610000002, 11.5589071], [124.45993640000002, 11.5595162], [124.4600014, 11.5597617], [124.4602148, 11.5599344], [124.4601869, 11.5601117], [124.4588819, 11.5608969], [124.4577567, 11.5612527], [124.456791, 11.5610271], [124.4563391, 11.5613222], [124.45617960000001, 11.5619124], [124.4564632, 11.5628759], [124.4558341, 11.5635182], [124.4554886, 11.5641605], [124.4557278, 11.5662611], [124.45628360000002, 11.5665495]]}}, {"type": "Feature", "properties": {"waterway": "stream"}, "geometry": {"type": "LineString", "coordinates": [[124.45104340000002, 11.5579115], [124.4512545, 11.5582915], [124.450716, 11.5586306], [124.4508014, 11.5593122], [124.4506263, 11.5596838], [124.4507156, 11.5600143], [124.4501133, 11.5602828], [124.44972580000001, 11.5609683], [124.4497259, 11.5619471], [124.4499629, 11.5620831]]}}, {"type": "Feature", "properties": {"waterway": "stream"}, "geometry": {"type": "LineString", "coordinates": [[124.49102110000001, 11.5586133], [124.49045620000001, 11.5583035], [124.4896726, 11.5585222], [124.48794130000002, 11.5583946], [124.487431, 11.5585951], [124.4869754, 11.5589596], [124.48580910000001, 11.559233], [124.48333060000002, 11.559561], [124.4812348, 11.5595792], [124.4790662, 11.5604904], [124.47859239999998, 11.5608002], [124.4783008, 11.5614198], [124.47822560000002, 11.5628846]]}}, {"type": "Feature", "properties": {"waterway": "stream"}, "geometry": {"type": "LineString", "coordinates": [[124.44874440000001, 11.5612814], [124.44885180000001, 11.5616093], [124.44922170000001, 11.561976], [124.4495189, 11.5621121], [124.4499629, 11.5620831]]}}, {"type": "Feature", "properties": {"waterway": "stream"}, "geometry": {"type": "LineString", "coordinates": [[124.4675395, 11.5599072], [124.4663458, 11.5609278], [124.4660725, 11.5610189], [124.4653071, 11.5610918], [124.46504280000002, 11.5607273], [124.4648515, 11.5606726], [124.46461450000001, 11.5608002], [124.46450520000002, 11.5611647], [124.4646328, 11.5617934], [124.4643503, 11.562814], [124.4636487, 11.5632058], [124.46321130000001, 11.5637798], [124.4629835, 11.5629689], [124.46269190000001, 11.5628777], [124.4625552, 11.5636249], [124.4618809, 11.5646819], [124.4608148, 11.5654473], [124.46088730000001, 11.5661595]]}}, {"type": "Feature", "properties": {"waterway": "stream"}, "geometry": {"type": "LineString", "coordinates": [[124.4838177, 11.5636513], [124.48315530000002, 11.5636271], [124.4830598, 11.5639561], [124.4827024, 11.5641825], [124.4822525, 11.5640225], [124.48180580000002, 11.5635486], [124.4806319, 11.5636301], [124.47963670000001, 11.5630506], [124.4792516, 11.562622], [124.47822560000002, 11.5628846]]}}, {"type": "Feature", "properties": {"waterway": "stream"}, "geometry": {"type": "LineString", "coordinates": [[124.47822560000002, 11.5628846], [124.4775262, 11.5633856], [124.4774646, 11.563612], [124.4771596, 11.563763], [124.4770363, 11.5639924], [124.47605040000002, 11.5639078], [124.47556359999999, 11.5641674], [124.47553890000002, 11.5646715], [124.47517539999998, 11.5649492], [124.4751168, 11.5653296], [124.473911, 11.5662312], [124.4733987, 11.5664572], [124.47319330000002, 11.5674576], [124.4729802, 11.567574], [124.4722813, 11.5673131], [124.472024, 11.5673322], [124.4713104, 11.5679648], [124.471018, 11.5675233], [124.4700733, 11.5677067]]}}, {"type": "Feature", "properties": {"waterway": "stream"}, "geometry": {"type": "LineString", "coordinates": [[124.4499629, 11.5620831], [124.45002409999998, 11.562367], [124.44979749999999, 11.5627889], [124.44977169999999, 11.5632354], [124.4493793, 11.5637889], [124.44909680000002, 11.5650373], [124.4488781, 11.565256], [124.44858650000002, 11.5653653], [124.44804890000002, 11.565256], [124.4463905, 11.5656842], [124.4453518, 11.5666774], [124.4447868, 11.5664314], [124.4444406, 11.5664314], [124.4439576, 11.5669873], [124.4437116, 11.5670693], [124.4431193, 11.5666228], [124.4423813, 11.5664952], [124.44151559999999, 11.5674155], [124.44100529999999, 11.5676433], [124.4408413, 11.5684452], [124.44043139999998, 11.5692547]]}}, {"type": "Feature", "properties": {"waterway": "river"}, "geometry": {"type": "LineString", "coordinates": [[124.35815460000002, 11.4917889], [124.3576594, 11.4924211], [124.3579456, 11.4931022], [124.357882, 11.4934762], [124.357614, 11.4937655], [124.35781839999999, 11.4941751], [124.357673, 11.4945046], [124.35706419999998, 11.4949141], [124.3569688, 11.4953415], [124.3565463, 11.4954662], [124.356619, 11.4957644], [124.35600569999998, 11.4955418], [124.3557695, 11.4957822], [124.3554106, 11.4956888], [124.3549109, 11.4963699], [124.35463830000002, 11.4963254], [124.35458829999999, 11.4964812], [124.35475189999998, 11.4967038], [124.3544793, 11.4972335], [124.35452929999998, 11.4974962], [124.3543975, 11.4977188], [124.353707, 11.4976832], [124.3532027, 11.4979592], [124.3528107, 11.4991232], [124.35301949999999, 11.4996017], [124.3528878, 11.4999606], [124.352875, 11.5006374], [124.352679, 11.5007885], [124.35249140000002, 11.5017841], [124.35181, 11.5015882], [124.3517191, 11.5018694], [124.35229610000002, 11.5021855], [124.35268679999999, 11.5022345], [124.3528003, 11.5023858], [124.3525278, 11.5027909], [124.35195080000001, 11.5030402], [124.35211889999998, 11.5035433], [124.35185089999999, 11.5036813], [124.35187360000002, 11.5037792], [124.352287, 11.504171], [124.3516782, 11.5045271], [124.3516964, 11.5050613], [124.3522098, 11.5054531], [124.35184180000002, 11.5058448], [124.35178730000001, 11.5060985], [124.3512194, 11.5060985], [124.3511876, 11.5063612], [124.3509195, 11.506379], [124.350806, 11.5066149], [124.3509695, 11.5071269], [124.3515192, 11.5073851], [124.351601, 11.5075409], [124.3507196, 11.5080974], [124.3496884, 11.5079683], [124.34919320000002, 11.5077679], [124.34907960000001, 11.5078703], [124.3493704, 11.508449], [124.3501018, 11.5086405], [124.35024720000001, 11.5092414], [124.35000639999998, 11.5096732], [124.3509877, 11.5098736], [124.3513511, 11.5105413], [124.3512421, 11.510844], [124.3514465, 11.511209], [124.35131020000001, 11.5114761], [124.3515783, 11.511859], [124.3517464, 11.5125979], [124.3515556, 11.5129051], [124.35111940000002, 11.5128828], [124.3511103, 11.5131366], [124.35176449999999, 11.5133414], [124.3526413, 11.5131633], [124.35300930000001, 11.5132924], [124.35310469999999, 11.5136352], [124.3528321, 11.513929], [124.3529593, 11.5142673], [124.3528094, 11.5149039], [124.3529593, 11.5150241], [124.3531183, 11.5149172], [124.3534454, 11.5149795], [124.3540769, 11.5152466], [124.3540406, 11.5156161], [124.3545358, 11.5166222], [124.35427230000002, 11.5172231], [124.354354, 11.5174813], [124.35460839999999, 11.5175926], [124.35502639999999, 11.5171741], [124.3555852, 11.5173032], [124.35571690000002, 11.5184161], [124.3559668, 11.519204], [124.356621, 11.5198851], [124.3558896, 11.5202724], [124.35563519999998, 11.5205528], [124.35553069999999, 11.5214876], [124.35607580000001, 11.5215455], [124.3564847, 11.5213229], [124.3575478, 11.5222889], [124.3588607, 11.52585]]}}, {"type": "Feature", "properties": {"waterway": "river"}, "geometry": {"type": "LineString", "coordinates": [[124.39089180000002, 11.6150843], [124.3896555, 11.614331], [124.3895331, 11.613952], [124.3897029, 11.6130212], [124.3896342, 11.6128536], [124.3886397, 11.6113115], [124.3879221, 11.6107387], [124.3861501, 11.6104089], [124.38510470000001, 11.6104784], [124.38385539999999, 11.610947], [124.382546, 11.6111853], [124.3816342, 11.611035], [124.3803489, 11.6103158]]}}, {"type": "Feature", "properties": {"waterway": "river"}, "geometry": {"type": "LineString", "coordinates": [[124.381717, 11.6233202], [124.3822597, 11.6224473], [124.3821334, 11.6216657], [124.3812275, 11.6205687], [124.37856530000002, 11.6183973]]}}, {"type": "Feature", "properties": {"waterway": "river"}, "geometry": {"type": "LineString", "coordinates": [[124.3817025, 11.6233874], [124.381717, 11.6233202]]}}, {"type": "Feature", "properties": {"waterway": "river"}, "geometry": {"type": "LineString", "coordinates": [[124.3839605, 11.6297023], [124.3817514, 11.6278524], [124.3814032, 11.627291], [124.3814833, 11.6267177], [124.38113950000002, 11.6262984], [124.3808818, 11.6257033], [124.3811094, 11.6252792], [124.3809936, 11.6248173], [124.3817025, 11.6233874]]}}, {"type": "Feature", "properties": {"waterway": "stream"}, "geometry": {"type": "LineString", "coordinates": [[124.3814311, 11.6322748], [124.3815222, 11.6308897], [124.3800734, 11.6280103], [124.38053809999998, 11.6265706], [124.3810787, 11.6261893]]}}, {"type": "Feature", "properties": {"waterway": "stream"}, "geometry": {"type": "LineString", "coordinates": [[124.3940512, 11.6348717], [124.3939172, 11.6334692], [124.39352270000002, 11.6322839], [124.3930306, 11.6298327], [124.3938052, 11.6280741], [124.39561240000002, 11.6269236]]}}, {"type": "Feature", "properties": {"waterway": "stream"}, "geometry": {"type": "LineString", "coordinates": [[124.39264559999998, 11.6412903], [124.39260080000001, 11.6400575], [124.39246759999999, 11.6396117], [124.3916003, 11.638929], [124.39125190000001, 11.637994], [124.39067640000002, 11.6376048], [124.3904549, 11.6371577], [124.38995279999999, 11.6367955], [124.3899661, 11.6362196], [124.38926540000001, 11.6352986], [124.38923180000002, 11.6344262], [124.38855340000002, 11.6337185], [124.38824569999998, 11.6336074], [124.3878134, 11.6337213], [124.3875554, 11.6336291], [124.3872686, 11.6332581], [124.3865721, 11.6328914], [124.38593549999999, 11.6320984], [124.3855164, 11.6318841], [124.38497110000002, 11.6317996], [124.3844904, 11.6309064], [124.3841022, 11.6304899], [124.3839605, 11.6297023]]}}, {"type": "Feature", "properties": {"waterway": "stream"}, "geometry": {"type": "LineString", "coordinates": [[124.37732720000001, 11.6382357], [124.3774146, 11.6378165], [124.3772736, 11.6374929], [124.3760492, 11.6372807], [124.37519450000002, 11.6369627], [124.3750129, 11.6365662], [124.37457, 11.6361947], [124.3745205, 11.6357103], [124.3742468, 11.6350875], [124.3739385, 11.6347285], [124.3731267, 11.6346196], [124.3726007, 11.6343177], [124.3718224, 11.6342211], [124.3712244, 11.6335591], [124.37115380000002, 11.633299]]}}, {"type": "Feature", "properties": {"waterway": "stream"}, "geometry": {"type": "LineString", "coordinates": [[124.37510610000001, 11.6435972], [124.37443790000002, 11.642875], [124.373691, 11.6410726], [124.3729389, 11.640871], [124.3722485, 11.6397368], [124.3715569, 11.6390707], [124.370934, 11.6391726], [124.3703326, 11.6391088], [124.3677904, 11.6375233], [124.3676173, 11.6372317], [124.3676628, 11.6366941], [124.368082, 11.6361018], [124.36783530000001, 11.6352402]]}}, {"type": "Feature", "properties": {"waterway": "drain"}, "geometry": {"type": "LineString", "coordinates": [[124.40794469999999, 11.5771493], [124.4078451, 11.5770487]]}}, {"type": "Feature", "properties": {"waterway": "drain"}, "geometry": {"type": "LineString", "coordinates": [[124.4080143, 11.5773192], [124.40794469999999, 11.5771493]]}}, {"type": "Feature", "properties": {"waterway": "drain"}, "geometry": {"type": "LineString", "coordinates": [[124.4089504, 11.5782327], [124.4083602, 11.5778587], [124.4080143, 11.5773192]]}}, {"type": "Feature", "properties": {"waterway": "drain"}, "geometry": {"type": "LineString", "coordinates": [[124.40901180000002, 11.578281], [124.4089504, 11.5782327]]}}, {"type": "Feature", "properties": {"waterway": "drain"}, "geometry": {"type": "LineString", "coordinates": [[124.4103077, 11.5789545], [124.409532, 11.5786799], [124.40901180000002, 11.578281]]}}, {"type": "Feature", "properties": {"waterway": "stream"}, "geometry": {"type": "LineString", "coordinates": [[124.4068209, 11.5841694], [124.4060615, 11.5838785], [124.4051088, 11.5838679], [124.40459580000001, 11.5834055], [124.403924, 11.5833282], [124.4030538, 11.5826618], [124.4025594, 11.5817091], [124.4023445, 11.5815665], [124.40195640000002, 11.5814214], [124.4007445, 11.5815766], [124.4002708, 11.5814081], [124.39977550000002, 11.5809045], [124.39930390000002, 11.5808945], [124.39935070000001, 11.5793958], [124.3999305, 11.5787411], [124.40057090000002, 11.5787151], [124.400837, 11.5775295], [124.40107289999999, 11.5772985], [124.40165460000001, 11.5771848], [124.4017672, 11.5767292], [124.4020198, 11.5763853], [124.4021852, 11.5753049], [124.4025612, 11.5750579], [124.40338070000001, 11.5750121], [124.403654, 11.5746423], [124.4038455, 11.5746988], [124.4040741, 11.5750144], [124.4046685, 11.5752219], [124.40504540000002, 11.5749172], [124.404907, 11.5735525], [124.40437650000001, 11.5731123]]}}, {"type": "Feature", "properties": {"waterway": "drain"}, "geometry": {"type": "LineString", "coordinates": [[124.4104092, 11.5789904], [124.4103077, 11.5789545]]}}, {"type": "Feature", "properties": {"waterway": "drain"}, "geometry": {"type": "LineString", "coordinates": [[124.4107137, 11.5790946], [124.4104092, 11.5789904]]}}, {"type": "Feature", "properties": {"waterway": "stream"}, "geometry": {"type": "LineString", "coordinates": [[124.4054984, 11.5794259], [124.4053702, 11.5795909]]}}, {"type": "Feature", "properties": {"waterway": "stream"}, "geometry": {"type": "LineString", "coordinates": [[124.4053702, 11.5795909], [124.40534379999998, 11.579625]]}}, {"type": "Feature", "properties": {"waterway": "stream"}, "geometry": {"type": "LineString", "coordinates": [[124.5753983, 11.5372548], [124.5751249, 11.540772], [124.57523430000002, 11.5416468], [124.5757628, 11.5434327], [124.57523430000002, 11.5450547], [124.574888, 11.5474785], [124.5751614, 11.5483168], [124.5753618, 11.5498111], [124.57448709999998, 11.5519251], [124.574396, 11.5534559], [124.57415910000002, 11.5545494], [124.5745235, 11.5575746], [124.5744142, 11.5601442], [124.5745964, 11.5611465], [124.5745418, 11.5617479], [124.5742502, 11.5632969], [124.57352120000002, 11.565338], [124.57232389999999, 11.5665024]]}}, {"type": "Feature", "properties": {"waterway": "stream"}, "geometry": {"type": "LineString", "coordinates": [[124.57208149999998, 11.5355964], [124.5715348, 11.5365987], [124.5712979, 11.5380384], [124.570168, 11.5394417], [124.56858250000002, 11.5417379], [124.56803580000002, 11.5429042], [124.5682545, 11.5441252], [124.5691292, 11.545729], [124.5691292, 11.547278], [124.56942080000002, 11.548171], [124.5691839, 11.5497929], [124.56885589999999, 11.550449], [124.5688194, 11.5521438], [124.5682727, 11.5530368], [124.56816340000002, 11.5534377], [124.568218, 11.5538933], [124.5689834, 11.555661], [124.56947549999998, 11.5573377], [124.5704596, 11.5581031], [124.5709881, 11.5589049], [124.57104270000002, 11.5595245], [124.5705689, 11.5622946], [124.5703685, 11.5628778], [124.5704231, 11.5638801], [124.5702956, 11.5642992], [124.5694573, 11.5653744], [124.5688012, 11.5655202], [124.56843670000002, 11.5657936], [124.5682545, 11.5661398], [124.5681998, 11.5666866], [124.56791589999999, 11.566811], [124.56779080000001, 11.5675804], [124.56786910000001, 11.5677893], [124.5680994, 11.5678926], [124.56784750000001, 11.5685525]]}}, {"type": "Feature", "properties": {"waterway": "stream"}, "geometry": {"type": "LineString", "coordinates": [[124.5713161, 11.5514877], [124.5711521, 11.5521438], [124.5717717, 11.5559526], [124.57157119999998, 11.55834], [124.5709881, 11.5589049]]}}, {"type": "Feature", "properties": {"waterway": "stream"}, "geometry": {"type": "LineString", "coordinates": [[124.55293870000001, 11.5545874], [124.5528043, 11.5548759], [124.5528043, 11.5554156], [124.5513283, 11.5560417], [124.5514837, 11.5562389], [124.5519922, 11.5564707], [124.5521934, 11.5567198], [124.55217729999998, 11.557048], [124.55259430000001, 11.5572443], [124.5527923, 11.5575843], [124.5525067, 11.5581521]]}}, {"type": "Feature", "properties": {"waterway": "stream"}, "geometry": {"type": "LineString", "coordinates": [[124.5767464, 11.5535868], [124.5766121, 11.5539533], [124.5766471, 11.554568], [124.5772119, 11.5557038], [124.577152, 11.5565833], [124.577257, 11.5568382], [124.5777569, 11.5571768], [124.57878310000001, 11.5572878], [124.578929, 11.5575437], [124.57888819999998, 11.5581668], [124.5791615, 11.5585678], [124.5795716, 11.5589596], [124.5804281, 11.5593696], [124.58044630000002, 11.5597159], [124.5801274, 11.5604722], [124.5801183, 11.5612923], [124.5812118, 11.5634609], [124.5824965, 11.5648824], [124.5834077, 11.565256], [124.58369020000002, 11.5655749], [124.5841549, 11.565748], [124.58458310000002, 11.5661066]]}}, {"type": "Feature", "properties": {"waterway": "stream"}, "geometry": {"type": "LineString", "coordinates": [[124.5525067, 11.5581521], [124.5524237, 11.5584669], [124.552763, 11.5596247], [124.55344549999998, 11.5604204], [124.5536412, 11.5613959], [124.5529598, 11.5617774], [124.55266980000002, 11.5618072], [124.5525298, 11.562144], [124.5522976, 11.5621271], [124.55243649999998, 11.5623784], [124.55224590000002, 11.5628344]]}}, {"type": "Feature", "properties": {"waterway": "river"}, "geometry": {"type": "LineString", "coordinates": [[124.5569966, 11.5472844], [124.556877, 11.5482326], [124.5572419, 11.5484555], [124.5570926, 11.5499321], [124.55691309999999, 11.5504426], [124.5574686, 11.5514943], [124.5574906, 11.5525529], [124.5579058, 11.5531484], [124.55791120000002, 11.5535842], [124.55738470000001, 11.5542202], [124.55735719999998, 11.5546683], [124.5569012, 11.5556739], [124.55712649999998, 11.5563348], [124.5570748, 11.5564804], [124.55645019999999, 11.5571022], [124.55631630000002, 11.557581], [124.5556213, 11.5579469], [124.5538712, 11.5599706], [124.55386210000002, 11.5615477], [124.55345959999998, 11.5632031], [124.55392970000001, 11.5639893], [124.5539712, 11.5650341], [124.5538104, 11.5660387], [124.55484530000001, 11.5681721], [124.5547114, 11.569109], [124.5548553, 11.5698017], [124.5547935, 11.5706435], [124.55568669999998, 11.5720836], [124.5569805, 11.5725622], [124.5577756, 11.5726304], [124.5588533, 11.5730363], [124.5601238, 11.5725937], [124.5606438, 11.5731266], [124.5614415, 11.5732316], [124.5628886, 11.5744533], [124.56390730000001, 11.5749491]]}}, {"type": "Feature", "properties": {"waterway": "ditch"}, "geometry": {"type": "LineString", "coordinates": [[124.5619983, 11.5567894], [124.56170030000001, 11.5580404], [124.5606318, 11.5598007], [124.560419, 11.5604424], [124.5593645, 11.5607939], [124.55935839999998, 11.5616929], [124.5589429, 11.5626556], [124.5589077, 11.5632524], [124.559263, 11.5646284], [124.5600504, 11.5663569], [124.5604889, 11.5665338], [124.56070939999998, 11.5664791], [124.56104770000002, 11.5667113], [124.5617628, 11.5668497], [124.56228950000002, 11.5671329], [124.56266280000001, 11.5668655]]}}, {"type": "Feature", "properties": {"waterway": "stream"}, "geometry": {"type": "LineString", "coordinates": [[124.55224590000002, 11.5628344], [124.5523448, 11.5628919]]}}, {"type": "Feature", "properties": {"waterway": "stream"}, "geometry": {"type": "LineString", "coordinates": [[124.5406269, 11.5649553], [124.5405379, 11.5655711], [124.54091969999999, 11.5661979], [124.5406465, 11.5666743], [124.540679, 11.5673482]]}}, {"type": "Feature", "properties": {"waterway": "river"}, "geometry": {"type": "LineString", "coordinates": [[124.5313821, 11.546188], [124.5316611, 11.5463246], [124.5330129, 11.5478173], [124.53364590000001, 11.547975], [124.53478320000002, 11.5489105], [124.53508530000002, 11.5494035], [124.536467, 11.5500685], [124.5384615, 11.5500156], [124.5398085, 11.5506404], [124.54052220000001, 11.5506909], [124.5410959, 11.5506559], [124.54176759999999, 11.5501403], [124.54279450000001, 11.5505966], [124.5431156, 11.5502312], [124.54351640000002, 11.5501193], [124.5454743, 11.5512282]]}}, {"type": "Feature", "properties": {"waterway": "stream"}, "geometry": {"type": "LineString", "coordinates": [[124.5133901, 11.551061], [124.5135954, 11.5511442], [124.5137643, 11.551611], [124.51472630000002, 11.5522836], [124.5148711, 11.5529699], [124.5162534, 11.5544386], [124.51631409999999, 11.5546628], [124.5167298, 11.554919], [124.5173229, 11.5548], [124.51748629999999, 11.554951]]}}, {"type": "Feature", "properties": {"waterway": "stream"}, "geometry": {"type": "LineString", "coordinates": [[124.49566820000001, 11.5538022], [124.495158, 11.5540209], [124.49333559999998, 11.555333], [124.48961790000001, 11.5567727], [124.489217, 11.5574288], [124.48899710000002, 11.5584217]]}}, {"type": "Feature", "properties": {"waterway": "stream"}, "geometry": {"type": "LineString", "coordinates": [[124.51967190000002, 11.5545784], [124.51959870000002, 11.5552237], [124.520241, 11.556793], [124.5199971, 11.5575697], [124.5204845, 11.5581766]]}}, {"type": "Feature", "properties": {"waterway": "river"}, "geometry": {"type": "LineString", "coordinates": [[124.51748629999999, 11.554951], [124.5177105, 11.5564426], [124.518014, 11.5572158], [124.5186211, 11.5578197], [124.51904610000001, 11.5573439], [124.519429, 11.5578746], [124.5196812, 11.5580211], [124.5204845, 11.5581766], [124.5205638, 11.558323], [124.52046580000001, 11.5592747], [124.52099350000002, 11.5594943], [124.5211803, 11.5597185], [124.5211383, 11.5605329]]}}, {"type": "Feature", "properties": {"waterway": "stream"}, "geometry": {"type": "LineString", "coordinates": [[124.507933, 11.557693], [124.50844330000001, 11.5577932], [124.50925429999998, 11.5585587], [124.51000139999998, 11.5588685], [124.5104388, 11.5588867], [124.5106848, 11.5591145], [124.51247079999999, 11.5592876], [124.5133, 11.5589505], [124.5144937, 11.5591509], [124.5147579, 11.5593605], [124.51504040000002, 11.5601533], [124.5168081, 11.561438], [124.51743680000001, 11.5612376], [124.5179289, 11.5606362], [124.5188948, 11.5600712], [124.5195873, 11.5601259], [124.5211383, 11.5605329]]}}, {"type": "Feature", "properties": {"waterway": "stream"}, "geometry": {"type": "LineString", "coordinates": [[124.52807050000001, 11.5597614], [124.5305308, 11.5597797], [124.5320227, 11.560824], [124.53320990000002, 11.5611415], [124.5347304, 11.5622276], [124.5357988, 11.5624531], [124.5368671, 11.5629222], [124.53763920000002, 11.5630694], [124.53986540000001, 11.5638725], [124.5402495, 11.5647425], [124.5406269, 11.5649553]]}}, {"type": "Feature", "properties": {"waterway": "stream"}, "geometry": {"type": "LineString", "coordinates": [[124.5351119, 11.5599575], [124.536054, 11.5603023], [124.53636059999998, 11.5605336], [124.5367918, 11.561389], [124.5373282, 11.5616973], [124.5374401, 11.5618854], [124.5378518, 11.5619746], [124.5384576, 11.5618009], [124.5398028, 11.5626605], [124.5401679, 11.5634675], [124.5404283, 11.5637117], [124.54074150000001, 11.564571], [124.5406269, 11.5649553]]}}, {"type": "Feature", "properties": {"waterway": "stream"}, "geometry": {"type": "LineString", "coordinates": [[124.49891659999999, 11.5646441], [124.4980199, 11.5652022], [124.4975669, 11.5652114], [124.49741280000002, 11.5655408], [124.4971607, 11.5656781], [124.496759, 11.5653349], [124.4963621, 11.5652617], [124.4957456, 11.5647539], [124.4951759, 11.5648042], [124.49462479999998, 11.565582], [124.49404110000002, 11.5656689], [124.4936722, 11.5658885], [124.49369080000001, 11.566163], [124.49345730000002, 11.5666892], [124.49349, 11.5670415], [124.4938263, 11.5674578], [124.4938169, 11.56765], [124.4935928, 11.5681349], [124.4930557, 11.5684415]]}}, {"type": "Feature", "properties": {"waterway": "river"}, "geometry": {"type": "LineString", "coordinates": [[124.5211383, 11.5605329], [124.5213858, 11.5613153], [124.5218808, 11.5613336], [124.5224926, 11.5616126], [124.5232724, 11.5610636], [124.5235013, 11.5610865], [124.5251498, 11.561814], [124.5252619, 11.5619878], [124.5252385, 11.5623584], [124.52594370000001, 11.5624957], [124.5261445, 11.5636806], [124.5265508, 11.5638362], [124.52692440000001, 11.56428], [124.5272419, 11.5650029], [124.52794240000001, 11.5654375], [124.5284888, 11.5653735], [124.52894180000001, 11.5654695], [124.5290726, 11.5658035], [124.52886710000001, 11.5662062], [124.52896049999998, 11.5670571], [124.52886710000001, 11.5676244], [124.52895119999998, 11.5682101], [124.5294228, 11.5689009], [124.5303335, 11.5691114], [124.53087520000001, 11.5694225], [124.5314263, 11.5694408], [124.5320287, 11.5699898], [124.5324957, 11.5698388], [124.5327619, 11.5692989], [124.5330141, 11.5691754], [124.533369, 11.5687271], [124.5338033, 11.5685807], [124.5341208, 11.569029], [124.53466260000002, 11.569148], [124.5348212, 11.56962], [124.5353091, 11.5699705], [124.53560990000001, 11.5697713], [124.5362523, 11.5697554], [124.5371142, 11.5692695], [124.5380492, 11.5693491], [124.53838260000002, 11.5690624], [124.5385371, 11.56868], [124.53935720000001, 11.5676919], [124.540679, 11.5673482], [124.541199, 11.5675937], [124.54188819999999, 11.5683056], [124.5427214, 11.5682136], [124.54322879999998, 11.5688212], [124.5439054, 11.5692876], [124.54436279999999, 11.5693613], [124.5447637, 11.5692754], [124.545221, 11.5690667], [124.54550920000001, 11.5686371], [124.5459666, 11.5687291], [124.5462798, 11.56957], [124.54630489999998, 11.5700057], [124.546806, 11.5710859], [124.5469627, 11.571982], [124.54795880000002, 11.5725405], [124.54851630000002, 11.5732218], [124.5493433, 11.574615]]}}, {"type": "Feature", "properties": {"waterway": "stream"}, "geometry": {"type": "LineString", "coordinates": [[124.5616757, 11.5654161], [124.5620298, 11.5654043], [124.56250280000002, 11.5658668], [124.56236780000002, 11.5667025], [124.5623919, 11.5668444], [124.56266280000001, 11.5668655]]}}, {"type": "Feature", "properties": {"waterway": "river"}, "geometry": {"type": "LineString", "coordinates": [[124.547803, 11.566318], [124.54773870000001, 11.5667326], [124.5480487, 11.5669931]]}}, {"type": "Feature", "properties": {"waterway": "stream"}, "geometry": {"type": "LineString", "coordinates": [[124.5523448, 11.5628919], [124.55226240000002, 11.5635342], [124.5524869, 11.5639027], [124.552413, 11.564142], [124.55256960000001, 11.5645272], [124.5528243, 11.5647442], [124.5527002, 11.5652732], [124.55301340000001, 11.5661544], [124.55283780000002, 11.5664654], [124.5523196, 11.566774], [124.55212860000002, 11.567117], [124.552072, 11.568161], [124.55294830000001, 11.5689014], [124.5538154, 11.5706831], [124.5541674, 11.5708098], [124.5547935, 11.5706435]]}}, {"type": "Feature", "properties": {"waterway": "stream"}, "geometry": {"type": "LineString", "coordinates": [[124.5479912, 11.5666051], [124.5483197, 11.5666539], [124.5489641, 11.5670073], [124.5493636, 11.566985], [124.5498596, 11.5678951], [124.55117210000002, 11.5688429], [124.55200710000001, 11.5691024], [124.55232750000002, 11.5693832], [124.55272650000002, 11.5693228], [124.5532626, 11.5695311]]}}, {"type": "Feature", "properties": {"waterway": "river"}, "geometry": {"type": "LineString", "coordinates": [[124.5454743, 11.5512282], [124.5457382, 11.551797], [124.54577470000001, 11.5528643], [124.54539879999999, 11.5532676], [124.54528269999999, 11.5540747], [124.545633, 11.5580204], [124.54538490000002, 11.5598085], [124.54577470000001, 11.5606591], [124.5451595, 11.5617282], [124.5452153, 11.5623819], [124.54534320000002, 11.5629529], [124.54634170000001, 11.5637665], [124.5468202, 11.5652074], [124.5474357, 11.5657575], [124.5479912, 11.5666051], [124.5479061, 11.5667962], [124.5480709, 11.5671433], [124.5484696, 11.567586], [124.54958590000001, 11.5695736], [124.54939990000001, 11.5706846], [124.5498074, 11.5711013], [124.55007319999999, 11.5718477], [124.5504896, 11.5724119], [124.5513845, 11.5728198], [124.5522527, 11.5730368], [124.5533336, 11.5736531], [124.5538115, 11.5741984], [124.554028, 11.5749849], [124.5544914, 11.5754998], [124.5557524, 11.5758664], [124.5568421, 11.5768038], [124.55864069999998, 11.5778193], [124.559252, 11.5784269], [124.5597038, 11.5792774], [124.56009370000001, 11.5796507], [124.5607847, 11.5796507], [124.5611834, 11.5800152], [124.5613872, 11.5809179], [124.5637548, 11.5821332], [124.56399490000001, 11.5826656], [124.56419710000002, 11.5838045], [124.56461410000001, 11.5845349], [124.56577679999998, 11.5847082], [124.56647180000002, 11.585352], [124.5669435, 11.585352]]}}, {"type": "Feature", "properties": {"waterway": "stream"}, "geometry": {"type": "LineString", "coordinates": [[124.57232389999999, 11.5665024], [124.5717434, 11.5670824], [124.5717281, 11.5675577], [124.5718761, 11.5678121], [124.5717388, 11.5682752], [124.5719102, 11.5684918], [124.5718819, 11.5687705], [124.5720014, 11.5689476], [124.5719202, 11.5699029], [124.57223140000002, 11.5700536], [124.5723863, 11.5703272], [124.5726009, 11.5714565], [124.57352570000002, 11.5721934], [124.5742616, 11.5721179], [124.5750585, 11.5725629], [124.5759052, 11.5722937], [124.576432, 11.5730181], [124.577726, 11.5723212], [124.57815450000001, 11.5723307], [124.5781687, 11.5725577], [124.5784994, 11.5730338], [124.5784961, 11.5740021], [124.578824, 11.5745771], [124.57880280000002, 11.5747815], [124.5790807, 11.5750044], [124.57899360000002, 11.5752644]]}}, {"type": "Feature", "properties": {"waterway": "river"}, "geometry": {"type": "LineString", "coordinates": [[124.56266280000001, 11.5668655], [124.5630383, 11.5670389], [124.5642614, 11.5668576], [124.5645779, 11.5670336], [124.5651734, 11.5667998], [124.5657098, 11.5670074], [124.566308, 11.567504], [124.5672172, 11.5675329], [124.56735939999999, 11.5679744], [124.5676491, 11.5681951], [124.56749350000001, 11.5686024], [124.56784750000001, 11.5685525], [124.5680541, 11.5686838], [124.56824989999998, 11.5694669], [124.5681426, 11.5697638], [124.56788779999998, 11.5696088], [124.5676196, 11.5696482], [124.56737010000002, 11.5698781], [124.5673567, 11.570091], [124.5679226, 11.5702776], [124.5683169, 11.5708294], [124.56857170000002, 11.570987], [124.5686415, 11.5715678], [124.56880510000002, 11.5715704], [124.5690894, 11.5711736], [124.5694005, 11.5711683], [124.5694971, 11.5713444], [124.5693576, 11.5718463], [124.5694381, 11.5720223], [124.56969830000001, 11.5720539], [124.56980549999999, 11.5718699], [124.5700121, 11.5718647], [124.57008180000001, 11.5723114], [124.5705002, 11.5719777], [124.5706236, 11.5725978], [124.57197010000002, 11.5730235], [124.5721203, 11.5732521], [124.5718977, 11.5734886], [124.57195129999998, 11.5735911], [124.5735821, 11.5737041], [124.5740166, 11.57362], [124.5748427, 11.5739695], [124.57567960000002, 11.5739458], [124.5764923, 11.5746395], [124.57691069999998, 11.5748208], [124.5778575, 11.5747683], [124.57879089999999, 11.5752334], [124.5801991, 11.57537], [124.5821445, 11.5751578]]}}, {"type": "Feature", "properties": {"waterway": "ditch"}, "geometry": {"type": "LineString", "coordinates": [[124.57785960000001, 11.5703429], [124.5777543, 11.5712673], [124.57817289999998, 11.5717726], [124.5778019, 11.5719709], [124.577726, 11.5723212]]}}, {"type": "Feature", "properties": {"waterway": "stream"}, "geometry": {"type": "LineString", "coordinates": [[124.55117210000002, 11.5688429], [124.55162460000001, 11.5693188], [124.55160330000001, 11.5697599], [124.55183409999998, 11.5702459], [124.5527222, 11.5710685], [124.55297530000001, 11.5716631], [124.55313520000001, 11.5728084], [124.55351539999998, 11.5732929], [124.5543895, 11.5739224], [124.5553452, 11.5752647], [124.5558945, 11.575406], [124.5563603, 11.575321], [124.55669889999999, 11.5757662], [124.5572475, 11.5761803], [124.5574116, 11.5766639], [124.5578183, 11.5768937], [124.5581869, 11.5768633]]}}, {"type": "Feature", "properties": {"waterway": "stream"}, "geometry": {"type": "LineString", "coordinates": [[124.5670466, 11.5737662], [124.56715920000002, 11.5735864], [124.56769240000001, 11.5738494], [124.5683925, 11.5737212], [124.5685562, 11.5727661], [124.5691113, 11.5724461], [124.56947669999998, 11.572432], [124.56972420000001, 11.572848], [124.5706236, 11.5725978]]}}, {"type": "Feature", "properties": {"waterway": "river"}, "geometry": {"type": "LineString", "coordinates": [[124.4930557, 11.5684415], [124.49227580000002, 11.5692192], [124.4917248, 11.5692696], [124.4915286, 11.5699055], [124.49087020000002, 11.5705186], [124.49051520000002, 11.5711499], [124.4888854, 11.5724904], [124.48768519999999, 11.572495], [124.487405, 11.5723349], [124.4871902, 11.5718819], [124.4870501, 11.5718545], [124.4867045, 11.5721061], [124.4858359, 11.5720375], [124.48507, 11.5726963], [124.48458439999999, 11.572495], [124.4839212, 11.5724904], [124.48338060000002, 11.5723347], [124.48266910000001, 11.5726692], [124.48153470000001, 11.5723314], [124.481081, 11.5718468], [124.48050470000001, 11.571749], [124.48009630000001, 11.5714334], [124.47977869999998, 11.571469], [124.4796063, 11.5712067], [124.47844110000001, 11.5707609], [124.47820739999999, 11.5705342], [124.4769104, 11.5699336], [124.4765832, 11.5702227], [124.476134, 11.5703673], [124.4751586, 11.5702542], [124.4747479, 11.5695878], [124.47415109999999, 11.5693175], [124.4735158, 11.5693866], [124.4732463, 11.5697512], [124.47241360000001, 11.5696864], [124.47170619999999, 11.5691414], [124.47160350000001, 11.5686951], [124.47043, 11.567834], [124.4700733, 11.5677067], [124.4683616, 11.568576]]}}, {"type": "Feature", "properties": {"waterway": "stream"}, "geometry": {"type": "LineString", "coordinates": [[124.488344, 11.5706563], [124.4882449, 11.571029], [124.4871902, 11.5718819]]}}, {"type": "Feature", "properties": {"waterway": "stream"}, "geometry": {"type": "LineString", "coordinates": [[124.47221430000002, 11.5781103], [124.4717154, 11.5770645], [124.4711441, 11.5769935], [124.4709966, 11.5767413], [124.470503, 11.5766572], [124.4702589, 11.5764023], [124.47014360000001, 11.5757165], [124.4698754, 11.5753906], [124.4698459, 11.5746313], [124.4694275, 11.5741478], [124.4694918, 11.5735539], [124.46929339999998, 11.5733963], [124.46875690000002, 11.5734646], [124.46858520000002, 11.5733279], [124.4684726, 11.5717671], [124.4680756, 11.5713309], [124.468258, 11.570942], [124.4682044, 11.5708001], [124.46809170000002, 11.5707002], [124.4674694, 11.570695], [124.4674587, 11.5702746], [124.466595, 11.5694179], [124.4663617, 11.5685035], [124.46588689999999, 11.5681461], [124.4655605, 11.5674567]]}}, {"type": "Feature", "properties": {"waterway": "river"}, "geometry": {"type": "LineString", "coordinates": [[124.4581975, 11.5770034], [124.4578213, 11.5768382], [124.4582841, 11.5758982], [124.4580398, 11.5756063], [124.4573147, 11.5761006], [124.45692330000001, 11.5762116], [124.4557287, 11.5752591], [124.455393, 11.5751907], [124.4549687, 11.5761983], [124.45461760000002, 11.5763909], [124.4543521, 11.5761684], [124.453667, 11.5749193], [124.453402, 11.5748315], [124.45317210000002, 11.5748964], [124.4527239, 11.5754385], [124.4521549, 11.5754118], [124.4516872, 11.5757363], [124.4512975, 11.5756829], [124.4509, 11.5748162], [124.45043620000001, 11.5743466], [124.4499491, 11.5744458], [124.4496139, 11.5738846], [124.4494892, 11.5728499], [124.4492125, 11.5720443], [124.4492554, 11.5715747], [124.4496256, 11.5708989], [124.44966070000001, 11.5705935], [124.4493333, 11.5702689], [124.44860450000002, 11.5700017], [124.44806669999998, 11.5692037]]}}, {"type": "Feature", "properties": {"waterway": "river"}, "geometry": {"type": "LineString", "coordinates": [[124.4783966, 11.5782835], [124.47710389999999, 11.5776425], [124.476884, 11.5774166], [124.4766426, 11.57687], [124.47597210000002, 11.5762709], [124.47582180000002, 11.5758295], [124.4750923, 11.575367], [124.47416420000002, 11.5733752], [124.4727749, 11.5720824], [124.47216330000002, 11.5718669], [124.4717824, 11.5715464], [124.4716912, 11.570695], [124.4715089, 11.5704585], [124.4708168, 11.5702746], [124.46978150000001, 11.5706424], [124.4690895, 11.5706162], [124.4690278, 11.5697753], [124.4692397, 11.569213], [124.4683616, 11.568576]]}}, {"type": "Feature", "properties": {"waterway": "stream"}, "geometry": {"type": "LineString", "coordinates": [[124.48706170000001, 11.5772807], [124.4861633, 11.577014], [124.48565510000002, 11.5772007], [124.4854327, 11.5771118], [124.4853556, 11.5766184], [124.4850697, 11.5765651], [124.4849518, 11.576814], [124.4845389, 11.5768496], [124.48408960000002, 11.5771429], [124.48314130000001, 11.5770274], [124.4826149, 11.5768273], [124.4823109, 11.5764184], [124.4819162, 11.5762272], [124.481898, 11.5763695], [124.4816212, 11.5764406], [124.48129, 11.5760894], [124.48065469999999, 11.576125], [124.4802645, 11.5763784], [124.47999220000001, 11.5762494], [124.4799287, 11.5759472], [124.47915730000001, 11.5756538], [124.47907570000001, 11.5754893], [124.47932979999999, 11.5753826], [124.4792844, 11.5751648], [124.47899850000002, 11.5750314], [124.4787353, 11.5742046], [124.47853569999998, 11.5741379], [124.47810920000002, 11.5746314], [124.47785960000002, 11.5743558], [124.47794130000001, 11.5736401], [124.4773423, 11.5734], [124.47728789999998, 11.5729822], [124.4768976, 11.5727999], [124.4767797, 11.5726088], [124.47691579999999, 11.5722798], [124.47677510000001, 11.5718442], [124.4763032, 11.5717108], [124.47582220000001, 11.5712752], [124.4751961, 11.5709996], [124.4752823, 11.570595], [124.4746515, 11.5709151], [124.4744428, 11.5709062], [124.47423410000002, 11.5707373], [124.4742704, 11.5704395], [124.47398450000001, 11.570235], [124.473744, 11.5702394], [124.4732463, 11.5697512]]}}, {"type": "Feature", "properties": {"waterway": "stream"}, "geometry": {"type": "LineString", "coordinates": [[124.459567, 11.5793133], [124.4596008, 11.5790467], [124.4598277, 11.5787805]]}}, {"type": "Feature", "properties": {"waterway": "stream"}, "geometry": {"type": "LineString", "coordinates": [[124.4596183, 11.5795422], [124.459567, 11.5793133]]}}, {"type": "Feature", "properties": {"waterway": "river"}, "geometry": {"type": "LineString", "coordinates": [[124.46288240000001, 11.5829155], [124.46234210000001, 11.5829284], [124.4618526, 11.5821547], [124.4607798, 11.5818316], [124.46067249999999, 11.5814385], [124.4611195, 11.5808255], [124.4611294, 11.5803603], [124.4604262, 11.5796675], [124.45973040000001, 11.5786171], [124.4596171, 11.5782239], [124.4596291, 11.5773773], [124.4591165, 11.5770231], [124.4581975, 11.5770034]]}}, {"type": "Feature", "properties": {"waterway": "river"}, "geometry": {"type": "LineString", "coordinates": [[124.4823441, 11.5823931], [124.4813506, 11.5822494], [124.48114070000001, 11.5819571], [124.4812909, 11.5816654], [124.48189710000001, 11.5811346], [124.4818729, 11.5809323], [124.4810012, 11.5807221], [124.4808, 11.5808929], [124.4798532, 11.5807011], [124.479357, 11.5807431], [124.47877230000002, 11.5802229], [124.478606, 11.5800232], [124.47863550000001, 11.5793163], [124.4781902, 11.5786778], [124.4783966, 11.5782835]]}}, {"type": "Feature", "properties": {"waterway": "stream"}, "geometry": {"type": "LineString", "coordinates": [[124.5119058, 11.5663039], [124.5128717, 11.5673973], [124.51345489999999, 11.569001], [124.514439, 11.5700945], [124.5153427, 11.5708487]]}}, {"type": "Feature", "properties": {"waterway": "stream"}, "geometry": {"type": "LineString", "coordinates": [[124.5212548, 11.5649006], [124.52229350000002, 11.5658847], [124.52462620000001, 11.5669235], [124.5254098, 11.5679258], [124.5260294, 11.5694748], [124.5261752, 11.5699487], [124.5260841, 11.5710421], [124.525829, 11.5713884], [124.52448040000002, 11.5722813], [124.52399130000002, 11.5737451]]}}, {"type": "Feature", "properties": {"waterway": "river"}, "geometry": {"type": "LineString", "coordinates": [[124.5153427, 11.5708487], [124.5157537, 11.5712467], [124.5160619, 11.5712833], [124.5166276, 11.5717306], [124.51767590000001, 11.5719674]]}}, {"type": "Feature", "properties": {"waterway": "river"}, "geometry": {"type": "LineString", "coordinates": [[124.51767590000001, 11.5719674], [124.51776710000001, 11.5719804]]}}, {"type": "Feature", "properties": {"waterway": "river"}, "geometry": {"type": "LineString", "coordinates": [[124.51776710000001, 11.5719804], [124.51814730000001, 11.5720647], [124.5193018, 11.5729409], [124.5197003, 11.5727617], [124.5204768, 11.5720886], [124.52097679999999, 11.5719293], [124.521172, 11.5725267], [124.5214809, 11.5725307], [124.5219932, 11.5727657], [124.5223144, 11.5731361], [124.5228751, 11.5731095], [124.52399130000002, 11.5737451], [124.5252679, 11.5749821], [124.52650620000001, 11.5759047], [124.52797810000001, 11.5762567], [124.5288711, 11.5766633], [124.52981279999999, 11.5773091], [124.5299, 11.5777602], [124.5306221, 11.5779755], [124.5317412, 11.5776459], [124.53199180000001, 11.5776958], [124.53268289999998, 11.5782065], [124.5335445, 11.5783671], [124.53487690000001, 11.5793615], [124.5359163, 11.5794093], [124.5369976, 11.5796451], [124.5381312, 11.5793136], [124.5384591, 11.5789446], [124.53880090000001, 11.5788181], [124.53921949999999, 11.5797066], [124.53985079999998, 11.5798023], [124.54076120000002, 11.5806428], [124.5410158, 11.580718], [124.5426168, 11.5805608], [124.5428436, 11.5800995], [124.5426622, 11.5795357], [124.5429935, 11.5794605], [124.54327960000002, 11.5795221], [124.5442702, 11.5801542], [124.5452538, 11.5798603], [124.5459584, 11.5807248], [124.5470466, 11.5809538], [124.5476954, 11.5813912], [124.5480861, 11.5815073], [124.548843, 11.581562], [124.5492092, 11.5820233], [124.5494604, 11.5820985], [124.5505626, 11.5816987], [124.5508486, 11.5817773], [124.5525467, 11.5830017], [124.5534452, 11.5829284], [124.554087, 11.5831065], [124.5545683, 11.5838819], [124.5545897, 11.5843011], [124.5551139, 11.5845002], [124.5560765, 11.5851813], [124.5561728, 11.5855899], [124.5563333, 11.5856528], [124.5567397, 11.5854223], [124.5569852, 11.5854745], [124.5571141, 11.5860615], [124.55791630000002, 11.5867426], [124.5585688, 11.5870255], [124.5588664, 11.5874134], [124.558808, 11.5877063], [124.55944590000001, 11.5883982], [124.5595316, 11.5886951], [124.55981670000001, 11.5888435], [124.56028, 11.5887068], [124.5605193, 11.5887671]]}}, {"type": "Feature", "properties": {"waterway": "stream"}, "geometry": {"type": "LineString", "coordinates": [[124.49611070000002, 11.5869454], [124.4959552, 11.5867457], [124.4959337, 11.5863043], [124.49551529999998, 11.5851902], [124.49452290000002, 11.5844492], [124.49453620000001, 11.5839035], [124.4941959, 11.5831529]]}}, {"type": "Feature", "properties": {"waterway": "stream"}, "geometry": {"type": "LineString", "coordinates": [[124.5045251, 11.5856031], [124.509719, 11.5860769], [124.51024750000002, 11.5858764], [124.5105937, 11.5854573], [124.5117236, 11.5857124], [124.5121083, 11.5864184]]}}, {"type": "Feature", "properties": {"waterway": "river"}, "geometry": {"type": "LineString", "coordinates": [[124.5261609, 11.5869735], [124.526454, 11.586412], [124.5267536, 11.5861823], [124.5272942, 11.5862908], [124.5277762, 11.5858505], [124.52849269999999, 11.5856463], [124.5290854, 11.5858186], [124.5295413, 11.5857293], [124.5299191, 11.5860228], [124.53067470000002, 11.5853465], [124.53165169999998, 11.585021]]}}, {"type": "Feature", "properties": {"waterway": "river"}, "geometry": {"type": "LineString", "coordinates": [[124.5207975, 11.5889174], [124.5211257, 11.588929], [124.5214381, 11.5887392], [124.5221419, 11.5890375], [124.522569, 11.5890491], [124.52428120000002, 11.587949], [124.5252817, 11.5876313], [124.5259639, 11.5876155], [124.5260696, 11.5875518], [124.5261609, 11.5869735]]}}, {"type": "Feature", "properties": {"waterway": "stream"}, "geometry": {"type": "LineString", "coordinates": [[124.4994406, 11.5907423], [124.498329, 11.5895941], [124.4981832, 11.5889563], [124.4974178, 11.588446], [124.49611070000002, 11.5869454]]}}, {"type": "Feature", "properties": {"waterway": "river"}, "geometry": {"type": "LineString", "coordinates": [[124.5493433, 11.574615], [124.54974420000002, 11.5749771], [124.55062760000001, 11.5750569], [124.55135429999999, 11.5740442], [124.5517552, 11.5748114], [124.5525571, 11.5746518], [124.554028, 11.5749849]]}}, {"type": "Feature", "properties": {"waterway": "river"}, "geometry": {"type": "LineString", "coordinates": [[124.56390730000001, 11.5749491], [124.5639895, 11.5750435]]}}, {"type": "Feature", "properties": {"waterway": "stream"}, "geometry": {"type": "LineString", "coordinates": [[124.5424311, 11.5753976], [124.54312360000002, 11.5754432], [124.54529220000002, 11.5769011], [124.5471875, 11.5770105], [124.5480896, 11.5768738], [124.54876389999998, 11.5764546], [124.54878210000001, 11.5752518], [124.5493433, 11.574615]]}}, {"type": "Feature", "properties": {"waterway": "stream"}, "geometry": {"type": "LineString", "coordinates": [[124.5583323, 11.5768033], [124.5589975, 11.5767179]]}}, {"type": "Feature", "properties": {"waterway": "stream"}, "geometry": {"type": "LineString", "coordinates": [[124.5581869, 11.5768633], [124.5583323, 11.5768033]]}}, {"type": "Feature", "properties": {"waterway": "river"}, "geometry": {"type": "LineString", "coordinates": [[124.5639895, 11.5750435], [124.5647978, 11.5750699], [124.5662814, 11.5755701], [124.5663688, 11.5756576], [124.5656366, 11.5764121], [124.56577460000001, 11.5768598], [124.5662194, 11.5772004], [124.5673321, 11.5772549], [124.5676659, 11.5769203], [124.5679656, 11.5761846], [124.5683196, 11.5760795], [124.568994, 11.5769277], [124.5702133, 11.5775299], [124.570677, 11.5783619], [124.5716131, 11.578422], [124.5723468, 11.5782714], [124.5728365, 11.5785021], [124.57347620000002, 11.5790713], [124.57395779999999, 11.579102], [124.57469790000002, 11.579406], [124.57513239999999, 11.5799158], [124.5752603, 11.5811275], [124.5756802, 11.5816338], [124.57624330000002, 11.5819183], [124.5764127, 11.5818703], [124.57704590000002, 11.5804842], [124.57731689999999, 11.5803991], [124.5775377, 11.5806133], [124.5775664, 11.5810518], [124.5772455, 11.5810153], [124.5772408, 11.5813793], [124.5777596, 11.5819297], [124.5781948, 11.5819756], [124.57903140000002, 11.5811679], [124.5792153, 11.5812849], [124.5792714, 11.5816322], [124.57955980000001, 11.5819805]]}}, {"type": "Feature", "properties": {"waterway": "stream"}, "geometry": {"type": "LineString", "coordinates": [[124.5589975, 11.5767179], [124.5599179, 11.5768602], [124.5603591, 11.5767483], [124.56085710000002, 11.576909], [124.5608687, 11.5771789], [124.56157690000002, 11.5777675], [124.5616057, 11.578052], [124.56212660000001, 11.5789013], [124.5622182, 11.5795283], [124.5623122, 11.5796303], [124.5628789, 11.5796436], [124.5630919, 11.5798501], [124.5630986, 11.580135], [124.5626143, 11.5803171], [124.5626468, 11.5805787], [124.5636527, 11.5817317], [124.5637548, 11.5821332]]}}, {"type": "Feature", "properties": {"waterway": "stream"}, "geometry": {"type": "LineString", "coordinates": [[124.5647779, 11.5878868], [124.5655924, 11.587365], [124.56657360000001, 11.5876383], [124.56731940000002, 11.5875138]]}}, {"type": "Feature", "properties": {"waterway": "river"}, "geometry": {"type": "LineString", "coordinates": [[124.5676774, 11.5863791], [124.56792810000002, 11.5867761], [124.5683359, 11.5869219], [124.5685371, 11.5871332], [124.5694081, 11.5885641], [124.5701827, 11.5890592]]}}, {"type": "Feature", "properties": {"waterway": "river"}, "geometry": {"type": "LineString", "coordinates": [[124.5669435, 11.585352], [124.5671587, 11.5854197], [124.567637, 11.5860267], [124.56769830000002, 11.586907], [124.56731940000002, 11.5875138], [124.567626, 11.5884169], [124.56818590000002, 11.588884], [124.5687394, 11.5889632], [124.5688926, 11.5891489], [124.569312, 11.5890988], [124.5698059, 11.5892969], [124.5700018, 11.5890592], [124.570336, 11.5890863], [124.57064040000002, 11.5894554], [124.5705654, 11.5905387], [124.5710273, 11.5909683], [124.5715066, 11.591852]]}}, {"type": "Feature", "properties": {"waterway": "stream"}, "geometry": {"type": "LineString", "coordinates": [[124.54711460000001, 11.5913437], [124.54855430000002, 11.5895577], [124.5491612, 11.589123]]}}, {"type": "Feature", "properties": {"waterway": "river"}, "geometry": {"type": "LineString", "coordinates": [[124.5605193, 11.5887671], [124.56093280000002, 11.5887916], [124.5620855, 11.589614], [124.56572030000001, 11.5916052], [124.566566, 11.5914481], [124.56776230000001, 11.5908588], [124.5679988, 11.5908654], [124.56858010000002, 11.5913885], [124.5688842, 11.5918917], [124.5691208, 11.5919976], [124.570824, 11.591799], [124.5715066, 11.591852], [124.5737843, 11.5927921], [124.57433850000001, 11.5927259], [124.57469670000002, 11.5924015], [124.5742709, 11.5911899], [124.57411550000002, 11.5901239], [124.5744872, 11.5893095], [124.57536589999998, 11.5891771], [124.57608230000001, 11.589475], [124.5763188, 11.5898061], [124.57657210000002, 11.5910233]]}}, {"type": "Feature", "properties": {"waterway": "stream"}, "geometry": {"type": "LineString", "coordinates": [[124.54039, 11.5949885], [124.54166559999999, 11.5937674], [124.5436885, 11.5908698], [124.54456329999998, 11.5889199], [124.5460601, 11.5872267]]}}, {"type": "Feature", "properties": {"waterway": "stream"}, "geometry": {"type": "LineString", "coordinates": [[124.56390490000001, 11.5920447], [124.56433120000001, 11.5916769], [124.56490420000002, 11.5918429], [124.565309, 11.5914605]]}}, {"type": "Feature", "properties": {"waterway": "stream"}, "geometry": {"type": "LineString", "coordinates": [[124.5638376, 11.5921185], [124.56390490000001, 11.5920447]]}}, {"type": "Feature", "properties": {"waterway": "stream"}, "geometry": {"type": "LineString", "coordinates": [[124.56022390000001, 11.5947694], [124.5595669, 11.5943303], [124.5601236, 11.5942691], [124.5612174, 11.5935024], [124.5620185, 11.5940185], [124.56244829999999, 11.5936247], [124.56257030000002, 11.5929636], [124.5632281, 11.5927031], [124.5638376, 11.5921185]]}}, {"type": "Feature", "properties": {"waterway": "stream"}, "geometry": {"type": "LineString", "coordinates": [[124.5588875, 11.5942312], [124.5593987, 11.5939515]]}}, {"type": "Feature", "properties": {"waterway": "stream"}, "geometry": {"type": "LineString", "coordinates": [[124.5593987, 11.5939515], [124.5595669, 11.5943303]]}}, {"type": "Feature", "properties": {"waterway": "stream"}, "geometry": {"type": "LineString", "coordinates": [[124.5587755, 11.5942582], [124.5588875, 11.5942312]]}}, {"type": "Feature", "properties": {"waterway": "stream"}, "geometry": {"type": "LineString", "coordinates": [[124.5571931, 11.5950302], [124.5575994, 11.5946551], [124.5580056, 11.5946596], [124.55820620000001, 11.5942946], [124.5587755, 11.5942582]]}}, {"type": "Feature", "properties": {"waterway": "stream"}, "geometry": {"type": "LineString", "coordinates": [[124.4966941, 11.5822289], [124.496003, 11.5828044], [124.49512690000002, 11.5833022], [124.4946553, 11.5830513], [124.49381980000001, 11.5830971], [124.49347020000002, 11.582655], [124.49303720000002, 11.5824758], [124.49236439999999, 11.5819342], [124.49220380000001, 11.5814084], [124.49200250000001, 11.5811954], [124.49089270000002, 11.5807533], [124.4905654, 11.5808051], [124.4898926, 11.5804606], [124.4895819, 11.5800652], [124.4891629, 11.5799762], [124.4888487, 11.5797181], [124.4883218, 11.5797015], [124.4879336, 11.5794254], [124.4869529, 11.5791996], [124.4867504, 11.578992], [124.4860973, 11.5788409], [124.4853187, 11.5783447], [124.4841216, 11.579757], [124.4831466, 11.5793761], [124.4819017, 11.5793635], [124.4816065, 11.5791749], [124.4817862, 11.5788355], [124.4815552, 11.5784331], [124.4811445, 11.57832], [124.4798354, 11.5786469], [124.4793221, 11.578584], [124.4789756, 11.5782194], [124.4783966, 11.5782835]]}}, {"type": "Feature", "properties": {"waterway": "stream"}, "geometry": {"type": "LineString", "coordinates": [[124.48936449999998, 11.5852362], [124.48855229999998, 11.5850967], [124.48820269999999, 11.5848099], [124.4879953, 11.5843679], [124.4867919, 11.5835076], [124.48658049999999, 11.5830854], [124.485926, 11.5829341], [124.48543, 11.5824403], [124.4849096, 11.5823327], [124.48477550000001, 11.5821017], [124.48358680000001, 11.5819019], [124.4832636, 11.5821896], [124.4826776, 11.5821752], [124.4823441, 11.5823931]]}}, {"type": "Feature", "properties": {"waterway": "stream"}, "geometry": {"type": "LineString", "coordinates": [[124.48372660000001, 11.5852799], [124.4838567, 11.5849135], [124.4837957, 11.5846666], [124.48398880000002, 11.584342], [124.483793, 11.5839584], [124.48394320000001, 11.5837351], [124.4838038, 11.5833146], [124.483447, 11.5832095], [124.48334509999998, 11.5828338], [124.4831708, 11.5826709], [124.48273389999999, 11.5826541]]}}, {"type": "Feature", "properties": {"waterway": "stream"}, "geometry": {"type": "LineString", "coordinates": [[124.4677644, 11.5861449], [124.4672975, 11.5859956], [124.46737640000002, 11.5856922], [124.4671534, 11.5853436], [124.4675098, 11.5848767], [124.4672906, 11.5844188], [124.4664331, 11.5837583], [124.4654236, 11.5835624], [124.4646645, 11.5841516], [124.464363, 11.5841846], [124.46421540000001, 11.5840052], [124.46420010000001, 11.5836967], [124.4644361, 11.5830721], [124.4641997, 11.5827122], [124.4637245, 11.5825999], [124.4633032, 11.5826555], [124.46288240000001, 11.5829155]]}}, {"type": "Feature", "properties": {"waterway": "stream"}, "geometry": {"type": "LineString", "coordinates": [[124.46230580000001, 11.5867453], [124.462388, 11.5862345], [124.4626103, 11.5858345], [124.4629836, 11.5834551], [124.46288240000001, 11.5829155]]}}, {"type": "Feature", "properties": {"waterway": "stream"}, "geometry": {"type": "LineString", "coordinates": [[124.4800634, 11.5967219], [124.47956790000002, 11.5954475], [124.47958710000002, 11.592513], [124.47925650000002, 11.5917965], [124.479805, 11.5901639], [124.48085140000002, 11.5888103], [124.48108850000001, 11.5887011], [124.4810785, 11.5882783], [124.48162370000001, 11.5878302], [124.48153850000001, 11.5872851], [124.48169090000002, 11.5868352], [124.4822423, 11.5864477], [124.4825431, 11.5851539], [124.48242780000001, 11.5848859], [124.4825324, 11.5841344], [124.4827228, 11.583651], [124.48248309999998, 11.5832866], [124.4827594, 11.5827467], [124.4823441, 11.5823931]]}}, {"type": "Feature", "properties": {"waterway": "stream"}, "geometry": {"type": "LineString", "coordinates": [[124.4650371, 11.603218], [124.46443, 11.6027331], [124.4637202, 11.6025822], [124.46321120000002, 11.6020973], [124.4626087, 11.602079], [124.4615813, 11.6015163], [124.4612217, 11.6009994], [124.46119840000001, 11.600455], [124.4602037, 11.5996636], [124.4598301, 11.5992153], [124.4599702, 11.5982455], [124.45919960000002, 11.597143], [124.45884, 11.5971658], [124.45852720000002, 11.5968959], [124.4582843, 11.5969828], [124.45801810000002, 11.596809], [124.4583077, 11.5966031], [124.45825630000002, 11.5961137], [124.4592463, 11.5951438], [124.4596526, 11.5950615], [124.4598955, 11.594723], [124.4600589, 11.5940139], [124.4605586, 11.5936479], [124.46085750000002, 11.5929159], [124.4604045, 11.5923898], [124.4599468, 11.5914657], [124.4595592, 11.591173], [124.45958720000002, 11.5905645], [124.4594425, 11.5902351], [124.4594098, 11.5894849], [124.4590549, 11.5893019], [124.4590782, 11.5883961], [124.45868590000002, 11.5878379], [124.45894280000002, 11.5875772], [124.4591483, 11.5870465], [124.45884470000001, 11.5862413], [124.45919030000002, 11.5858479], [124.46006760000002, 11.583626], [124.4600199, 11.5823454], [124.4596246, 11.5814346], [124.4595928, 11.5809637], [124.45978350000001, 11.5800217], [124.4596183, 11.5795422]]}}, {"type": "Feature", "properties": {"waterway": "stream"}, "geometry": {"type": "LineString", "coordinates": [[124.4531243, 11.6006834], [124.4525594, 11.6008748], [124.451557, 11.6004648], [124.451065, 11.6005832], [124.450336, 11.6010662], [124.4494431, 11.6008566], [124.4492517, 11.6006561], [124.4488781, 11.6001094], [124.44873230000002, 11.5984692], [124.4478758, 11.5972573], [124.447566, 11.5963917], [124.44752950000002, 11.5950796], [124.4468553, 11.5941501], [124.4464999, 11.5914348], [124.4458438, 11.59056], [124.44548850000001, 11.5904507], [124.44450440000001, 11.590478], [124.444067, 11.590314], [124.44296860000001, 11.5893454]]}}, {"type": "Feature", "properties": {"waterway": "stream"}, "geometry": {"type": "LineString", "coordinates": [[124.4650837, 11.6091506], [124.4644076, 11.6096272], [124.46357360000002, 11.6092806], [124.4616148, 11.6091754], [124.460945, 11.6093672], [124.460111, 11.6090949], [124.45932749999999, 11.6095096], [124.4584366, 11.6090268], [124.45774150000001, 11.6089278], [124.45704009999999, 11.6090454], [124.4563261, 11.6085874], [124.4547212, 11.6093487], [124.454399, 11.6093053], [124.4535017, 11.6095343], [124.4528446, 11.609132], [124.4519853, 11.6089154], [124.4517199, 11.6086616], [124.4513787, 11.6077889], [124.45094269999998, 11.6076652], [124.4504119, 11.60717], [124.44978010000001, 11.6069905], [124.44827630000002, 11.6076652], [124.447973, 11.6083646], [124.4476128, 11.6085131], [124.4473285, 11.6085379], [124.4460963, 11.6079994], [124.4445925, 11.6084141], [124.4441439, 11.6083707], [124.4437837, 11.6080922], [124.44317710000001, 11.6082222], [124.4425735, 11.6081327], [124.4420195, 11.608299], [124.441251, 11.6082115]]}}, {"type": "Feature", "properties": {"waterway": "stream"}, "geometry": {"type": "LineString", "coordinates": [[124.4544918, 11.6123274], [124.4540523, 11.611023], [124.4539958, 11.6102265], [124.45377970000001, 11.6094539]]}}, {"type": "Feature", "properties": {"waterway": "stream"}, "geometry": {"type": "LineString", "coordinates": [[124.5322074, 11.5955898], [124.5335195, 11.5908152], [124.53408450000002, 11.5894848], [124.536922, 11.5845753]]}}, {"type": "Feature", "properties": {"waterway": "stream"}, "geometry": {"type": "LineString", "coordinates": [[124.5140805, 11.5931194], [124.5139342, 11.5928486], [124.5140724, 11.5923269], [124.51463750000002, 11.5922273], [124.5150115, 11.5913472], [124.5155563, 11.5912277], [124.5162596, 11.591395], [124.5172191, 11.5907379], [124.517341, 11.5903436], [124.51759310000001, 11.5901803], [124.5178695, 11.5900648], [124.51859730000001, 11.5900569], [124.518707, 11.589802], [124.5191624, 11.5895391], [124.5207975, 11.5889174]]}}, {"type": "Feature", "properties": {"waterway": "stream"}, "geometry": {"type": "LineString", "coordinates": [[124.4915802, 11.5990524], [124.4918775, 11.597423], [124.49204030000001, 11.5955716], [124.4919837, 11.5933805], [124.4925216, 11.5920353], [124.4919658, 11.5902275], [124.49163259999999, 11.5895542], [124.4910936, 11.5889156], [124.4911207, 11.5877613], [124.4913405, 11.5872176], [124.4910672, 11.586496], [124.4904138, 11.5861292], [124.4899404, 11.5855733], [124.48936449999998, 11.5852362]]}}, {"type": "Feature", "properties": {"waterway": "river"}, "geometry": {"type": "LineString", "coordinates": [[124.50504969999999, 11.6023898], [124.5044399, 11.6010995], [124.50447240000001, 11.6009243], [124.50504150000002, 11.6006455], [124.5051879, 11.5995862], [124.50614140000002, 11.5989075], [124.5063402, 11.5985471], [124.5060875, 11.5980855], [124.50610480000002, 11.5977062], [124.5063258, 11.5977233], [124.50650390000001, 11.5975321], [124.5064284, 11.597291], [124.5057048, 11.5964962], [124.50578860000002, 11.5963609], [124.5063573, 11.5961955], [124.50681920000001, 11.5951176], [124.5067269, 11.5942104], [124.506044, 11.5932622], [124.5060066, 11.5930331], [124.5066005, 11.5915209], [124.5066783, 11.590883], [124.50686240000002, 11.5907235], [124.5080798, 11.5904947], [124.50839130000001, 11.5902797], [124.5086603, 11.5899053], [124.50884430000002, 11.5892049], [124.509816, 11.5883572], [124.51084040000002, 11.5879429], [124.51109519999999, 11.587409], [124.5112297, 11.5865353], [124.5115058, 11.5863065], [124.513156, 11.5864723], [124.5132794, 11.5855712], [124.5136427, 11.5852848], [124.51451090000002, 11.5853108], [124.5152551, 11.5847033], [124.5152729, 11.584252], [124.5159374, 11.5835489], [124.5167282, 11.5837592], [124.5172119, 11.5834426], [124.5175614, 11.5829736], [124.5180313, 11.5829859], [124.51899609999998, 11.5834769], [124.5208755, 11.5837039], [124.5218027, 11.5830043], [124.52230190000002, 11.5829614], [124.5228919, 11.5832094], [124.5235193, 11.5831455], [124.5240267, 11.5837101], [124.5254506, 11.5840359], [124.5259312, 11.5839187], [124.5272633, 11.5829229], [124.5275203, 11.5829357], [124.5308021, 11.584751], [124.53165169999998, 11.585021], [124.53246140000002, 11.5850931], [124.53318590000002, 11.5850603], [124.5355872, 11.5837212], [124.5361491, 11.5843545], [124.536922, 11.5845753], [124.53770280000002, 11.584422], [124.5384483, 11.5837776], [124.5391437, 11.5837776], [124.5406661, 11.5841765], [124.5414429, 11.5845938], [124.54159950000002, 11.5856126], [124.541894, 11.5859379], [124.5431407, 11.5854101], [124.5443623, 11.5853119], [124.5452206, 11.5857415], [124.5460601, 11.5872267], [124.5473318, 11.587061], [124.5487289, 11.5864779], [124.5492489, 11.5867971], [124.5493992, 11.5874292], [124.54903590000002, 11.5883559], [124.54897920000002, 11.5888346], [124.5491612, 11.589123], [124.54996309999999, 11.5893072], [124.5515794, 11.5887671], [124.55276340000002, 11.5885523], [124.5534338, 11.5886996], [124.5544111, 11.5892458], [124.55518790000002, 11.5892826], [124.55781910000002, 11.5889389], [124.5587338, 11.5893931], [124.5594882, 11.5893341], [124.5605193, 11.5887671]]}}, {"type": "Feature", "properties": {"waterway": "stream"}, "geometry": {"type": "LineString", "coordinates": [[124.52428390000001, 11.5986144], [124.524472, 11.5972152], [124.5242687, 11.5963948], [124.5242524, 11.5955346], [124.5238011, 11.5952939], [124.5235409, 11.5947204], [124.52381730000002, 11.5940673], [124.5237035, 11.5924902], [124.5238905, 11.5918928], [124.52369539999998, 11.591399], [124.52382550000002, 11.5912476], [124.52369539999998, 11.5905308], [124.523549, 11.5904352], [124.5241182, 11.5898378], [124.5242727, 11.5893679], [124.52424829999998, 11.5883404], [124.5244868, 11.587918]]}}, {"type": "Feature", "properties": {"waterway": "stream"}, "geometry": {"type": "LineString", "coordinates": [[124.51294459999998, 11.598451], [124.512817, 11.5960637], [124.51294459999998, 11.5946057], [124.5131997, 11.594059], [124.5140805, 11.5931194]]}}, {"type": "Feature", "properties": {"waterway": "stream"}, "geometry": {"type": "LineString", "coordinates": [[124.52610230000002, 11.6067612], [124.5262117, 11.6050117], [124.5266308, 11.6038089], [124.5266855, 11.6030981], [124.5262299, 11.6014398], [124.5255738, 11.6001823], [124.52495420000001, 11.5990342], [124.52428390000001, 11.5986144]]}}, {"type": "Feature", "properties": {"waterway": "stream"}, "geometry": {"type": "LineString", "coordinates": [[124.4973563, 11.6044534], [124.4978863, 11.6039524], [124.49826220000001, 11.6037472], [124.4986072, 11.6037592], [124.4989338, 11.6031677], [124.5002957, 11.6028719], [124.5007208, 11.602546], [124.50109059999998, 11.6028297], [124.5017499, 11.6029866], [124.50317090000001, 11.6027467], [124.50399270000001, 11.60325], [124.504822, 11.603019], [124.50504969999999, 11.6023898]]}}, {"type": "Feature", "properties": {"waterway": "stream"}, "geometry": {"type": "LineString", "coordinates": [[124.503007, 11.6051596], [124.50329039999998, 11.6047009], [124.5049357, 11.6041033], [124.5051391, 11.6030832], [124.50504969999999, 11.6023898]]}}, {"type": "Feature", "properties": {"waterway": "stream"}, "geometry": {"type": "LineString", "coordinates": [[124.5228767, 11.6118457], [124.5221295, 11.6085289], [124.52234820000001, 11.6067612], [124.52220240000001, 11.6061233], [124.5221842, 11.6047201], [124.5232229, 11.6021505], [124.5236603, 11.6002734], [124.52367849999999, 11.5994169], [124.52428390000001, 11.5986144]]}}, {"type": "Feature", "properties": {"waterway": "stream"}, "geometry": {"type": "LineString", "coordinates": [[124.5595961, 11.5952041], [124.56022390000001, 11.5947694]]}}, {"type": "Feature", "properties": {"waterway": "ditch"}, "geometry": {"type": "LineString", "coordinates": [[124.5625092, 11.5933051], [124.56273260000002, 11.5932025], [124.562924, 11.5933209], [124.5637987, 11.5941228], [124.5640994, 11.5942048], [124.56546619999999, 11.594059], [124.5662134, 11.5944235], [124.5676075, 11.5960181], [124.5686964, 11.5969467]]}}, {"type": "Feature", "properties": {"waterway": "stream"}, "geometry": {"type": "LineString", "coordinates": [[124.5594893, 11.5952454], [124.5595961, 11.5952041]]}}, {"type": "Feature", "properties": {"waterway": "stream"}, "geometry": {"type": "LineString", "coordinates": [[124.56022390000001, 11.5947694], [124.5605093, 11.5947971], [124.5608373, 11.5950887], [124.5616118, 11.5949064], [124.5619399, 11.5951798], [124.562277, 11.5951889], [124.56354360000002, 11.595927], [124.56387160000001, 11.5966924], [124.5644001, 11.596984], [124.56467350000001, 11.5974396], [124.5644457, 11.5981868], [124.56408120000002, 11.598451], [124.5640379, 11.5988155], [124.56421060000001, 11.5989346]]}}, {"type": "Feature", "properties": {"waterway": "stream"}, "geometry": {"type": "LineString", "coordinates": [[124.54203750000002, 11.6021986], [124.5431608, 11.601974], [124.5438885, 11.6013514], [124.54449779999999, 11.6013052], [124.5454578, 11.6016138], [124.5461221, 11.6015107], [124.54651909999998, 11.6012375], [124.546739, 11.6006332], [124.546916, 11.6005964], [124.54768850000002, 11.6008381], [124.54842879999998, 11.6008749], [124.5490511, 11.6006121], [124.5505209, 11.6016526], [124.5514275, 11.6017052], [124.552023, 11.6015895], [124.5525862, 11.6018733], [124.5528062, 11.6018681], [124.5534284, 11.6013478], [124.5539917, 11.6013216], [124.55483390000002, 11.6009117], [124.5553865, 11.6009695], [124.55599260000001, 11.600465], [124.5572479, 11.600402], [124.558545, 11.5992358], [124.55847530000001, 11.5982952], [124.5589098, 11.5974176], [124.5588508, 11.5969079], [124.55910830000002, 11.5962983], [124.5592102, 11.5955627], [124.5594893, 11.5952454]]}}, {"type": "Feature", "properties": {"waterway": "stream"}, "geometry": {"type": "LineString", "coordinates": [[124.56421060000001, 11.5989346], [124.5647936, 11.5991457], [124.5653359, 11.5990124], [124.5657465, 11.599268], [124.5664226, 11.5991035], [124.5670436, 11.5994535]]}}, {"type": "Feature", "properties": {"waterway": "stream"}, "geometry": {"type": "LineString", "coordinates": [[124.5656053, 11.5995489], [124.5662342, 11.5994734], [124.5662567, 11.5992817], [124.56654060000001, 11.5991924]]}}, {"type": "Feature", "properties": {"waterway": "stream"}, "geometry": {"type": "LineString", "coordinates": [[124.5364536, 11.6123924], [124.53844, 11.6129209], [124.5465588, 11.6141145], [124.54912839999999, 11.6139687], [124.55092340000002, 11.6130667], [124.55220819999998, 11.612684], [124.5532835, 11.6127022], [124.55376640000001, 11.6128662], [124.55538830000002, 11.6142057], [124.5562631, 11.6145064], [124.5587051, 11.6166477], [124.55976210000001, 11.6167206], [124.5613111, 11.6164199], [124.5619945, 11.6164563], [124.56266880000001, 11.6166932], [124.56384429999999, 11.6173949], [124.5638807, 11.617814], [124.5642452, 11.6180145], [124.56587060000001, 11.6181069]]}}, {"type": "Feature", "properties": {"waterway": "stream"}, "geometry": {"type": "LineString", "coordinates": [[124.55220819999998, 11.6178413], [124.55322880000001, 11.6181603], [124.5550694, 11.6194086], [124.555443, 11.6198916], [124.5565091, 11.6199189], [124.5567825, 11.6200373], [124.5588236, 11.6225887], [124.55925180000001, 11.6227163], [124.5612838, 11.6228347], [124.5625413, 11.6224794], [124.5636238, 11.6224946]]}}, {"type": "Feature", "properties": {"waterway": "stream"}, "geometry": {"type": "LineString", "coordinates": [[124.5387043, 11.6151715], [124.5397886, 11.6152444], [124.54187520000002, 11.6161374], [124.543971, 11.6172491], [124.5472513, 11.6193084], [124.54821720000001, 11.6205385], [124.5484723, 11.6216319], [124.5488732, 11.6220146], [124.55104190000002, 11.6218962], [124.5546411, 11.6235364], [124.5553792, 11.6240193], [124.5564453, 11.6243109], [124.55709229999998, 11.6243747], [124.5593612, 11.6240648], [124.5601175, 11.6243473], [124.5610196, 11.6249943], [124.5625195, 11.6265726]]}}, {"type": "Feature", "properties": {"waterway": "stream"}, "geometry": {"type": "LineString", "coordinates": [[124.50831570000001, 11.6090027], [124.5075685, 11.6078364], [124.50696710000001, 11.6073261], [124.50685780000002, 11.6069434], [124.5067849, 11.6046107], [124.5063657, 11.6028612], [124.50583720000002, 11.6022781], [124.50504969999999, 11.6023898]]}}, {"type": "Feature", "properties": {"waterway": "stream"}, "geometry": {"type": "LineString", "coordinates": [[124.4935178, 11.6072714], [124.49455660000001, 11.6058317], [124.4954313, 11.6054855], [124.4964337, 11.6053579], [124.4973563, 11.6044534]]}}, {"type": "Feature", "properties": {"waterway": "stream"}, "geometry": {"type": "LineString", "coordinates": [[124.49185940000001, 11.6126657], [124.4929893, 11.612684], [124.4936818, 11.6121555], [124.494265, 11.612119], [124.49468419999998, 11.6123377], [124.495814, 11.6124835], [124.4964154, 11.6123195], [124.49701680000001, 11.6119003], [124.4976911, 11.6109162], [124.4984019, 11.610734], [124.49933129999998, 11.610898], [124.50119010000002, 11.6106611], [124.5020467, 11.6090209], [124.5021013, 11.608292], [124.50197380000002, 11.6075995], [124.50217420000001, 11.6062327], [124.503007, 11.6051596]]}}, {"type": "Feature", "properties": {"waterway": "stream"}, "geometry": {"type": "LineString", "coordinates": [[124.4910576, 11.6191808], [124.4912945, 11.6197275], [124.492397, 11.62042], [124.4935178, 11.6215955], [124.49455660000001, 11.6224338], [124.4952309, 11.6226889], [124.4955015, 11.6229502]]}}, {"type": "Feature", "properties": {"waterway": "stream"}, "geometry": {"type": "LineString", "coordinates": [[124.5358978, 11.6201011], [124.5373648, 11.6207116], [124.53829420000001, 11.6221696], [124.5404538, 11.6228256], [124.5415199, 11.6233814], [124.54240819999998, 11.6236043]]}}, {"type": "Feature", "properties": {"waterway": "stream"}, "geometry": {"type": "LineString", "coordinates": [[124.48959060000001, 11.6228985], [124.49016459999999, 11.6232357], [124.4920326, 11.623181], [124.4932627, 11.6235364], [124.4941557, 11.6236184], [124.4955015, 11.6229502]]}}, {"type": "Feature", "properties": {"waterway": "stream"}, "geometry": {"type": "LineString", "coordinates": [[124.5364809, 11.6217504], [124.53770190000002, 11.622616], [124.5402442, 11.6238826], [124.54270069999998, 11.6246008]]}}, {"type": "Feature", "properties": {"waterway": "stream"}, "geometry": {"type": "LineString", "coordinates": [[124.4955015, 11.6229502], [124.496557, 11.6232613], [124.4977058, 11.6234168], [124.4983409, 11.623275], [124.49990069999998, 11.6240709], [124.5001902, 11.6245009], [124.5011102, 11.6248668], [124.5015212, 11.6252785], [124.5016706, 11.6256948], [124.50256730000001, 11.6261385], [124.502726, 11.6263534], [124.50348260000001, 11.6268017], [124.5037067, 11.6288555]]}}, {"type": "Feature", "properties": {"waterway": "stream"}, "geometry": {"type": "LineString", "coordinates": [[124.493372, 11.6280741], [124.4947297, 11.6289307], [124.49616029999999, 11.6290856], [124.4972264, 11.6295594], [124.49749980000001, 11.6295685], [124.49846560000002, 11.6290947], [124.49885749999999, 11.6290765], [124.49944970000001, 11.6293498], [124.501017, 11.6295229], [124.50193729999998, 11.6294774], [124.50287590000002, 11.6289398], [124.5037067, 11.6288555]]}}, {"type": "Feature", "properties": {"waterway": "stream"}, "geometry": {"type": "LineString", "coordinates": [[124.5203436, 11.6219873], [124.51986060000002, 11.6234726], [124.519806, 11.6259328], [124.5190679, 11.6276003], [124.5190679, 11.6287302], [124.51959640000001, 11.6314365], [124.5196511, 11.6323477], [124.5207263, 11.6334411], [124.5206625, 11.6349901], [124.5204802, 11.6355733], [124.51905879999998, 11.6373046], [124.5183754, 11.637742]]}}, {"type": "Feature", "properties": {"waterway": "stream"}, "geometry": {"type": "LineString", "coordinates": [[124.5120243, 11.6222151], [124.51129529999999, 11.6242926], [124.5116416, 11.6266982], [124.51357330000002, 11.62945], [124.5142294, 11.6311722], [124.51429319999998, 11.6317645], [124.5141747, 11.6326757], [124.514275, 11.6334867], [124.51500390000001, 11.6341154], [124.5159971, 11.6345983], [124.5173275, 11.6354731], [124.51824779999998, 11.636767], [124.5183754, 11.637742]]}}, {"type": "Feature", "properties": {"waterway": "stream"}, "geometry": {"type": "LineString", "coordinates": [[124.5224393, 11.6336416], [124.5219291, 11.6343523], [124.5212821, 11.634817], [124.5206625, 11.6349901]]}}, {"type": "Feature", "properties": {"waterway": "stream"}, "geometry": {"type": "LineString", "coordinates": [[124.4946033, 11.6358087], [124.4947479, 11.6364343], [124.4952197, 11.6370228], [124.4957455, 11.6374363], [124.497035, 11.6390359]]}}, {"type": "Feature", "properties": {"waterway": "stream"}, "geometry": {"type": "LineString", "coordinates": [[124.4968121, 11.6322248], [124.49797660000002, 11.6333129], [124.4982971, 11.6342881], [124.4995864, 11.6352817], [124.49984150000002, 11.6356644], [124.500042, 11.6363387], [124.50155460000002, 11.6385803], [124.50386909999999, 11.6409676], [124.50569149999998, 11.6416966], [124.5064204, 11.6421704], [124.5064475, 11.643578]]}}, {"type": "Feature", "properties": {"waterway": "river"}, "geometry": {"type": "LineString", "coordinates": [[124.5037067, 11.6288555], [124.50439320000001, 11.6293358], [124.5046407, 11.629871], [124.5043839, 11.6307858], [124.50468279999998, 11.6313438], [124.50468279999998, 11.6317463], [124.50524320000001, 11.6323181], [124.5054486, 11.6330317], [124.5067609, 11.6340791], [124.5076482, 11.6349848], [124.5076996, 11.6356617], [124.508232, 11.6359545], [124.50845610000002, 11.6368327], [124.50886710000002, 11.637066], [124.5094928, 11.6378797], [124.50982360000002, 11.6390022], [124.5108852, 11.6397783], [124.5110544, 11.640381], [124.511439, 11.6407351], [124.5115236, 11.6409159], [124.5114005, 11.64182], [124.5114775, 11.6420385], [124.51205439999998, 11.6423474], [124.5123698, 11.6429426], [124.5124159, 11.643809], [124.5127698, 11.645022], [124.5137313, 11.6459185], [124.5143544, 11.6458357], [124.51465439999998, 11.6460692], [124.51502360000002, 11.6466569], [124.51506980000002, 11.6472294], [124.51636149999999, 11.6479266]]}}, {"type": "Feature", "properties": {"waterway": "stream"}, "geometry": {"type": "LineString", "coordinates": [[124.4857088, 11.6383069], [124.4865836, 11.6392819], [124.487677, 11.6397557], [124.4881417, 11.6403389], [124.488898, 11.6409676], [124.48940829999998, 11.6410314], [124.4908571, 11.6407672], [124.4912216, 11.6409494], [124.4921419, 11.642216], [124.492552, 11.6423526], [124.4932817, 11.6420667]]}}, {"type": "Feature", "properties": {"waterway": "stream"}, "geometry": {"type": "LineString", "coordinates": [[124.497035, 11.6390359], [124.49836540000001, 11.6393275], [124.49920370000001, 11.6396737], [124.4998233, 11.6405302], [124.5010808, 11.641077], [124.5020102, 11.6423891], [124.5021013, 11.6431066]]}}, {"type": "Feature", "properties": {"waterway": "stream"}, "geometry": {"type": "LineString", "coordinates": [[124.4921845, 11.6409228], [124.49287109999999, 11.6414636], [124.49304810000001, 11.6418795], [124.4932817, 11.6420667]]}}, {"type": "Feature", "properties": {"waterway": "stream"}, "geometry": {"type": "LineString", "coordinates": [[124.4932817, 11.6420667], [124.4943151, 11.641623], [124.49444250000002, 11.6416646], [124.4945912, 11.641935], [124.49505130000001, 11.6421291], [124.4959148, 11.6422608], [124.4959998, 11.6423856], [124.4959219, 11.6429402], [124.49612009999998, 11.6432938], [124.4965448, 11.6433146], [124.49706860000002, 11.6436543], [124.4982578, 11.6439108], [124.49968049999998, 11.6437444], [124.50066440000002, 11.642968], [124.50097590000001, 11.6429056], [124.5016059, 11.6431136], [124.5027809, 11.6430997], [124.5034533, 11.6429264], [124.5041612, 11.643065], [124.50430269999998, 11.6435572], [124.5048194, 11.643786], [124.50523710000002, 11.6437514], [124.50617140000001, 11.6433423], [124.5064475, 11.643578], [124.5070491, 11.6437375], [124.50818880000001, 11.6446457], [124.5086772, 11.6447358]]}}, {"type": "Feature", "properties": {"waterway": "stream"}, "geometry": {"type": "LineString", "coordinates": [[124.5183754, 11.637742], [124.51782869999998, 11.6406943], [124.517774, 11.6414688], [124.5180018, 11.6429449], [124.5169995, 11.6464166], [124.5177558, 11.648157], [124.5174551, 11.6487402], [124.5172573, 11.6488531]]}}, {"type": "Feature", "properties": {"waterway": "river"}, "geometry": {"type": "LineString", "coordinates": [[124.5086772, 11.6447358], [124.5093638, 11.6446041], [124.51017779999998, 11.6448745], [124.51089269999999, 11.6455885], [124.5116996, 11.6456648], [124.51208190000001, 11.6468225], [124.5123509, 11.6470721], [124.51313659999998, 11.6474188], [124.51412750000001, 11.6482715], [124.51415579999998, 11.6485072], [124.51448150000002, 11.648833], [124.51449560000002, 11.6490687], [124.5142903, 11.6493703], [124.51437530000001, 11.6498452], [124.51486010000002, 11.6503686], [124.514892, 11.6508088], [124.5150123, 11.6508885]]}}, {"type": "Feature", "properties": {"waterway": "stream"}, "geometry": {"type": "LineString", "coordinates": [[124.49998730000002, 11.6475556], [124.5012995, 11.6477834], [124.5026389, 11.648567], [124.5053725, 11.6480021], [124.506138, 11.6480932], [124.507523, 11.6486764], [124.509236, 11.6488951], [124.5100197, 11.6491775], [124.51099460000002, 11.6501161], [124.5124343, 11.6507357], [124.51404719999998, 11.6509361], [124.5150123, 11.6508885]]}}, {"type": "Feature", "properties": {"waterway": "stream"}, "geometry": {"type": "LineString", "coordinates": [[124.50094410000001, 11.6524123], [124.5022562, 11.6524396], [124.5044978, 11.6520569], [124.50548190000002, 11.6521936], [124.5089444, 11.6529317], [124.50951850000001, 11.6531595], [124.5098374, 11.653524], [124.5119879, 11.6542711], [124.5147852, 11.6547814]]}}, {"type": "Feature", "properties": {"waterway": "river"}, "geometry": {"type": "LineString", "coordinates": [[124.5150123, 11.6508885], [124.5157632, 11.6512269], [124.5161181, 11.6517757], [124.5168186, 11.6515882], [124.51699609999999, 11.6513412], [124.5174538, 11.6516431], [124.5176265, 11.6519038], [124.5175985, 11.652073], [124.5174631, 11.6524206], [124.5169541, 11.6528414], [124.51698679999998, 11.6530793], [124.51749580000002, 11.6541358], [124.5179488, 11.6544605], [124.5188594, 11.6547167], [124.5189575, 11.6548676], [124.51898079999998, 11.6550368], [124.5185372, 11.6557503], [124.5185232, 11.6559744], [124.518786, 11.6561485]]}}, {"type": "Feature", "properties": {"waterway": "river"}, "geometry": {"type": "LineString", "coordinates": [[124.51636149999999, 11.6479266], [124.5172573, 11.6488531], [124.5179465, 11.650473], [124.5187421, 11.6512522], [124.5191368, 11.6519026], [124.51875459999998, 11.6522892], [124.518811, 11.6527493], [124.5191368, 11.6532034], [124.5190867, 11.6534795], [124.51864190000002, 11.6536022], [124.51851660000001, 11.6538415], [124.51877340000001, 11.6541544], [124.51957530000001, 11.6546698], [124.5195816, 11.6551668], [124.518786, 11.6561485], [124.51905530000002, 11.6567621], [124.5188674, 11.6575229], [124.5185855, 11.658026], [124.51840379999999, 11.6589525], [124.5178963, 11.6596335]]}}, {"type": "Feature", "properties": {"waterway": "stream"}, "geometry": {"type": "LineString", "coordinates": [[124.5414083, 11.6558441], [124.540857, 11.6555349], [124.5405747, 11.6558334], [124.53950759999998, 11.6552226], [124.5381521, 11.6529497], [124.537099, 11.6522633]]}}, {"type": "Feature", "properties": {"waterway": "stream"}, "geometry": {"type": "LineString", "coordinates": [[124.5242982, 11.6473642], [124.52463529999999, 11.6503348], [124.5256923, 11.6533235], [124.5254827, 11.6544169], [124.5253734, 11.6561391], [124.524936, 11.6570412], [124.5248905, 11.6579159], [124.5257743, 11.6587087], [124.5267311, 11.6591005], [124.52799760000002, 11.6602851], [124.5283986, 11.6608136], [124.528836, 11.6618979], [124.52905979999998, 11.6620774], [124.53053, 11.6616286], [124.53095209999998, 11.6612157], [124.53135340000001, 11.6602565], [124.53145039999998, 11.6594939], [124.531952, 11.6593816], [124.5323181, 11.6589399], [124.53244040000001, 11.6583722], [124.53257180000001, 11.658293], [124.532663, 11.6588862], [124.53285689999998, 11.6590617], [124.53381, 11.6592814], [124.5341039, 11.6591748], [124.5343457, 11.6586269]]}}, {"type": "Feature", "properties": {"waterway": "stream"}, "geometry": {"type": "LineString", "coordinates": [[124.5147852, 11.6547814], [124.5161338, 11.6554648], [124.51648009999998, 11.656048], [124.516635, 11.6566311], [124.51674430000001, 11.6586085], [124.51761910000002, 11.6591734], [124.5178963, 11.6596335]]}}, {"type": "Feature", "properties": {"waterway": "stream"}, "geometry": {"type": "LineString", "coordinates": [[124.48920779999999, 11.6508086], [124.4889163, 11.6524305], [124.48991859999998, 11.6547632], [124.4900735, 11.6556379], [124.49045620000001, 11.6563031], [124.49187769999999, 11.6576699], [124.492233, 11.6586722], [124.4924517, 11.6587998], [124.4934449, 11.6588271], [124.49465680000002, 11.6584627], [124.496461, 11.6592463], [124.49752710000001, 11.6594559], [124.4992675, 11.6608773], [124.4998871, 11.6616883], [124.5008712, 11.6620072], [124.50227449999998, 11.6630824], [124.5027392, 11.6632282], [124.50460710000002, 11.662718], [124.5068031, 11.6625084], [124.50745919999999, 11.6628], [124.508662, 11.6641212], [124.5090289, 11.6653604]]}}, {"type": "Feature", "properties": {"waterway": "stream"}, "geometry": {"type": "LineString", "coordinates": [[124.5343457, 11.6586269], [124.5346634, 11.6584415], [124.5352708, 11.6583494], [124.53567610000002, 11.6585133], [124.53607870000002, 11.6582217], [124.53670970000002, 11.6581538], [124.53726479999999, 11.6582575], [124.5373225, 11.6586283], [124.5375664, 11.6587697], [124.5382883, 11.6587697], [124.53907759999998, 11.6591468], [124.5390583, 11.6593353], [124.5394597, 11.6599628]]}}, {"type": "Feature", "properties": {"waterway": "stream"}, "geometry": {"type": "LineString", "coordinates": [[124.4675942, 11.6402022], [124.4672388, 11.6387261]]}}, {"type": "Feature", "properties": {"waterway": "stream"}, "geometry": {"type": "LineString", "coordinates": [[124.45362549999999, 11.6434643], [124.4524682, 11.6429996], [124.4508463, 11.6428174], [124.45005360000002, 11.6420884], [124.44929730000001, 11.6421613], [124.44896919999998, 11.6420611], [124.446591, 11.6394186], [124.4458256, 11.6389903], [124.44547020000002, 11.6385894], [124.4450304, 11.6375325]]}}, {"type": "Feature", "properties": {"waterway": "stream"}, "geometry": {"type": "LineString", "coordinates": [[124.4471286, 11.645232], [124.4461901, 11.6442115], [124.44578, 11.6440201], [124.444313, 11.642626], [124.4436478, 11.6406578], [124.443876, 11.6392187]]}}, {"type": "Feature", "properties": {"waterway": "stream"}, "geometry": {"type": "LineString", "coordinates": [[124.4708198, 11.6487675], [124.472624, 11.6498427], [124.4728245, 11.6505808], [124.4731707, 11.6509453], [124.474902, 11.6518929], [124.4757221, 11.6529135], [124.47657860000001, 11.6534237], [124.477098, 11.6535148], [124.4784192, 11.6534146]]}}, {"type": "Feature", "properties": {"waterway": "stream"}, "geometry": {"type": "LineString", "coordinates": [[124.47601369999998, 11.6500705], [124.47660590000001, 11.6507175], [124.47772670000002, 11.6511275], [124.47802739999999, 11.6513735], [124.4784192, 11.6534146]]}}, {"type": "Feature", "properties": {"waterway": "stream"}, "geometry": {"type": "LineString", "coordinates": [[124.4820458, 11.6516469], [124.48311190000001, 11.6523303], [124.4834855, 11.6530957], [124.4848705, 11.6552097]]}}, {"type": "Feature", "properties": {"waterway": "stream"}, "geometry": {"type": "LineString", "coordinates": [[124.4784192, 11.6534146], [124.4797016, 11.6538696], [124.48005940000002, 11.6546994], [124.4806152, 11.6552461], [124.48122569999998, 11.6554739], [124.4843238, 11.6551003], [124.4848705, 11.6552097], [124.4852077, 11.6556015], [124.484989, 11.6576061], [124.48537169999999, 11.6581893], [124.4864378, 11.6584627], [124.4880688, 11.6598386], [124.4910294, 11.6618541]]}}, {"type": "Feature", "properties": {"waterway": "stream"}, "geometry": {"type": "LineString", "coordinates": [[124.4665321, 11.6541985], [124.46603860000002, 11.654892], [124.465824, 11.6564682], [124.4659313, 11.6571512], [124.4656309, 11.6580758], [124.46465460000002, 11.6588219], [124.46442930000002, 11.6594418], [124.4643971, 11.6599672], [124.4648906, 11.6609654], [124.46553430000002, 11.6610704], [124.46731530000001, 11.6617219], [124.46798050000001, 11.6621317]]}}, {"type": "Feature", "properties": {"waterway": "stream"}, "geometry": {"type": "LineString", "coordinates": [[124.46758350000002, 11.6595994], [124.4675192, 11.6613121], [124.4679161, 11.6618375], [124.46798050000001, 11.6621317]]}}, {"type": "Feature", "properties": {"waterway": "stream"}, "geometry": {"type": "LineString", "coordinates": [[124.4738997, 11.6591916], [124.4744008, 11.6603671], [124.474091, 11.6624902], [124.4741457, 11.6632829], [124.4735443, 11.6644766], [124.4736901, 11.6667181], [124.4732072, 11.667356], [124.47268780000002, 11.6723858], [124.4724873, 11.6730054], [124.4725147, 11.6747003], [124.4715579, 11.6759942], [124.471075, 11.6762857], [124.4701638, 11.6763678], [124.46959880000001, 11.6767869], [124.46868760000001, 11.6789373], [124.4681318, 11.6797848], [124.46800320000001, 11.6803144]]}}, {"type": "Feature", "properties": {"waterway": "stream"}, "geometry": {"type": "LineString", "coordinates": [[124.5125619, 11.6606951], [124.5133182, 11.6609502], [124.5153137, 11.6624811], [124.5162523, 11.6626542], [124.51756789999999, 11.6622448]]}}, {"type": "Feature", "properties": {"waterway": "river"}, "geometry": {"type": "LineString", "coordinates": [[124.5178963, 11.6596335], [124.51737640000002, 11.6604434], [124.51724479999999, 11.660971], [124.517364, 11.6616459], [124.5178083, 11.6627777], [124.5181051, 11.6631249], [124.5189363, 11.6632166], [124.5193498, 11.6635725], [124.5198384, 11.6646585], [124.5202962, 11.6648793], [124.5211642, 11.6648697], [124.5232778, 11.6656524], [124.52610950000002, 11.6653947], [124.5281205, 11.6664684], [124.529079, 11.6660635], [124.5297306, 11.6656033], [124.5302503, 11.6654929], [124.5307643, 11.6654377], [124.53171340000002, 11.6657551], [124.5323305, 11.6654389], [124.532831, 11.6653815], [124.534123, 11.6655465], [124.5345125, 11.6654203], [124.53477990000002, 11.665156], [124.5348432, 11.6644062], [124.53561319999999, 11.6641676], [124.53626480000001, 11.6641738], [124.5366971, 11.6643517], [124.5377214, 11.66515]]}}, {"type": "Feature", "properties": {"waterway": "river"}, "geometry": {"type": "LineString", "coordinates": [[124.4910294, 11.6618541], [124.4913498, 11.6621318], [124.4919722, 11.6620473], [124.4931553, 11.6629404], [124.4941166, 11.6625904], [124.4951703, 11.6628077], [124.49661839999999, 11.6642259], [124.4973455, 11.6646], [124.4992065, 11.6643224], [124.49987810000002, 11.664419], [124.5010428, 11.6646], [124.50168360000002, 11.66495], [124.5023307, 11.6649862], [124.5034275, 11.6653121], [124.5042964, 11.6653483], [124.50506050000001, 11.6657647], [124.506564, 11.6654449], [124.50687209999998, 11.6656139], [124.5076732, 11.665638], [124.5084866, 11.6655535], [124.5090289, 11.6653604]]}}, {"type": "Feature", "properties": {"waterway": "river"}, "geometry": {"type": "LineString", "coordinates": [[124.5333203, 11.665407], [124.5335263, 11.6651261], [124.53415929999998, 11.6648541], [124.5344867, 11.6645053], [124.5348432, 11.6644062]]}}, {"type": "Feature", "properties": {"waterway": "stream"}, "geometry": {"type": "LineString", "coordinates": [[124.5328908, 11.6674835], [124.534048, 11.6677478], [124.5354204, 11.6667114], [124.5358446, 11.6669425], [124.53593989999999, 11.6676379], [124.5362394, 11.6681556], [124.53676190000002, 11.6681979]]}}, {"type": "Feature", "properties": {"waterway": "river"}, "geometry": {"type": "LineString", "coordinates": [[124.5090289, 11.6653604], [124.5095157, 11.665457], [124.5099963, 11.6652457], [124.51141970000002, 11.6660061], [124.5125412, 11.6660363], [124.5134019, 11.6665152], [124.51361950000002, 11.6669862], [124.5139864, 11.6672399], [124.5149992, 11.6673349], [124.51613560000001, 11.6668057], [124.5163753, 11.6667732], [124.5166575, 11.666921], [124.5172257, 11.6678978], [124.5179775, 11.6697138], [124.5201294, 11.6727328], [124.5208426, 11.6735221], [124.5213267, 11.6744126], [124.5211017, 11.6758637], [124.5211837, 11.6763114], [124.521477, 11.6763674], [124.5215749, 11.6766326], [124.52196530000002, 11.6768258], [124.5220313, 11.676991], [124.5219769, 11.6774038], [124.5215163, 11.6778512], [124.5213436, 11.6783384], [124.5215359, 11.6792234], [124.5212049, 11.6796908], [124.5204285, 11.6798193], [124.5200436, 11.6811058], [124.5200418, 11.6816679]]}}, {"type": "Feature", "properties": {"waterway": "stream"}, "geometry": {"type": "LineString", "coordinates": [[124.5371717, 11.673482], [124.53738810000002, 11.6732426]]}}, {"type": "Feature", "properties": {"waterway": "stream"}, "geometry": {"type": "LineString", "coordinates": [[124.49647920000001, 11.6711192], [124.4974907, 11.6725316], [124.49843830000002, 11.6745727], [124.4996775, 11.6760124], [124.50010580000001, 11.6767413], [124.50252049999999, 11.6777072], [124.5033041, 11.6787551], [124.5043247, 11.6793109], [124.50514470000002, 11.6799305], [124.50574609999998, 11.6807506], [124.5077143, 11.6817894], [124.5092178, 11.6818714], [124.51047749999998, 11.6826957]]}}, {"type": "Feature", "properties": {"waterway": "stream"}, "geometry": {"type": "LineString", "coordinates": [[124.51403170000002, 11.6781425], [124.5128421, 11.6787613], [124.5127299, 11.6791026]]}}, {"type": "Feature", "properties": {"waterway": "stream"}, "geometry": {"type": "LineString", "coordinates": [[124.5127299, 11.6791026], [124.5127288, 11.679233]]}}, {"type": "Feature", "properties": {"waterway": "stream"}, "geometry": {"type": "LineString", "coordinates": [[124.5876234, 11.528668], [124.5889943, 11.5291567], [124.59043450000001, 11.5299109], [124.592374, 11.5305848], [124.5942875, 11.5304026], [124.59534449999998, 11.5297556], [124.59565430000002, 11.5296918], [124.5969755, 11.529865], [124.59852460000002, 11.5298103], [124.5988982, 11.5299196], [124.600028, 11.5309584], [124.601003, 11.5312226], [124.6042287, 11.5311497], [124.60535860000002, 11.5314049], [124.6078644, 11.5324983], [124.6091218, 11.5334824], [124.6103428, 11.5338196], [124.6143977, 11.5358424], [124.61546379999999, 11.5362069], [124.6167395, 11.5362434], [124.61747330000001, 11.5366319]]}}, {"type": "Feature", "properties": {"waterway": "stream"}, "geometry": {"type": "LineString", "coordinates": [[124.5950893, 11.5331817], [124.59660189999998, 11.5340109], [124.59773110000002, 11.5340291], [124.59805069999999, 11.5341476], [124.5983244, 11.5342825], [124.5990015, 11.5350495], [124.6011215, 11.5356693], [124.60145860000002, 11.5358971], [124.6027434, 11.5379291], [124.6032628, 11.5385031], [124.6037548, 11.5395601], [124.604174, 11.541501], [124.6051354, 11.5427739]]}}, {"type": "Feature", "properties": {"waterway": "stream"}, "geometry": {"type": "LineString", "coordinates": [[124.6146071, 11.5385828], [124.61501, 11.5387159], [124.6151827, 11.5385145], [124.6156958, 11.5384928], [124.61595, 11.5381735], [124.6169351, 11.5382526]]}}, {"type": "Feature", "properties": {"waterway": "tidal_channel"}, "geometry": {"type": "LineString", "coordinates": [[124.6161575, 11.5392703], [124.61649520000002, 11.5391413], [124.61656280000001, 11.5389479], [124.6168713, 11.5388922]]}}, {"type": "Feature", "properties": {"waterway": "river"}, "geometry": {"type": "LineString", "coordinates": [[124.61393210000001, 11.5408022], [124.6147912, 11.5405796], [124.6156066, 11.5409212], [124.6161324, 11.5406532], [124.6170973, 11.5406845]]}}, {"type": "Feature", "properties": {"waterway": "river"}, "geometry": {"type": "LineString", "coordinates": [[124.61382, 11.5407878], [124.61393210000001, 11.5408022]]}}, {"type": "Feature", "properties": {"waterway": "river"}, "geometry": {"type": "LineString", "coordinates": [[124.60751709999998, 11.5429868], [124.60817160000002, 11.5429132], [124.60860610000002, 11.542456], [124.6088367, 11.5419829], [124.60971110000001, 11.5414468], [124.6104997, 11.541389], [124.61119710000001, 11.5416308], [124.61145990000001, 11.5414941], [124.6127313, 11.5414731], [124.61333750000001, 11.5411893], [124.61382, 11.5407878]]}}, {"type": "Feature", "properties": {"waterway": "stream"}, "geometry": {"type": "LineString", "coordinates": [[124.54531050000001, 11.6215044], [124.5463674, 11.6219782], [124.54752470000001, 11.6218597], [124.5487183, 11.6219326]]}}, {"type": "Feature", "properties": {"waterway": "stream"}, "geometry": {"type": "LineString", "coordinates": [[124.5351961, 11.6176682], [124.538112, 11.6197458], [124.5389776, 11.6201831], [124.5408547, 11.6219873], [124.54222150000001, 11.6230899], [124.542668, 11.62432], [124.54273180000001, 11.6248667], [124.5431509, 11.6256686], [124.5439528, 11.6261971], [124.54462710000001, 11.6270627], [124.54556559999999, 11.6275821], [124.5472878, 11.6282564], [124.5477251, 11.628794], [124.5490919, 11.6298419], [124.5498209, 11.6308806], [124.5508779, 11.6315914], [124.5523814, 11.6346894], [124.5530283, 11.635145], [124.5542584, 11.6356827], [124.5570087, 11.6374536]]}}, {"type": "Feature", "properties": {"waterway": "stream"}, "geometry": {"type": "LineString", "coordinates": [[124.53182470000002, 11.6200647], [124.5321345, 11.6209941], [124.5321709, 11.6221604], [124.53322790000001, 11.6240922], [124.53441249999999, 11.6268076], [124.53576109999999, 11.6282837], [124.5386951, 11.6307986], [124.539661, 11.631965], [124.54013480000002, 11.6331131], [124.5420119, 11.6339878], [124.5437432, 11.634407], [124.5445815, 11.6350448], [124.5458754, 11.6366303], [124.54656790000001, 11.6369401], [124.5470417, 11.637578], [124.5485908, 11.6387078], [124.55140640000002, 11.6395279], [124.55205330000001, 11.6395461], [124.55311030000001, 11.6392819], [124.55401240000002, 11.6392728], [124.5553898, 11.6394817]]}}, {"type": "Feature", "properties": {"waterway": "stream"}, "geometry": {"type": "LineString", "coordinates": [[124.5410096, 11.6459701], [124.54174770000002, 11.6469724], [124.5425222, 11.6476467], [124.5438343, 11.648075], [124.5458663, 11.649296], [124.5468595, 11.6500158], [124.5478965, 11.6511053]]}}, {"type": "Feature", "properties": {"waterway": "stream"}, "geometry": {"type": "LineString", "coordinates": [[124.5127288, 11.679233], [124.51260520000001, 11.6796896], [124.5123341, 11.6799184], [124.51095920000002, 11.680637], [124.51063469999998, 11.6812663], [124.5106188, 11.681455], [124.51073780000002, 11.6815218]]}}, {"type": "Feature", "properties": {"waterway": "stream"}, "geometry": {"type": "LineString", "coordinates": [[124.40534379999998, 11.579625], [124.4052307, 11.5797705]]}}, {"type": "Feature", "properties": {"waterway": "stream"}, "geometry": {"type": "LineString", "coordinates": [[124.40393609999998, 11.5804559], [124.40383790000001, 11.5804209]]}}, {"type": "Feature", "properties": {"waterway": "stream"}, "geometry": {"type": "LineString", "coordinates": [[124.4039764, 11.5804702], [124.40393609999998, 11.5804559]]}}, {"type": "Feature", "properties": {"waterway": "stream"}, "geometry": {"type": "LineString", "coordinates": [[124.404062, 11.5805007], [124.4039764, 11.5804702]]}}, {"type": "Feature", "properties": {"waterway": "drain"}, "geometry": {"type": "LineString", "coordinates": [[124.40903409999999, 11.5825746], [124.408533, 11.5822798], [124.4080921, 11.5818276], [124.4068066, 11.5811774]]}}, {"type": "Feature", "properties": {"waterway": "stream"}, "geometry": {"type": "LineString", "coordinates": [[124.4353311, 11.5843739], [124.4350483, 11.5844485], [124.43466519999998, 11.5840093], [124.43397140000002, 11.584072], [124.43339060000001, 11.5838636], [124.4332144, 11.5838858], [124.4329927, 11.5842795], [124.4325913, 11.5842602], [124.432112, 11.5844569], [124.4318233, 11.5847316], [124.4314598, 11.5846802], [124.4310533, 11.5848985], [124.430831, 11.5844805], [124.4292885, 11.5839282], [124.4277349, 11.5830236], [124.4273873, 11.5822009], [124.4268247, 11.5819344], [124.426638, 11.5815916], [124.4259378, 11.5812825], [124.4258972, 11.5807668], [124.4254959, 11.5804277], [124.4252272, 11.5804381], [124.4250362, 11.580831], [124.4246703, 11.5808948], [124.42465570000002, 11.58119], [124.42405440000002, 11.5813493], [124.4232367, 11.5813065], [124.422277, 11.5810042], [124.42117240000002, 11.5794339]]}}, {"type": "Feature", "properties": {"waterway": "drain"}, "geometry": {"type": "LineString", "coordinates": [[124.4127063, 11.5832069], [124.4124756, 11.582601]]}}, {"type": "Feature", "properties": {"waterway": "drain"}, "geometry": {"type": "LineString", "coordinates": [[124.411227, 11.5851469], [124.4099169, 11.5846765], [124.4086538, 11.5840202]]}}, {"type": "Feature", "properties": {"waterway": "stream"}, "geometry": {"type": "LineString", "coordinates": [[124.44296860000001, 11.5893454], [124.44298510000002, 11.5890945], [124.4431874, 11.5889691], [124.4429727, 11.5887669], [124.44240280000001, 11.5891593], [124.4419816, 11.5892119], [124.4418123, 11.5889975], [124.441837, 11.588512], [124.441168, 11.5873429], [124.4408253, 11.5872862], [124.44032150000001, 11.5875411], [124.43960290000001, 11.5871365], [124.4392973, 11.587092], [124.4389587, 11.587359], [124.43841360000002, 11.5875128], [124.43763720000001, 11.5886374], [124.436262, 11.5894586], [124.43599360000002, 11.589491], [124.4354774, 11.5891512], [124.4354733, 11.5900857], [124.4353453, 11.5903567], [124.43544439999998, 11.5908867], [124.4352482, 11.5911537], [124.4355807, 11.5916735], [124.4352978, 11.5924583], [124.4348972, 11.5924664], [124.4346701, 11.5921569], [124.4344223, 11.5922844], [124.43439750000002, 11.5921448], [124.4346329, 11.5919081], [124.4345834, 11.5917382], [124.4338318, 11.5917767], [124.43233060000001, 11.5908138], [124.43171950000001, 11.5908219], [124.43140560000002, 11.5912588], [124.4313065, 11.5911011], [124.43139729999999, 11.5905226], [124.43121150000002, 11.5900816], [124.43080680000001, 11.5898874], [124.43017910000002, 11.5899036], [124.4298529, 11.5897661], [124.4289237, 11.5886576], [124.42879150000002, 11.5881317], [124.4289609, 11.5873307], [124.4288205, 11.5867563], [124.42846120000002, 11.586558], [124.4278293, 11.5864731], [124.42762290000002, 11.586287], [124.42722639999998, 11.5857287], [124.4266483, 11.5840296], [124.4260123, 11.5838031], [124.42531030000002, 11.5838354], [124.4244018, 11.5842076], [124.42389789999999, 11.5840458], [124.4224195, 11.5827917], [124.421862, 11.5809631], [124.4208833, 11.5790333], [124.420524, 11.5787825], [124.41938010000001, 11.5785317], [124.41815470000002, 11.5778544]]}}, {"type": "Feature", "properties": {"waterway": "stream"}, "geometry": {"type": "LineString", "coordinates": [[124.4178652, 11.5924707], [124.4164157, 11.591201], [124.41555440000002, 11.5909438], [124.41505040000001, 11.5905412], [124.4141168, 11.5908209], [124.4139187, 11.5907668], [124.4136431, 11.5905188], [124.41366820000002, 11.5902528], [124.413201, 11.5900659], [124.4128268, 11.5903315], [124.4124755, 11.59091], [124.41227840000002, 11.5908928], [124.41177860000002, 11.5904201], [124.4113386, 11.5905909], [124.4111518, 11.5908462], [124.4107953, 11.5907585], [124.4098699, 11.5912668], [124.4093239, 11.5911054], [124.4088875, 11.5911455], [124.40812280000002, 11.5917978], [124.408121, 11.5922907], [124.407474, 11.592889], [124.40725730000001, 11.5928134], [124.4069545, 11.5923276], [124.40656540000002, 11.5923755], [124.40599630000001, 11.5918856], [124.40559370000001, 11.5920203], [124.4053161, 11.5917058], [124.40448050000002, 11.5919971], [124.4040802, 11.5928571]]}}, {"type": "Feature", "properties": {"waterway": "stream"}, "geometry": {"type": "LineString", "coordinates": [[124.4211557, 11.5990787], [124.4208844, 11.5993816], [124.42044759999999, 11.5994644], [124.41943, 11.5986981], [124.41836330000001, 11.5988612], [124.4176983, 11.5982869], [124.4175358, 11.5975547], [124.4171002, 11.59729], [124.4164445, 11.5976094], [124.4162468, 11.5981448], [124.4154556, 11.5987067], [124.4150518, 11.5988216], [124.4148652, 11.5988182], [124.41494930000002, 11.5984293], [124.41406849999998, 11.5983113], [124.4136095, 11.5976159], [124.4129857, 11.5974001], [124.4127686, 11.5974102], [124.41251649999998, 11.5977789], [124.4121931, 11.5975578], [124.41194090000002, 11.5976223], [124.4113545, 11.5985095], [124.4110993, 11.5986264], [124.4106247, 11.5982302], [124.4108296, 11.5978372], [124.4106822, 11.5975397], [124.410252, 11.5977227], [124.409931, 11.5980985], [124.4097165, 11.5981262], [124.4091668, 11.5974894], [124.4086061, 11.5976028], [124.4082534, 11.5978927], [124.4080033, 11.5977975], [124.40783369999998, 11.5975374], [124.40781449999999, 11.5967627], [124.4079589, 11.5966886], [124.4083873, 11.5968852], [124.4084514, 11.5965212], [124.4083302, 11.5961226], [124.40801510000001, 11.5959509], [124.4080633, 11.5956442], [124.4078888, 11.5953089], [124.4077012, 11.5950542], [124.40743850000001, 11.5949593], [124.40731550000001, 11.5945993], [124.4071499, 11.594489], [124.4070828, 11.5941256], [124.40658079999999, 11.5936593], [124.406856, 11.593048], [124.40594, 11.5929956], [124.405389, 11.5925958], [124.4054777, 11.5923815], [124.40565160000001, 11.5923204], [124.4063325, 11.592663], [124.4066042, 11.592557], [124.40656540000002, 11.5923755]]}}, {"type": "Feature", "properties": {"waterway": "stream"}, "geometry": {"type": "LineString", "coordinates": [[124.44544290000002, 11.6003554], [124.4444679, 11.598451], [124.44413990000001, 11.5981594], [124.44366610000002, 11.5980319], [124.44112379999999, 11.5985603], [124.4406409, 11.5984875], [124.44045860000001, 11.5983872], [124.4394836, 11.596984], [124.4367774, 11.5951798], [124.436094, 11.595034], [124.4354652, 11.5946422], [124.43473629999998, 11.5947151], [124.43449940000002, 11.5945875], [124.434308, 11.5940499], [124.4345085, 11.5931478], [124.4341531, 11.5926375], [124.4339969, 11.5918009]]}}, {"type": "Feature", "properties": {"waterway": "river"}, "geometry": {"type": "LineString", "coordinates": [[124.4668276, 11.6253971], [124.46546530000002, 11.6242312], [124.4651799, 11.6241464], [124.4651111, 11.6239672], [124.465562, 11.6233943], [124.46544190000002, 11.6229178], [124.46503120000001, 11.6225836], [124.4640076, 11.6226331], [124.4636474, 11.6224165], [124.46313560000002, 11.622664], [124.4622656, 11.6223521], [124.4613401, 11.6214394], [124.46103280000001, 11.6201433], [124.4600119, 11.6196564], [124.4593717, 11.6196908], [124.4590431, 11.6195299], [124.458089, 11.6195052], [124.45627560000001, 11.6187377], [124.45511959999999, 11.6187227], [124.45485580000002, 11.6185901], [124.4546006, 11.6181071], [124.4534638, 11.6176113], [124.45268660000002, 11.6165034], [124.45216220000002, 11.6161878], [124.4511259, 11.6160145], [124.4506836, 11.6150737], [124.44998229999999, 11.6145848], [124.44963480000001, 11.6139535], [124.4493378, 11.613873], [124.4487375, 11.6140216], [124.4481499, 11.6139782], [124.44792239999998, 11.6138235], [124.4475054, 11.6128085], [124.44672820000001, 11.6120905], [124.44471260000002, 11.6114963], [124.4437648, 11.610568], [124.4425832, 11.6102399], [124.4420019, 11.6093363], [124.44129560000002, 11.6087979], [124.441251, 11.6082115], [124.44078629999998, 11.6074937], [124.4403753, 11.6073799], [124.4388204, 11.6077476], [124.4382485, 11.6076688], [124.4377571, 11.6073362], [124.43664010000002, 11.6059094], [124.43596990000002, 11.6053755], [124.43531760000002, 11.6052879], [124.4349512, 11.6049028], [124.43446869999998, 11.6039575], [124.4334232, 11.6030996], [124.4323062, 11.602697], [124.4312607, 11.6028633], [124.430939, 11.6027758], [124.430796, 11.6024782], [124.42989350000002, 11.6015766], [124.4295718, 11.6014453], [124.429134, 11.6015328], [124.4288301, 11.6014453], [124.4284817, 11.6011214], [124.42810630000001, 11.6007275], [124.42795440000002, 11.6003336], [124.4279634, 11.5995458], [124.4278293, 11.5990119], [124.4274898, 11.598618], [124.4265694, 11.5980928], [124.4258098, 11.5967885], [124.425229, 11.5961933], [124.4246839, 11.5952829], [124.4245678, 11.5946527], [124.4247643, 11.5933221], [124.4243712, 11.5918077], [124.4246839, 11.5904772], [124.4246124, 11.590022], [124.4242907, 11.589488], [124.4235848, 11.588849], [124.423415, 11.5881137], [124.42275539999999, 11.5869396], [124.42278050000002, 11.5845093], [124.4215024, 11.5831591], [124.4213789, 11.5811937], [124.4210514, 11.5802132], [124.4205942, 11.5795997], [124.4194173, 11.5788108], [124.41854180000001, 11.5784063], [124.41815470000002, 11.5778544], [124.41740650000001, 11.5760213], [124.41719590000001, 11.5756872], [124.41666969999999, 11.5753655], [124.4132637, 11.5740498], [124.4123543, 11.5740457], [124.4118659, 11.5738106], [124.4108176, 11.5726227], [124.41012709999998, 11.5722556], [124.408742, 11.5721917], [124.4077526, 11.5723711], [124.4070285, 11.5719421], [124.4062454, 11.5718885], [124.4055292, 11.572245], [124.40452910000002, 11.5730355], [124.40234860000001, 11.574154], [124.40080769999999, 11.5743096], [124.40017250000001, 11.5747932], [124.39873030000001, 11.5753903], [124.3981466, 11.5761135], [124.397933, 11.5776693], [124.39775919999998, 11.5778428], [124.3935067, 11.5790695], [124.392807, 11.5790653], [124.391807, 11.5788215], [124.3903338, 11.5788245]]}}, {"type": "Feature", "properties": {"waterway": "river"}, "geometry": {"type": "LineString", "coordinates": [[124.4250684, 11.6083522], [124.4244268, 11.6081473], [124.4240108, 11.6078664], [124.4235727, 11.6077926], [124.4225488, 11.6070413], [124.42250429999999, 11.6067273], [124.4220247, 11.6064509], [124.4219518, 11.6061686], [124.421419, 11.6059866], [124.4209349, 11.6055785], [124.42048240000001, 11.6057819], [124.4198305, 11.6055686], [124.4196566, 11.6052713], [124.4195858, 11.6045967], [124.4194228, 11.6045313], [124.41916310000002, 11.6046389], [124.41904949999999, 11.6047769], [124.4190515, 11.6051459], [124.4187174, 11.6052151], [124.41853790000002, 11.6051684], [124.4185104, 11.604922], [124.41869219999998, 11.6044917], [124.4185237, 11.6042997], [124.41805520000001, 11.6044718], [124.4171229, 11.6043529], [124.4168505, 11.6040455], [124.41680610000002, 11.603594], [124.416356, 11.6033795], [124.41620919999998, 11.6033518], [124.41575580000001, 11.603632], [124.4155668, 11.6036003], [124.4154367, 11.6033933], [124.41562920000001, 11.6030477], [124.41551990000002, 11.6028877], [124.41454940000001, 11.6038631], [124.4125763, 11.6038722], [124.41213290000002, 11.6040699], [124.4117656, 11.6035371], [124.4114215, 11.6032744], [124.41166970000002, 11.6030678], [124.412124, 11.603048], [124.41212570000002, 11.6027488], [124.41094280000002, 11.6021861], [124.4117733, 11.6013998], [124.41156650000002, 11.6011537], [124.4112244, 11.6011247], [124.4103492, 11.6013723], [124.4101025, 11.6012464], [124.4099041, 11.6006354], [124.4091249, 11.6009892], [124.4084559, 11.6015905], [124.4082461, 11.6014217], [124.40792150000001, 11.6003145], [124.40747180000001, 11.6001055], [124.40706640000002, 11.6001027], [124.4067686, 11.6004783], [124.4066989, 11.6009703], [124.4068229, 11.6014314], [124.40675239999999, 11.6015032], [124.40633710000002, 11.6012977], [124.40613, 11.6000117], [124.4057019, 11.5991531], [124.4058863, 11.5990023], [124.4063485, 11.5990162], [124.4064892, 11.5988863], [124.4064633, 11.5982771], [124.4059506, 11.5979338], [124.40551920000001, 11.5985148], [124.40535189999999, 11.598567], [124.40509260000002, 11.5984663], [124.4050358, 11.5982036], [124.40509269999998, 11.5980123], [124.4054319, 11.5978176], [124.4055422, 11.5975089], [124.4053655, 11.5973018], [124.4050316, 11.5973672], [124.4048991, 11.5976562], [124.40450430000001, 11.5978028], [124.40399780000001, 11.5974133], [124.40436689999999, 11.596348], [124.4048698, 11.5964749], [124.40494710000002, 11.5962968], [124.4043673, 11.5958785], [124.404157, 11.5951457], [124.4051699, 11.5946296], [124.40550490000001, 11.5941578], [124.40510550000002, 11.5939777], [124.4045771, 11.5934351], [124.4042863, 11.5928865], [124.40324680000002, 11.5929059], [124.403102, 11.5925478], [124.4015652, 11.592552], [124.40103029999999, 11.5927666], [124.40090510000002, 11.5929807], [124.40070630000001, 11.5928973], [124.40049680000001, 11.5925646], [124.40080430000002, 11.5922238], [124.40073690000001, 11.59204], [124.4003724, 11.5920394], [124.4000542, 11.5922905], [124.399838, 11.5922252], [124.3997713, 11.5918893], [124.3998891, 11.5913718], [124.39975070000001, 11.5912359], [124.3993213, 11.5910538], [124.39912069999998, 11.5914816], [124.3989063, 11.5915352], [124.3987499, 11.5914151], [124.3987948, 11.5910374], [124.39864710000002, 11.5908226], [124.39780650000002, 11.591164], [124.3971232, 11.5904588], [124.3968439, 11.5904525], [124.39650179999998, 11.5906376], [124.39669349999998, 11.591131], [124.3965385, 11.591801], [124.3961898, 11.5920773], [124.3959273, 11.5929624], [124.39554550000001, 11.5931041]]}}, {"type": "Feature", "properties": {"waterway": "river"}, "geometry": {"type": "LineString", "coordinates": [[124.4295718, 11.6014453], [124.42926260000002, 11.6017592], [124.42866460000002, 11.6017901], [124.4274431, 11.6008923], [124.4271064, 11.6008241], [124.426731, 11.5999571], [124.42710669999998, 11.5984122]]}}, {"type": "Feature", "properties": {"waterway": "river"}, "geometry": {"type": "LineString", "coordinates": [[124.4376945, 11.608012], [124.4377571, 11.6073362]]}}, {"type": "Feature", "properties": {"waterway": "river"}, "geometry": {"type": "LineString", "coordinates": [[124.4388204, 11.6077476], [124.4382922, 11.6081395], [124.43780430000001, 11.6081434], [124.4376945, 11.608012]]}}, {"type": "Feature", "properties": {"waterway": "stream"}, "geometry": {"type": "LineString", "coordinates": [[124.4045482, 11.6135587], [124.40325430000001, 11.612848], [124.40239779999999, 11.6116361], [124.40077589999999, 11.6106064], [124.400302, 11.6106064], [124.4003385, 11.6110347], [124.40021090000002, 11.6113354], [124.3999467, 11.6114083], [124.3995822, 11.6111167], [124.39927240000002, 11.6110894], [124.3984067, 11.6113627], [124.3979967, 11.6115085], [124.3973133, 11.6123286], [124.3967848, 11.6122557], [124.3964203, 11.6125655], [124.39606490000001, 11.6124288], [124.39564580000001, 11.6116087], [124.394853, 11.6113718], [124.3943063, 11.6116452], [124.394279, 11.6118365], [124.3939236, 11.6121008], [124.39352529999998, 11.6133821]]}}, {"type": "Feature", "properties": {"waterway": "stream"}, "geometry": {"type": "LineString", "coordinates": [[124.4397426, 11.6181351], [124.4395886, 11.6176341], [124.43970560000001, 11.6169581], [124.43946529999998, 11.616439], [124.4391202, 11.6160467], [124.4384547, 11.6156906], [124.4383253, 11.6153707], [124.43780769999998, 11.6150628], [124.43767829999999, 11.6147671], [124.43758589999999, 11.6142359], [124.43769060000001, 11.613572], [124.43723459999998, 11.6129261], [124.43729630000001, 11.6127088], [124.43761079999999, 11.6125015], [124.43764160000002, 11.6121876], [124.4373335, 11.6118616], [124.4369257, 11.6107641], [124.4365293, 11.6101331], [124.43641609999999, 11.6095854], [124.4365152, 11.6083165], [124.4367912, 11.6079491], [124.4376945, 11.608012]]}}, {"type": "Feature", "properties": {"waterway": "stream"}, "geometry": {"type": "LineString", "coordinates": [[124.4063268, 11.6241047], [124.4061801, 11.6237124], [124.4057282, 11.6232457], [124.405825, 11.622671], [124.4052118, 11.6227205], [124.40485740000001, 11.6222663], [124.4038597, 11.621941], [124.403341, 11.6213618], [124.4033918, 11.6211613], [124.4029043, 11.6205155], [124.4022189, 11.6206251], [124.4018606, 11.6203234], [124.4013259, 11.6201319], [124.4010286, 11.6198248], [124.400138, 11.6196546], [124.399081, 11.6198004], [124.3985434, 11.6197093], [124.3976504, 11.6190532], [124.39631960000001, 11.619453]]}}, {"type": "Feature", "properties": {"waterway": "stream"}, "geometry": {"type": "LineString", "coordinates": [[124.4752118, 11.6141692], [124.4733621, 11.6131031], [124.4730249, 11.6130484], [124.47133920000002, 11.613504], [124.4707469, 11.61334], [124.46932550000001, 11.6125655], [124.46848720000001, 11.6123468], [124.4682776, 11.6122375], [124.4675942, 11.6111714], [124.4672388, 11.6101508], [124.4666101, 11.6094765], [124.46599960000002, 11.6092214], [124.4650837, 11.6091506]]}}, {"type": "Feature", "properties": {"waterway": "stream"}, "geometry": {"type": "LineString", "coordinates": [[124.46366130000001, 11.6158204], [124.4621023, 11.614577], [124.4620099, 11.6141485], [124.4612273, 11.6126576], [124.45997639999999, 11.6116677], [124.45953270000001, 11.6107442], [124.45932749999999, 11.6095096]]}}, {"type": "Feature", "properties": {"waterway": "stream"}, "geometry": {"type": "LineString", "coordinates": [[124.4594908, 11.614405], [124.4577591, 11.6138307], [124.45751260000002, 11.6135497], [124.455731, 11.6126033], [124.4544918, 11.6123274]]}}, {"type": "Feature", "properties": {"waterway": "stream"}, "geometry": {"type": "LineString", "coordinates": [[124.456481, 11.6152546], [124.45508780000002, 11.6141219], [124.4545281, 11.612748], [124.4544918, 11.6123274]]}}, {"type": "Feature", "properties": {"waterway": "stream"}, "geometry": {"type": "LineString", "coordinates": [[124.47922110000002, 11.6138867], [124.4785377, 11.6141419], [124.47784520000002, 11.6138047], [124.4773258, 11.6137683], [124.4766515, 11.6140872], [124.4752118, 11.6141692]]}}, {"type": "Feature", "properties": {"waterway": "stream"}, "geometry": {"type": "LineString", "coordinates": [[124.47759, 11.6166568], [124.4752118, 11.6141692]]}}, {"type": "Feature", "properties": {"waterway": "stream"}, "geometry": {"type": "LineString", "coordinates": [[124.44713770000001, 11.6220693], [124.44628119999999, 11.6213768], [124.4458438, 11.6206752], [124.4454338, 11.6205112], [124.4450693, 11.6204565], [124.444204, 11.6207245], [124.4439267, 11.620477], [124.4430085, 11.620308], [124.4425094, 11.6199579], [124.44206280000002, 11.6200373], [124.44024910000002, 11.619539], [124.4399866, 11.6190779], [124.43988430000002, 11.6182438], [124.4397426, 11.6181351]]}}, {"type": "Feature", "properties": {"waterway": "stream"}, "geometry": {"type": "LineString", "coordinates": [[124.4538988, 11.624566], [124.4540082, 11.6231445], [124.45368010000001, 11.6218689], [124.451876, 11.6182605], [124.45216220000002, 11.6161878]]}}, {"type": "Feature", "properties": {"waterway": "stream"}, "geometry": {"type": "LineString", "coordinates": [[124.4595392, 11.6251947], [124.4591565, 11.6242289], [124.45932050000002, 11.6230261], [124.45991280000001, 11.6219873], [124.45994010000001, 11.6216319], [124.4602043, 11.6211399], [124.4608331, 11.6208392], [124.46117250000002, 11.6208206]]}}, {"type": "Feature", "properties": {"waterway": "stream"}, "geometry": {"type": "LineString", "coordinates": [[124.4729703, 11.6226434], [124.4702458, 11.6245569], [124.46991770000001, 11.6246936], [124.46845980000002, 11.6247938], [124.4678858, 11.6250945], [124.4668276, 11.6253971]]}}, {"type": "Feature", "properties": {"waterway": "stream"}, "geometry": {"type": "LineString", "coordinates": [[124.4766404, 11.6256261], [124.4764319, 11.6255642], [124.4760591, 11.6257128], [124.47563580000002, 11.6260903], [124.4749344, 11.6262512], [124.4745679, 11.6267958], [124.472527, 11.6274147], [124.4723311, 11.6276747]]}}, {"type": "Feature", "properties": {"waterway": "river"}, "geometry": {"type": "LineString", "coordinates": [[124.4697911, 11.6285968], [124.4693993, 11.6284297], [124.4689507, 11.6279594], [124.468698, 11.6274642], [124.468382, 11.6262017], [124.4668276, 11.6253971]]}}, {"type": "Feature", "properties": {"waterway": "river"}, "geometry": {"type": "LineString", "coordinates": [[124.4723311, 11.6276747], [124.4725839, 11.6281512], [124.4724575, 11.6282874], [124.471952, 11.6282379], [124.4715287, 11.6278975], [124.4712317, 11.6279408], [124.47051140000002, 11.6285287], [124.4697911, 11.6285968]]}}, {"type": "Feature", "properties": {"waterway": "stream"}, "geometry": {"type": "LineString", "coordinates": [[124.47425, 11.6302159], [124.47294109999999, 11.6294822], [124.47294109999999, 11.6292395], [124.47260839999998, 11.628567], [124.47275, 11.6281372], [124.4723311, 11.6276747]]}}, {"type": "Feature", "properties": {"waterway": "stream"}, "geometry": {"type": "LineString", "coordinates": [[124.47232330000001, 11.6308168], [124.47294109999999, 11.6294822]]}}, {"type": "Feature", "properties": {"waterway": "stream"}, "geometry": {"type": "LineString", "coordinates": [[124.4710567, 11.6362749], [124.4702184, 11.6355824], [124.4697993, 11.6344708]]}}, {"type": "Feature", "properties": {"waterway": "stream"}, "geometry": {"type": "LineString", "coordinates": [[124.46435940000002, 11.6439472], [124.46444139999998, 11.643519], [124.46564419999999, 11.641241], [124.46639140000002, 11.6402295], [124.4666739, 11.639045], [124.4673664, 11.6385438], [124.4675395, 11.6368034], [124.4697993, 11.6344708], [124.4697993, 11.6337236], [124.46866030000001, 11.6323841], [124.4685509, 11.6316369], [124.46907940000001, 11.6311358], [124.4703187, 11.6307166], [124.4697911, 11.6285968]]}}, {"type": "Feature", "properties": {"waterway": "stream"}, "geometry": {"type": "LineString", "coordinates": [[124.4613342, 11.6405211], [124.46150740000002, 11.6388354], [124.4626372, 11.6380609], [124.4629197, 11.6374139], [124.4633753, 11.6370221], [124.4636213, 11.6365574], [124.4638036, 11.6351177], [124.4651795, 11.6342065], [124.4658264, 11.63335], [124.4667741, 11.6333955], [124.4683049, 11.6330948], [124.46866030000001, 11.6323841]]}}, {"type": "Feature", "properties": {"waterway": "stream"}, "geometry": {"type": "LineString", "coordinates": [[124.4541722, 11.6378058], [124.45335210000002, 11.637259], [124.4517757, 11.6364936], [124.4504272, 11.6366941], [124.44912410000002, 11.6366303], [124.4477847, 11.6363569], [124.446837, 11.6358011], [124.44492810000001, 11.6357058]]}}, {"type": "Feature", "properties": {"waterway": "river"}, "geometry": {"type": "LineString", "coordinates": [[124.443876, 11.6392187], [124.4439899, 11.6388762], [124.4453036, 11.6371507], [124.44536280000001, 11.6363676], [124.44492810000001, 11.6357058]]}}, {"type": "Feature", "properties": {"waterway": "stream"}, "geometry": {"type": "LineString", "coordinates": [[124.44580740000002, 11.6288487], [124.4453609, 11.6285024], [124.4441854, 11.6284568], [124.44159759999998, 11.6263337], [124.4408413, 11.6259875], [124.4403857, 11.6254043], [124.43988460000001, 11.6240284], [124.4391921, 11.6231263], [124.4388276, 11.6221787], [124.4388458, 11.6215317], [124.438372, 11.6205294], [124.4383993, 11.6188346], [124.43860890000002, 11.6185976], [124.4397426, 11.6181351]]}}, {"type": "Feature", "properties": {"waterway": "river"}, "geometry": {"type": "LineString", "coordinates": [[124.44492810000001, 11.6357058], [124.4441314, 11.6349503], [124.4439835, 11.6342502], [124.4442054, 11.6337674], [124.44334129999999, 11.633391], [124.4430322, 11.6328112], [124.4422577, 11.6326817], [124.44173730000001, 11.632214], [124.4412856, 11.6314863], [124.4411848, 11.630974], [124.4399402, 11.630375], [124.439554, 11.6303698], [124.4390337, 11.6295974], [124.4386051, 11.628319], [124.4380105, 11.6279147], [124.4376839, 11.6278422], [124.43715170000002, 11.6273234], [124.4370223, 11.6255852], [124.4358576, 11.6244263], [124.4359254, 11.6234727], [124.43525380000001, 11.623358], [124.43486550000002, 11.6236538], [124.43468070000002, 11.6236296], [124.4341199, 11.6225492], [124.4337379, 11.622181], [124.4327704, 11.6221146], [124.43245, 11.6222776], [124.43215420000001, 11.6221569], [124.432031, 11.6213481], [124.43175979999998, 11.6209558], [124.43118060000002, 11.6206842], [124.4307692, 11.6198583], [124.4305172, 11.6197388], [124.43012690000002, 11.6198742], [124.4298504, 11.6204078], [124.42943579999998, 11.6204795], [124.42802910000002, 11.6201211], [124.42742739999998, 11.619699], [124.4267769, 11.6194681], [124.42642730000001, 11.6195477], [124.42585, 11.61993], [124.424792, 11.6199045], [124.4237942, 11.6195893], [124.4218845, 11.6197049], [124.4217236, 11.6202723], [124.4207151, 11.6205666], [124.420479, 11.6208819], [124.4203396, 11.621607], [124.4197924, 11.6219643], [124.4190843, 11.6220588], [124.4187088, 11.6226053], [124.4182152, 11.6226894], [124.4170351, 11.6224267], [124.4164664, 11.6226263], [124.4162197, 11.6225843], [124.4154794, 11.6219012], [124.4148035, 11.6219012], [124.4144065, 11.6217436], [124.4141061, 11.6214493], [124.4126363, 11.6210185], [124.4122178, 11.6209975], [124.4115634, 11.6214178], [124.4111449, 11.6215124], [124.41072650000001, 11.6219433], [124.4103939, 11.6218907], [124.4099111, 11.6215229], [124.4097073, 11.6210605], [124.40969650000001, 11.620409], [124.4094605, 11.6199781], [124.409085, 11.6198835], [124.4087095, 11.6200306], [124.4085841, 11.620242], [124.4083788, 11.6202177], [124.4083965, 11.6208521], [124.4080249, 11.6211988], [124.4077417, 11.6212022], [124.40751170000001, 11.6210948], [124.4070268, 11.6196873], [124.4067724, 11.6195269], [124.40658130000001, 11.6194846], [124.4060144, 11.6199494], [124.4057186, 11.6199675], [124.4054044, 11.6197382], [124.4047265, 11.6186276], [124.40415959999999, 11.6180602], [124.4036975, 11.6178912], [124.40281630000001, 11.6181205], [124.4021942, 11.6177539], [124.4017544, 11.6171654], [124.4014432, 11.6163667], [124.40100330000001, 11.6158518], [124.399555, 11.6160199], [124.39922239999999, 11.6162827], [124.39905070000002, 11.6162511], [124.3986667, 11.6156397], [124.398773, 11.614998], [124.39851820000001, 11.6143972], [124.398396, 11.6143465], [124.3981317, 11.6143682], [124.3979414, 11.6145902], [124.39772480000002, 11.6152136], [124.3965294, 11.6160199], [124.3961861, 11.6160935], [124.39494160000001, 11.6152212], [124.3943085, 11.6135082], [124.3939545, 11.6133191], [124.3932357, 11.6135608], [124.39281719999998, 11.6145907], [124.39244170000002, 11.614969], [124.3918624, 11.6151372], [124.39089180000002, 11.6150843]]}}, {"type": "Feature", "properties": {"waterway": "river"}, "geometry": {"type": "LineString", "coordinates": [[124.41859370000002, 11.6553357], [124.4179607, 11.6556197], [124.4178793, 11.6555538], [124.41678490000001, 11.6540304], [124.41637830000002, 11.6537278], [124.41570750000001, 11.6528996], [124.4163824, 11.6523382], [124.4166548, 11.6517449], [124.4165003, 11.6512034], [124.41687240000002, 11.6506914], [124.4166775, 11.649841], [124.4170584, 11.6489559], [124.4166066, 11.6473072], [124.4165357, 11.6462486], [124.4169875, 11.6454937], [124.4165446, 11.6438884], [124.415508, 11.6427429], [124.41465740000001, 11.6420834], [124.4142765, 11.6413979], [124.4140372, 11.6404087], [124.4135411, 11.6393847], [124.4122919, 11.6387599], [124.41207609999998, 11.6383738], [124.41209610000001, 11.6378046], [124.4124383, 11.6369069], [124.4123088, 11.6367124], [124.41166139999999, 11.6364573], [124.41100580000001, 11.6363924], [124.4104933, 11.6365732], [124.4096508, 11.6364857], [124.40956960000001, 11.6362296], [124.4098731, 11.6356273], [124.40982880000001, 11.6348289], [124.4091732, 11.6340132], [124.4063168, 11.6340199], [124.403963, 11.6347385], [124.40281480000002, 11.6338542], [124.4015806, 11.6322895], [124.40116089999998, 11.6323632], [124.40006450000001, 11.6330136], [124.39971640000002, 11.6330811], [124.399241, 11.6326773], [124.3985871, 11.6318151], [124.3989942, 11.6298958], [124.39884360000002, 11.6293057], [124.3983563, 11.6286115], [124.39561240000002, 11.6269236], [124.3954767, 11.6265899], [124.395893, 11.6255865], [124.3958438, 11.6253351], [124.3947973, 11.624381], [124.39432770000002, 11.6236694], [124.39404420000001, 11.6222028], [124.39406190000001, 11.6212395], [124.39506310000002, 11.6205019], [124.39627690000002, 11.6200332], [124.3965249, 11.6196254], [124.39528459999998, 11.6186794], [124.3940531, 11.6182542], [124.39363659999998, 11.6178724], [124.3935658, 11.6173169], [124.393929, 11.6160499], [124.39386860000002, 11.6156265], [124.39354419999998, 11.6154175], [124.3929672, 11.6152991], [124.3920932, 11.6155579], [124.3917761, 11.6155062], [124.39089180000002, 11.6150843]]}}, {"type": "Feature", "properties": {"waterway": "stream"}, "geometry": {"type": "LineString", "coordinates": [[124.4378652, 11.638306], [124.4360883, 11.6380966], [124.4354126, 11.6378876], [124.43472720000001, 11.6373957], [124.43317810000002, 11.6371953], [124.43239450000002, 11.6374322], [124.43182960000001, 11.6377966], [124.431374, 11.6382887], [124.43033519999999, 11.6387443], [124.4297156, 11.6387443], [124.428203, 11.6380518], [124.4267815, 11.6381794], [124.42536, 11.6380518], [124.4249227, 11.6378331], [124.4244306, 11.6364663], [124.42295450000002, 11.6344799], [124.4213507, 11.6332589], [124.42085869999998, 11.6332224], [124.41989280000001, 11.6334593], [124.4179064, 11.6350813], [124.4171774, 11.6351542], [124.4164667, 11.6349173], [124.4154826, 11.6337145], [124.4147901, 11.6332589], [124.4129313, 11.6333682], [124.4121658, 11.6330766], [124.41150980000002, 11.63335], [124.4101794, 11.6334047], [124.40974209999999, 11.6335505], [124.4091732, 11.6340132]]}}, {"type": "Feature", "properties": {"waterway": "stream"}, "geometry": {"type": "LineString", "coordinates": [[124.43137740000002, 11.6430026], [124.4309465, 11.6428195], [124.4306213, 11.6428434], [124.4300683, 11.6433292], [124.4293772, 11.6436955], [124.4286129, 11.6436636], [124.4282633, 11.6435282], [124.4276587, 11.6422977], [124.42747470000002, 11.6414172], [124.4269084, 11.6412231], [124.4262855, 11.641334], [124.42492660000002, 11.6423151], [124.4241948, 11.6425381], [124.4223572, 11.6426974], [124.42179619999999, 11.6425859], [124.42115380000001, 11.6420683], [124.4205684, 11.6420603], [124.4202269, 11.6416223], [124.41938940000001, 11.6415267], [124.41907230000001, 11.6416223], [124.4183649, 11.6411923], [124.4179502, 11.6411286], [124.41729979999998, 11.6412639], [124.41711280000001, 11.6411445], [124.41704770000001, 11.6406268], [124.4166899, 11.6400296], [124.4164948, 11.6399579], [124.416007, 11.640149], [124.4156329, 11.6401092], [124.4148361, 11.6394243], [124.414023, 11.6393845], [124.4131443, 11.6391688]]}}, {"type": "Feature", "properties": {"waterway": "stream"}, "geometry": {"type": "LineString", "coordinates": [[124.4384813, 11.6428082], [124.4374243, 11.6425349], [124.4361669, 11.642462], [124.4323763, 11.6425167], [124.43137740000002, 11.6430026]]}}, {"type": "Feature", "properties": {"waterway": "stream"}, "geometry": {"type": "LineString", "coordinates": [[124.4375701, 11.6460157], [124.43656780000002, 11.6458152], [124.4358571, 11.6458517], [124.43345150000002, 11.6462344], [124.43323280000001, 11.6463984], [124.4313011, 11.6465624], [124.43082720000001, 11.6463802], [124.43018939999999, 11.6458334], [124.42895020000002, 11.6458152], [124.42834879999998, 11.6458699], [124.4270366, 11.6463255], [124.4264899, 11.64669], [124.4251413, 11.6471638], [124.4245035, 11.6472002], [124.423975, 11.6470544], [124.4237381, 11.6465806], [124.42295450000002, 11.645633], [124.4213325, 11.6451045], [124.4201844, 11.6439564], [124.4195648, 11.6431727], [124.41927320000002, 11.6425713], [124.41907230000001, 11.6416223]]}}, {"type": "Feature", "properties": {"waterway": "stream"}, "geometry": {"type": "LineString", "coordinates": [[124.3980058, 11.6641668], [124.39864360000001, 11.663456], [124.3991904, 11.6624173], [124.40008330000002, 11.6591005], [124.40170530000002, 11.6570412], [124.40229760000001, 11.6546174], [124.4020151, 11.6537609], [124.4028807, 11.6521207], [124.4027623, 11.6515284], [124.40217910000001, 11.6503803], [124.401359, 11.6492322], [124.4011859, 11.6484486], [124.4012406, 11.648157], [124.40236129999998, 11.6466262], [124.4024342, 11.646371], [124.40227020000002, 11.6450407], [124.4025254, 11.6426351], [124.40301740000001, 11.6420337], [124.403473, 11.6407945], [124.4037555, 11.6389994], [124.40352770000001, 11.6381247], [124.4032817, 11.6358376], [124.4033363, 11.6352908], [124.4037097, 11.6345968]]}}, {"type": "Feature", "properties": {"waterway": "stream"}, "geometry": {"type": "LineString", "coordinates": [[124.4104187, 11.6519114], [124.41068020000002, 11.6517604], [124.4110398, 11.6520486], [124.41153020000002, 11.6519297], [124.411745, 11.6522453], [124.41256740000001, 11.6528056], [124.4136732, 11.6521804], [124.4152669, 11.6525587], [124.4156084, 11.6523795], [124.41610029999998, 11.6516429], [124.41648, 11.6513229]]}}, {"type": "Feature", "properties": {"waterway": "stream"}, "geometry": {"type": "LineString", "coordinates": [[124.4396385, 11.6509544], [124.4387638, 11.6511731], [124.4384267, 11.6518291], [124.4377706, 11.6524214], [124.4373697, 11.6525763], [124.4364585, 11.6525034], [124.43613950000001, 11.6526036], [124.435693, 11.6531777], [124.4350825, 11.6535877], [124.43286830000001, 11.6527039], [124.431292, 11.6526674], [124.43071790000002, 11.6529772], [124.4300983, 11.6535969], [124.4285219, 11.6557564], [124.4276927, 11.6556379], [124.4268362, 11.6560662], [124.426335, 11.655884], [124.4255514, 11.6560389], [124.4243486, 11.6556653], [124.4233372, 11.6556379], [124.42197040000002, 11.655966], [124.4213325, 11.6559569], [124.42094980000002, 11.6561209], [124.42016620000001, 11.6559204], [124.4194099, 11.655483], [124.41859370000002, 11.6553357]]}}, {"type": "Feature", "properties": {"waterway": "stream"}, "geometry": {"type": "LineString", "coordinates": [[124.44546789999998, 11.6548787], [124.4437116, 11.6541142], [124.4422968, 11.6540505], [124.4413699, 11.6545124], [124.4406706, 11.6547035], [124.4404592, 11.6549583], [124.43964610000002, 11.655261], [124.4391745, 11.655245], [124.4386379, 11.6556273], [124.4381175, 11.6564395], [124.4370442, 11.6576977], [124.4327673, 11.6592744], [124.4320193, 11.6598478], [124.4316453, 11.6603096], [124.4311574, 11.6605963], [124.4293036, 11.6603893], [124.42878319999998, 11.6605007], [124.42803510000002, 11.6612015], [124.4274172, 11.6614563], [124.4257585, 11.6618385], [124.4251243, 11.6617589], [124.4235794, 11.6620934], [124.423368, 11.6624597], [124.4234168, 11.663256], [124.42385580000001, 11.6635426], [124.42424610000002, 11.664116], [124.4246852, 11.664323], [124.424799, 11.6646415], [124.4246364, 11.6650875], [124.4243274, 11.6652467], [124.42400220000002, 11.6656767], [124.4235306, 11.665836], [124.4233355, 11.6663615], [124.4233517, 11.6670623], [124.42314030000001, 11.6678745], [124.4233399, 11.6686844]]}}, {"type": "Feature", "properties": {"waterway": "stream"}, "geometry": {"type": "LineString", "coordinates": [[124.41741439999998, 11.6655518], [124.41969240000002, 11.6655518], [124.4201844, 11.6656612], [124.4222802, 11.6672102], [124.4232879, 11.6673075]]}}, {"type": "Feature", "properties": {"waterway": "stream"}, "geometry": {"type": "LineString", "coordinates": [[124.427638, 11.668012], [124.42610720000002, 11.6685497], [124.42463110000001, 11.66947], [124.423397, 11.6697582]]}}, {"type": "Feature", "properties": {"waterway": "stream"}, "geometry": {"type": "LineString", "coordinates": [[124.4015686, 11.6696978], [124.40224290000002, 11.6702171], [124.4034366, 11.6702718], [124.4041564, 11.671183], [124.4049218, 11.6715475], [124.4055597, 11.6715384], [124.40635240000002, 11.6712468], [124.4087671, 11.6715839], [124.409733, 11.6710737], [124.41072620000001, 11.6710463], [124.41131840000001, 11.6707821], [124.4118743, 11.6708459], [124.4123299, 11.6707001], [124.4125303, 11.669962], [124.41271260000002, 11.6698709], [124.41462610000002, 11.6695793], [124.4152366, 11.6693606], [124.41566490000001, 11.6693333], [124.4163483, 11.6695429], [124.41765130000002, 11.6694609], [124.41809780000001, 11.6691784], [124.4188905, 11.6690964], [124.4194281, 11.6695611], [124.4195557, 11.6698527], [124.4198199, 11.6699165], [124.4207585, 11.6684676], [124.4210136, 11.6682945], [124.42223459999998, 11.6680394], [124.42261730000001, 11.6681305], [124.4233399, 11.6686844]]}}, {"type": "Feature", "properties": {"waterway": "river"}, "geometry": {"type": "LineString", "coordinates": [[124.4233399, 11.6686844], [124.4233258, 11.6693915], [124.423708, 11.6715404], [124.4241186, 11.67179], [124.4242743, 11.672497], [124.4236655, 11.6739805], [124.4236797, 11.6750757], [124.42383540000002, 11.6756719], [124.42353810000002, 11.6763512], [124.4230851, 11.6765176], [124.42246220000001, 11.6769751], [124.4223348, 11.6773355], [124.4223914, 11.6775851], [124.4226462, 11.6778346], [124.4227029, 11.6782505], [124.4220234, 11.679013], [124.421995, 11.6793735]]}}, {"type": "Feature", "properties": {"waterway": "stream"}, "geometry": {"type": "LineString", "coordinates": [[124.41583530000001, 11.6756057], [124.4170307, 11.6757626], [124.4177455, 11.6762333], [124.4180043, 11.6770902], [124.4186329, 11.6777782], [124.4191416, 11.6780297], [124.41971030000002, 11.6780822], [124.4208368, 11.6790593], [124.421995, 11.6793735]]}}, {"type": "Feature", "properties": {"waterway": "stream"}, "geometry": {"type": "LineString", "coordinates": [[124.4360211, 11.6760671], [124.43667710000001, 11.6765956], [124.4375701, 11.678746], [124.43952010000001, 11.6808782]]}}, {"type": "Feature", "properties": {"waterway": "stream"}, "geometry": {"type": "LineString", "coordinates": [[124.4401944, 11.6766867], [124.4400486, 11.6789647], [124.43952010000001, 11.6808782]]}}, {"type": "Feature", "properties": {"waterway": "stream"}, "geometry": {"type": "LineString", "coordinates": [[124.40212440000002, 11.6775614], [124.4015048, 11.6784726], [124.3995002, 11.6802404], [124.3987712, 11.6824637]]}}, {"type": "Feature", "properties": {"waterway": "stream"}, "geometry": {"type": "LineString", "coordinates": [[124.3962198, 11.6779259], [124.396074, 11.6788007], [124.39618340000001, 11.6792927], [124.3981516, 11.6820445], [124.3987712, 11.6824637], [124.3989717, 11.6828464], [124.3991904, 11.6839763], [124.39990109999998, 11.6852337], [124.40017439999998, 11.6861267], [124.40021090000002, 11.6875664], [124.400028, 11.6878775]]}}, {"type": "Feature", "properties": {"waterway": "river"}, "geometry": {"type": "LineString", "coordinates": [[124.46798050000001, 11.6621317], [124.4678947, 11.6624469], [124.46759430000002, 11.6627201], [124.4674763, 11.6634136], [124.4678518, 11.6649266], [124.46843109999999, 11.6655886], [124.4688603, 11.6663976], [124.4688066, 11.6667864], [124.4689247, 11.6670281], [124.4687852, 11.6679422], [124.46864569999998, 11.6684465], [124.4682917, 11.6686357], [124.46827020000002, 11.669182], [124.4680342, 11.6697389], [124.4676694, 11.6700016], [124.46679140000002, 11.6701203], [124.46634530000001, 11.6707886], [124.466424, 11.6715083], [124.4661353, 11.6724593], [124.4664765, 11.6735517], [124.4671195, 11.6745027], [124.46726390000002, 11.6750297], [124.46761560000002, 11.6777161], [124.4676175, 11.6781551], [124.46734910000002, 11.6788934], [124.4677729, 11.6793137], [124.46754219999998, 11.6800124], [124.46800320000001, 11.6803144]]}}, {"type": "Feature", "properties": {"waterway": "stream"}, "geometry": {"type": "LineString", "coordinates": [[124.4448871, 11.6691784], [124.4447048, 11.669634], [124.4451149, 11.6710828], [124.44507840000001, 11.6716568], [124.444723, 11.6723129], [124.44453170000001, 11.6743358]]}}, {"type": "Feature", "properties": {"waterway": "stream"}, "geometry": {"type": "LineString", "coordinates": [[124.44180720000001, 11.671265], [124.44331069999998, 11.6738802], [124.443584, 11.6741626], [124.44453170000001, 11.6743358]]}}, {"type": "Feature", "properties": {"waterway": "stream"}, "geometry": {"type": "LineString", "coordinates": [[124.47787250000002, 11.6642761], [124.47829170000001, 11.6663719], [124.47826430000002, 11.6669642], [124.47784520000002, 11.6679118], [124.4777905, 11.6695702], [124.4780639, 11.6713015], [124.4787199, 11.6732788], [124.4787655, 11.6754201], [124.477827, 11.6772243], [124.4777996, 11.6775523], [124.47843750000001, 11.679803], [124.47838280000002, 11.6803406], [124.4778634, 11.6816527], [124.4778361, 11.6828737], [124.47838280000002, 11.6837758], [124.4788747, 11.6841628]]}}, {"type": "Feature", "properties": {"waterway": "stream"}, "geometry": {"type": "LineString", "coordinates": [[124.4567873, 11.6630004], [124.45809040000002, 11.6639208], [124.4581997, 11.6651418], [124.45868260000002, 11.6662261], [124.4587555, 11.6668639], [124.4582817, 11.6682672], [124.4583819, 11.6691419], [124.458063, 11.6705907], [124.45809040000002, 11.6714746], [124.4577441, 11.6725589], [124.4575345, 11.6737799], [124.4580357, 11.6756843], [124.4580812, 11.6764406], [124.459685, 11.6797848], [124.4601041, 11.6820172], [124.460013, 11.6828008], [124.45927490000001, 11.6855891], [124.459284, 11.6859354], [124.45964849999999, 11.6866734], [124.4594935, 11.6876433]]}}, {"type": "Feature", "properties": {"waterway": "stream"}, "geometry": {"type": "LineString", "coordinates": [[124.4495068, 11.6746091], [124.4486503, 11.6757026], [124.44810359999998, 11.6770876], [124.4476662, 11.6777619], [124.4464361, 11.6787095]]}}, {"type": "Feature", "properties": {"waterway": "stream"}, "geometry": {"type": "LineString", "coordinates": [[124.4844607, 11.6700928], [124.4839647, 11.6717013], [124.4841436, 11.6720755], [124.483485, 11.6742334], [124.4835582, 11.6745917], [124.4830459, 11.6752686], [124.4824767, 11.6754517], [124.4821759, 11.6760808], [124.4819807, 11.6778963], [124.4816311, 11.6782625], [124.4809481, 11.678597], [124.4808099, 11.6791862], [124.4809075, 11.6795764], [124.4813303, 11.6799426], [124.4812652, 11.6803965], [124.48036270000001, 11.6807469], [124.48011880000001, 11.6809857], [124.4796716, 11.6824668], [124.479452, 11.6828012], [124.47939510000002, 11.6830958], [124.4795415, 11.6837408], [124.4794195, 11.6839796], [124.4790536, 11.6840115], [124.4788747, 11.6841628]]}}, {"type": "Feature", "properties": {"waterway": "stream"}, "geometry": {"type": "LineString", "coordinates": [[124.4430555, 11.6788918], [124.4430555, 11.6799852], [124.4425817, 11.6816618], [124.44261820000001, 11.6830469], [124.4429644, 11.6841403], [124.44453170000001, 11.6862452]]}}, {"type": "Feature", "properties": {"waterway": "stream"}, "geometry": {"type": "LineString", "coordinates": [[124.44453170000001, 11.6743358], [124.44608980000001, 11.6781264], [124.4464361, 11.6787095], [124.4464179, 11.6820719], [124.44660010000001, 11.6830833], [124.446509, 11.6842587], [124.4466912, 11.6857258], [124.4464725, 11.6868557], [124.4465546, 11.6883409], [124.4459987, 11.6898991], [124.4458985, 11.6910654], [124.44547020000002, 11.6914846], [124.4451149, 11.6915757]]}}, {"type": "Feature", "properties": {"waterway": "stream"}, "geometry": {"type": "LineString", "coordinates": [[124.4516846, 11.6807962], [124.45143859999999, 11.6819261], [124.4515115, 11.6821812], [124.451712, 11.6826368], [124.45227689999999, 11.6832291], [124.4524045, 11.6841494], [124.45298760000001, 11.6853522], [124.45365279999999, 11.6859991], [124.4538168, 11.686391], [124.45517450000001, 11.6872475]]}}, {"type": "Feature", "properties": {"waterway": "stream"}, "geometry": {"type": "LineString", "coordinates": [[124.41024529999999, 11.6787349], [124.4107413, 11.6791092], [124.4111316, 11.679778], [124.41182270000002, 11.6802877], [124.4124163, 11.6805425], [124.4141807, 11.6807176], [124.4165387, 11.681498], [124.41697770000002, 11.6819996], [124.41715660000001, 11.6826446], [124.41734359999998, 11.6828197], [124.41907550000002, 11.6827481], [124.4194577, 11.682971], [124.41979659999998, 11.6835972], [124.42089880000002, 11.684713], [124.421291, 11.6853807], [124.42119760000001, 11.6861399], [124.4213471, 11.6866246], [124.4220648, 11.6871499]]}}, {"type": "Feature", "properties": {"waterway": "stream"}, "geometry": {"type": "LineString", "coordinates": [[124.4042931, 11.6859991], [124.402416, 11.6876758], [124.40144379999998, 11.6898871]]}}, {"type": "Feature", "properties": {"waterway": "stream"}, "geometry": {"type": "LineString", "coordinates": [[124.43952010000001, 11.6808782], [124.43977519999999, 11.6825548], [124.43931960000002, 11.6841039], [124.4392467, 11.6849786], [124.439028, 11.6856347], [124.4379346, 11.6875846], [124.43782520000002, 11.6891883], [124.4370781, 11.6905551], [124.43704160000001, 11.6913388], [124.43736960000001, 11.6925598], [124.4372056, 11.6933434], [124.4367865, 11.693963], [124.4356566, 11.694692], [124.43439909999998, 11.6950929], [124.4340893, 11.6953481], [124.4338342, 11.6957125], [124.4338655, 11.6967754]]}}, {"type": "Feature", "properties": {"waterway": "river"}, "geometry": {"type": "LineString", "coordinates": [[124.421995, 11.6793735], [124.4221224, 11.6796092], [124.42348149999998, 11.6797755], [124.423708, 11.6799974], [124.4242884, 11.6812312], [124.4246565, 11.6828117], [124.4250954, 11.6829226], [124.4268508, 11.6829364], [124.4273321, 11.6827285], [124.4277144, 11.6831444], [124.4276861, 11.6834771], [124.42719060000002, 11.6842119], [124.42644030000001, 11.684406], [124.4241893, 11.6846139], [124.42393449999999, 11.6848219], [124.4238779, 11.6858588], [124.4235521, 11.6863438], [124.4220648, 11.6871499], [124.4220199, 11.6874916], [124.4223906, 11.6878859], [124.4224683, 11.6891291], [124.42186060000002, 11.6899941], [124.42161, 11.6907119], [124.4216584, 11.6916039], [124.4209785, 11.6928927], [124.42108060000001, 11.6931936], [124.4215599, 11.69354], [124.42264529999999, 11.6940537], [124.4227251, 11.6943805], [124.4226342, 11.6962694], [124.4228223, 11.6965751], [124.425864, 11.6977231], [124.4270259, 11.6979434], [124.4274591, 11.6978308], [124.4278121, 11.6982004], [124.42768089999998, 11.6987265], [124.4270756, 11.6995854], [124.427123, 11.6997857], [124.4277113, 11.7002903], [124.4274805, 11.7014741], [124.4275946, 11.7022463], [124.4273618, 11.704188], [124.42769160000002, 11.7047108], [124.4285508, 11.7049739]]}}, {"type": "Feature", "properties": {"waterway": "stream"}, "geometry": {"type": "LineString", "coordinates": [[124.3963683, 11.6856526], [124.396701, 11.6860824], [124.3979185, 11.6864497], [124.3987459, 11.6870318], [124.399116, 11.687494], [124.400028, 11.6878775], [124.400435, 11.6889771], [124.400888, 11.6894527], [124.4012476, 11.6896265], [124.40161650000002, 11.690317], [124.40253649999998, 11.6912545], [124.40227030000001, 11.6916021], [124.4018218, 11.6918825], [124.4016839, 11.6922206], [124.4016253, 11.6931087], [124.401305, 11.6935061], [124.4011634, 11.6940121], [124.4007671, 11.6943379], [124.4007104, 11.6945043], [124.400852, 11.6948855], [124.40068919999999, 11.6954331], [124.4004556, 11.6955717], [124.4000804, 11.6961401], [124.40032820000002, 11.696549], [124.3998256, 11.697457], [124.3993189, 11.6979259], [124.3990384, 11.6988057], [124.3986725, 11.698953], [124.3984278, 11.6992564]]}}, {"type": "Feature", "properties": {"waterway": "stream"}, "geometry": {"type": "LineString", "coordinates": [[124.4314286, 11.6828464], [124.4315744, 11.6831927], [124.43117349999999, 11.6843772], [124.43117349999999, 11.684851], [124.4310277, 11.6851791], [124.4303899, 11.6858169], [124.4299889, 11.6865823], [124.4294058, 11.6891883], [124.4289319, 11.6900449], [124.4288226, 11.6905551], [124.4289319, 11.6913935], [124.4298796, 11.6918855], [124.4302258, 11.6925598], [124.43091840000001, 11.6940724], [124.43082720000001, 11.6947649], [124.4302805, 11.6972707], [124.429506, 11.6984917], [124.4297065, 11.6992298], [124.4293602, 11.7002503], [124.4294422, 11.7007515], [124.4288408, 11.7015989], [124.4275384, 11.7018657]]}}, {"type": "Feature", "properties": {"waterway": "stream"}, "geometry": {"type": "LineString", "coordinates": [[124.4112182, 11.6841767], [124.411774, 11.6856802], [124.41399739999999, 11.6868192], [124.4144439, 11.6872657], [124.416412, 11.6912568], [124.4173324, 11.6925051], [124.41756019999998, 11.6933525], [124.4178153, 11.6936623], [124.4195284, 11.6947102], [124.42011150000002, 11.6961955], [124.420148, 11.697216], [124.4202938, 11.6974256], [124.4215512, 11.6980634], [124.4215057, 11.6998585], [124.42154210000001, 11.7000863], [124.42187930000001, 11.7003688], [124.4219886, 11.7010339], [124.42166060000001, 11.7022276], [124.4211776, 11.7032117], [124.4212961, 11.7044601], [124.420886, 11.7056446], [124.4209589, 11.7058815], [124.4205216, 11.7062369], [124.4205216, 11.7066743]]}}, {"type": "Feature", "properties": {"waterway": "stream"}, "geometry": {"type": "LineString", "coordinates": [[124.4338655, 11.6967754], [124.4338736, 11.697824], [124.4341576, 11.6979667], [124.4342599, 11.6991547], [124.4337913, 11.7005402], [124.4338039, 11.7016411], [124.43415359999999, 11.7020949]]}}, {"type": "Feature", "properties": {"waterway": "stream"}, "geometry": {"type": "LineString", "coordinates": [[124.423791, 11.6991859], [124.4238716, 11.6998508], [124.4235976, 11.7001621], [124.4239391, 11.7007625], [124.4240345, 11.7014648], [124.4236761, 11.7017824], [124.4237159, 11.7024915], [124.42391970000001, 11.7027007], [124.42424140000001, 11.7026488], [124.42465960000001, 11.7030173], [124.4253988, 11.7032905], [124.4256645, 11.7036769]]}}, {"type": "Feature", "properties": {"waterway": "stream"}, "geometry": {"type": "LineString", "coordinates": [[124.4256645, 11.7036769], [124.4256207, 11.7043866]]}}, {"type": "Feature", "properties": {"waterway": "stream"}, "geometry": {"type": "LineString", "coordinates": [[124.455375, 11.6823361], [124.45583969999998, 11.6840309], [124.45534760000001, 11.6858442], [124.45517450000001, 11.6872475]]}}, {"type": "Feature", "properties": {"waterway": "stream"}, "geometry": {"type": "LineString", "coordinates": [[124.44453170000001, 11.6862452], [124.444231, 11.6871564], [124.4442219, 11.6878124], [124.4439303, 11.688833], [124.44393940000002, 11.689243], [124.444067, 11.6898353], [124.4448871, 11.6908741], [124.4451149, 11.6915757]]}}, {"type": "Feature", "properties": {"waterway": "stream"}, "geometry": {"type": "LineString", "coordinates": [[124.4788747, 11.6841628], [124.47833, 11.6856836], [124.47860640000002, 11.6876264], [124.4784984, 11.6883152], [124.47893590000001, 11.6888161], [124.47943509999999, 11.6897695], [124.47960219999999, 11.6904655], [124.4794323, 11.69102], [124.47952429999998, 11.6912557], [124.48023220000002, 11.6919558], [124.4804021, 11.6922608], [124.4804406, 11.6928144], [124.481154, 11.6932215], [124.4813206, 11.6936253]]}}, {"type": "Feature", "properties": {"waterway": "stream"}, "geometry": {"type": "LineString", "coordinates": [[124.45517450000001, 11.6872475], [124.4564593, 11.6881405], [124.4568602, 11.6888603], [124.45691490000002, 11.6899264], [124.45709709999998, 11.6901451], [124.4571518, 11.6905916], [124.45738870000001, 11.6908558], [124.4571518, 11.6914299], [124.45706979999999, 11.6922591], [124.45772320000002, 11.6926672]]}}, {"type": "Feature", "properties": {"waterway": "river"}, "geometry": {"type": "LineString", "coordinates": [[124.46800320000001, 11.6803144], [124.4681036, 11.6810918], [124.46795649999999, 11.6815812], [124.4674802, 11.6818556], [124.467235, 11.6822077], [124.4676833, 11.6825118], [124.4678491, 11.6828228], [124.46761560000002, 11.6831429], [124.4676495, 11.6842313], [124.4673876, 11.6849557], [124.4667576, 11.685531], [124.46684249999998, 11.6857078], [124.4662161, 11.6871738], [124.4660568, 11.6873783], [124.4656073, 11.6875204], [124.465395, 11.6877977], [124.465218, 11.6886745], [124.46488890000002, 11.6888339], [124.4647685, 11.6890488], [124.46463759999999, 11.690092], [124.46394390000002, 11.6907852], [124.46386140000001, 11.6913319], [124.4630318, 11.692127], [124.4629347, 11.6925332], [124.462542, 11.693082], [124.4625729, 11.6937043], [124.4628729, 11.69405], [124.46279789999998, 11.6950914], [124.4632657, 11.6959383], [124.46308919999998, 11.6968804], [124.4632657, 11.6971785], [124.463782, 11.6975242], [124.46381289999998, 11.6984014], [124.46407320000002, 11.6987601], [124.4643292, 11.6996416], [124.46478810000002, 11.7005922], [124.4647616, 11.7015472], [124.46498230000002, 11.7019664], [124.4650043, 11.7030553], [124.4654059, 11.7045072], [124.4658444, 11.7053764]]}}, {"type": "Feature", "properties": {"waterway": "stream"}, "geometry": {"type": "LineString", "coordinates": [[124.4813206, 11.6936253], [124.4813581, 11.6937267]]}}, {"type": "Feature", "properties": {"waterway": "stream"}, "geometry": {"type": "LineString", "coordinates": [[124.4451149, 11.6915757], [124.44379360000002, 11.6931521], [124.44299460000002, 11.696374]]}}, {"type": "Feature", "properties": {"waterway": "stream"}, "geometry": {"type": "LineString", "coordinates": [[124.4813581, 11.6937267], [124.48158050000002, 11.6940095], [124.48137929999999, 11.6946451], [124.4815673, 11.69484]]}}, {"type": "Feature", "properties": {"waterway": "stream"}, "geometry": {"type": "LineString", "coordinates": [[124.4594935, 11.6876433], [124.459156, 11.6885949], [124.45930739999999, 11.6894824], [124.4586543, 11.6902689], [124.4584116, 11.6909343], [124.4580983, 11.6910596], [124.457957, 11.69128], [124.45772320000002, 11.6926672], [124.4574363, 11.6929135], [124.4574054, 11.6936783], [124.4570524, 11.694521], [124.45713630000002, 11.6950006], [124.4560684, 11.695705], [124.4557639, 11.6961112], [124.4557462, 11.6967594], [124.4559007, 11.6971526], [124.45556969999998, 11.6976841], [124.4554947, 11.6982026], [124.4551593, 11.6987212], [124.4551725, 11.6995854], [124.4552034, 11.6998015], [124.4556094, 11.700199], [124.4565317, 11.7024849], [124.4562493, 11.7026232], [124.455883, 11.7030466], [124.4552873, 11.7041183], [124.4553825, 11.7045253]]}}, {"type": "Feature", "properties": {"waterway": "stream"}, "geometry": {"type": "LineString", "coordinates": [[124.44299460000002, 11.696374], [124.4428033, 11.696881], [124.4420546, 11.6977794], [124.44200640000001, 11.6990222], [124.4423701, 11.7003654], [124.4433773, 11.7020417], [124.4433918, 11.7027857]]}}, {"type": "Feature", "properties": {"waterway": "stream"}, "geometry": {"type": "LineString", "coordinates": [[124.37508, 11.6569865], [124.37529869999999, 11.6561072], [124.3752349, 11.6558748], [124.374916, 11.6556152], [124.3743829, 11.6553737], [124.3730252, 11.655606], [124.372474, 11.6552643], [124.37040550000002, 11.6533691], [124.36953990000002, 11.6533144], [124.3672801, 11.652877], [124.3664874, 11.6528952], [124.36375379999998, 11.6524032], [124.36144650000001, 11.6522694]]}}, {"type": "Feature", "properties": {"waterway": "river"}, "geometry": {"type": "LineString", "coordinates": [[124.3600093, 11.6635609], [124.3596603, 11.6633936], [124.3587155, 11.6621265], [124.3584467, 11.6619334], [124.3571514, 11.6617327]]}}, {"type": "Feature", "properties": {"waterway": "stream"}, "geometry": {"type": "LineString", "coordinates": [[124.3876272, 11.6651782], [124.38698940000002, 11.6650598], [124.385249, 11.6641486], [124.38482980000002, 11.6640665], [124.38222380000002, 11.6648046], [124.3802009, 11.6658434], [124.3783968, 11.6658981], [124.37736709999999, 11.6663263], [124.3755174, 11.6667637], [124.3748249, 11.6674015], [124.37406860000002, 11.6690417], [124.3737132, 11.6691419], [124.37252860000001, 11.6689597], [124.3721004, 11.6692057], [124.37148990000001, 11.6691328], [124.3710798, 11.6692331], [124.3701504, 11.6690326], [124.3667425, 11.66988], [124.3660227, 11.6698071], [124.3644007, 11.6703812], [124.3637173, 11.6702263], [124.36318879999999, 11.6697342], [124.362879, 11.6696704], [124.36096550000002, 11.6702536], [124.3588971, 11.6711192], [124.35773070000002, 11.6719667], [124.35701090000002, 11.6732241], [124.3565188, 11.673707], [124.3563184, 11.6742082], [124.3562728, 11.6757481], [124.3560906, 11.676222], [124.35542539999999, 11.6772152], [124.3547238, 11.6779259], [124.3546053, 11.6799761], [124.3547967, 11.6805319]]}}, {"type": "Feature", "properties": {"waterway": "stream"}, "geometry": {"type": "LineString", "coordinates": [[124.36999549999999, 11.6760671], [124.369631, 11.676468], [124.367025, 11.67696], [124.3662596, 11.6781082], [124.3656821, 11.6797664], [124.365937, 11.6803913], [124.3656627, 11.6812998], [124.3657397, 11.6825628], [124.3664218, 11.6831157], [124.3664846, 11.6832888], [124.3661957, 11.6849572], [124.366276, 11.6851702], [124.36602940000002, 11.6855392]]}}, {"type": "Feature", "properties": {"waterway": "stream"}, "geometry": {"type": "LineString", "coordinates": [[124.38985970000002, 11.6810422], [124.3888027, 11.6816618], [124.38842, 11.6816983], [124.38575930000002, 11.6811333], [124.3841555, 11.6812062], [124.38349950000001, 11.6814067], [124.3823878, 11.6812974], [124.38176819999998, 11.6814431], [124.3802921, 11.6824819], [124.3770117, 11.6843043], [124.3737496, 11.6854342], [124.3731482, 11.6856893], [124.3728034, 11.6860702]]}}, {"type": "Feature", "properties": {"waterway": "stream"}, "geometry": {"type": "LineString", "coordinates": [[124.3728034, 11.6860702], [124.37225140000001, 11.6863204], [124.3717982, 11.6868326], [124.37137290000001, 11.6869577], [124.37081870000002, 11.6876124], [124.3688201, 11.6880949], [124.3680911, 11.6888694]]}}, {"type": "Feature", "properties": {"waterway": "stream"}, "geometry": {"type": "LineString", "coordinates": [[124.4256207, 11.7043866], [124.4256075, 11.7044941]]}}, {"type": "Feature", "properties": {"waterway": "stream"}, "geometry": {"type": "LineString", "coordinates": [[124.4256075, 11.7044941], [124.42554890000001, 11.7056961]]}}, {"type": "Feature", "properties": {"waterway": "stream"}, "geometry": {"type": "LineString", "coordinates": [[124.42554890000001, 11.7056961], [124.425544, 11.705782]]}}, {"type": "Feature", "properties": {"waterway": "stream"}, "geometry": {"type": "LineString", "coordinates": [[124.425544, 11.705782], [124.4256816, 11.7064723], [124.4261647, 11.7067132], [124.42669559999999, 11.7067661], [124.426708, 11.7070461]]}}]}